base_feature,tuned_feature,decoder_cosine,base_frequency,tuned_frequency,frequency_delta,frequency_delta_abs,base_mean_activation,tuned_mean_activation,mean_activation_delta,category
1843,1843,0.90974474,0.97104996,0.0035199998,-0.96752995,0.96752995,0.20375818,0.0002114713,-0.2035467,frequency_shifted
4169,4169,0.9300166,0.96774995,0.00067,-0.96707994,0.96707994,0.15798302,2.0017365e-05,-0.15796301,frequency_shifted
1440,1440,0.9440135,0.00105,0.96728,0.96623,0.96623,3.5828827e-05,0.15207516,0.15203933,frequency_shifted
3430,3430,0.9548533,0.01466,0.97385997,0.95919997,0.95919997,0.0014660103,0.17697324,0.17550723,frequency_shifted
2538,2538,0.9576758,0.97235996,0.00131,-0.97104996,0.97104996,0.2310687,4.0259732e-05,-0.23102844,frequency_shifted
3214,3214,0.9594116,0.97208,0.0008,-0.97128,0.97128,0.20372634,2.9925757e-05,-0.20369641,frequency_shifted
2599,2599,0.96444285,0.97148997,0.0138799995,-0.95760995,0.95760995,0.20721433,0.0010629899,-0.20615134,frequency_shifted
2807,2807,0.96573216,0.00802,0.97204995,0.96402997,0.96402997,9.6215896e-05,0.21062487,0.21052866,frequency_shifted
484,484,0.9665867,0.96708,0.00049999997,-0.96658,0.96658,0.1429925,1.649318e-05,-0.142976,frequency_shifted
5032,5032,0.9672121,0.0016,0.97251,0.97090995,0.97090995,5.2571904e-05,0.20234495,0.20229238,frequency_shifted
101,101,0.96973133,0.97094,0.01004,-0.9609,0.9609,0.21046433,0.00030185498,-0.21016248,frequency_shifted
2551,2551,0.9710609,0.96693,0.00661,-0.96032,0.96032,0.14825056,8.613964e-05,-0.14816442,frequency_shifted
5715,5715,0.971805,0.00183,0.96836996,0.96654,0.96654,5.158798e-05,0.14108016,0.14102857,frequency_shifted
1520,1520,0.97180915,0.0014099999,0.97212,0.97071,0.97071,4.4232518e-05,0.21559751,0.21555328,frequency_shifted
1191,1191,0.9733568,0.96963996,0.00144,-0.96819997,0.96819997,0.17552103,3.574606e-05,-0.17548528,frequency_shifted
2424,2424,0.9734602,0.00087,0.96887,0.968,0.968,2.8681025e-05,0.16199867,0.16196999,frequency_shifted
3555,3555,0.97355497,0.97019,0.00728,-0.96291,0.96291,0.16930367,8.171475e-05,-0.16922195,frequency_shifted
5348,5348,0.9736858,0.015009999,0.9702,0.95519,0.95519,0.002091554,0.19360045,0.19150889,frequency_shifted
3353,3353,0.9748287,0.97112,0.0127,-0.95842,0.95842,0.20269413,0.00021276152,-0.20248137,frequency_shifted
4617,4617,0.97525024,0.009509999,0.96847,0.95896,0.95896,0.00028556297,0.15642183,0.15613626,frequency_shifted
6084,6084,0.9752774,0.96953,0.01678,-0.95274997,0.95274997,0.17452641,0.0018657068,-0.17266071,frequency_shifted
6051,6051,0.975482,0.008719999,0.96880996,0.96009,0.96009,0.00019611347,0.17208797,0.17189185,frequency_shifted
5559,5559,0.97550726,0.01248,0.96875995,0.95627993,0.95627993,0.00080249767,0.15645234,0.15564984,frequency_shifted
5166,5166,0.97585475,0.013049999,0.97348,0.96042997,0.96042997,0.0013394037,0.12540996,0.124070555,frequency_shifted
4853,4853,0.9767965,0.0009,0.96531,0.96441,0.96441,2.5589618e-05,0.12812355,0.12809797,frequency_shifted
3652,3652,0.9771565,0.00949,0.96959996,0.96010995,0.96010995,0.0011181504,0.18114953,0.18003137,frequency_shifted
3012,3012,0.9773258,0.01681,0.97130996,0.95449996,0.95449996,0.002939762,0.18802671,0.18508695,frequency_shifted
4591,4591,0.9775822,0.01701,0.97084,0.95383,0.95383,0.002914217,0.18586972,0.1829555,frequency_shifted
4876,4876,0.9776616,0.0010299999,0.97116,0.97012997,0.97012997,3.1691055e-05,0.17962843,0.17959674,frequency_shifted
1199,1199,0.9779018,0.96817,0.01538,-0.95278996,0.95278996,0.17753562,0.0008212049,-0.17671442,frequency_shifted
951,951,0.9780961,0.0014,0.97099,0.96959,0.96959,4.717754e-05,0.19520395,0.19515677,frequency_shifted
2401,2401,0.9782313,0.96786,0.0116799995,-0.95618,0.95618,0.16026393,0.000922073,-0.15934186,frequency_shifted
4896,4896,0.9790256,0.0010299999,0.96678996,0.96575993,0.96575993,3.8790273e-05,0.13192262,0.13188383,frequency_shifted
2824,2824,0.97920394,0.00116,0.96891,0.96774995,0.96774995,3.8445123e-05,0.17420284,0.1741644,frequency_shifted
2453,2453,0.9792079,0.00228,0.96913,0.96685,0.96685,8.7541484e-05,0.1710472,0.17095965,frequency_shifted
4957,4957,0.97926545,0.00065,0.9665,0.96585,0.96585,1.6608452e-05,0.13252996,0.13251334,frequency_shifted
5975,5975,0.9793152,0.98064995,0.016959999,-0.9636899,0.9636899,0.20097318,0.0033760113,-0.19759718,frequency_shifted
5055,5055,0.979388,0.96939,0.00059,-0.96879995,0.96879995,0.1801024,1.704811e-05,-0.18008535,frequency_shifted
1922,1922,0.9794792,0.96888,0.00114,-0.96774,0.96774,0.15415742,3.850767e-05,-0.15411891,frequency_shifted
4438,4438,0.97951686,0.97073996,0.00828,-0.96246,0.96246,0.18088111,0.00019432521,-0.18068679,frequency_shifted
3570,3570,0.9796828,0.01533,0.96852,0.95318997,0.95318997,0.0012898844,0.14547768,0.1441878,frequency_shifted
2792,2792,0.9797063,0.00726,0.97001,0.96274996,0.96274996,0.000108385015,0.17226969,0.1721613,frequency_shifted
2925,2925,0.97991,0.97012997,0.016309999,-0.95382,0.95382,0.20687401,0.0022964547,-0.20457757,frequency_shifted
772,772,0.9802126,0.96787995,0.00857,-0.95930994,0.95930994,0.16449653,0.000549036,-0.1639475,frequency_shifted
6074,6074,0.9803929,0.96914995,0.01698,-0.95216995,0.95216995,0.18103364,0.0014540912,-0.17957956,frequency_shifted
3200,3200,0.9804832,0.00094,0.96678996,0.96584994,0.96584994,3.4849978e-05,0.13722831,0.13719346,frequency_shifted
791,791,0.98049676,0.00107,0.96965,0.96857995,0.96857995,3.6210637e-05,0.16754109,0.16750488,frequency_shifted
2990,2990,0.98062325,0.0075899996,0.96975,0.96216,0.96216,8.175171e-05,0.1776699,0.17758815,frequency_shifted
947,947,0.98071325,0.0009999999,0.96971995,0.96871996,0.96871996,3.585204e-05,0.16021904,0.16018319,frequency_shifted
4826,4826,0.9809574,0.97138995,0.00813,-0.96325994,0.96325994,0.19878359,7.390078e-05,-0.1987097,frequency_shifted
532,532,0.9810256,0.0124699995,0.97125995,0.95878994,0.95878994,0.00016247711,0.20073415,0.20057167,frequency_shifted
2422,2422,0.981038,0.97055995,0.00075999997,-0.96979994,0.96979994,0.19187982,1.9697918e-05,-0.19186012,frequency_shifted
4785,4785,0.98139215,0.0015499999,0.97187,0.97032,0.97032,5.6967878e-05,0.19743852,0.19738156,frequency_shifted
4606,4606,0.9817811,0.97037,0.01308,-0.95729,0.95729,0.19644395,0.0010387538,-0.19540519,frequency_shifted
776,776,0.98195493,0.01704,0.98170996,0.96466994,0.96466994,0.0023413117,0.16749902,0.1651577,frequency_shifted
2661,2661,0.98198783,0.00826,0.96946996,0.96120995,0.96120995,0.00012774701,0.17025554,0.1701278,frequency_shifted
4407,4407,0.9822862,0.97222996,0.0108199995,-0.96141,0.96141,0.17544816,0.0004893209,-0.17495884,frequency_shifted
1510,1510,0.9824031,0.96704996,0.015199999,-0.95184994,0.95184994,0.15770453,0.0018119685,-0.15589257,frequency_shifted
1654,1654,0.9824772,0.00084,0.9675,0.96665996,0.96665996,3.0969066e-05,0.14440826,0.14437729,frequency_shifted
4709,4709,0.98271585,0.00853,0.96707,0.95853996,0.95853996,0.0002458908,0.12287182,0.12262593,frequency_shifted
1148,1148,0.9828156,0.98456997,0.011229999,-0.97334,0.97334,0.17007308,0.0012617054,-0.16881137,frequency_shifted
5897,5897,0.98301387,0.97944,0.01715,-0.96229,0.96229,0.20915937,0.004403179,-0.2047562,frequency_shifted
3398,3398,0.983047,0.00091999996,0.96917,0.96825,0.96825,3.948275e-05,0.15164311,0.15160362,frequency_shifted
229,229,0.9830546,0.00842,0.96756,0.95914,0.95914,0.00015399049,0.16247272,0.16231874,frequency_shifted
2936,2936,0.9830827,0.01353,0.96809995,0.95456994,0.95456994,0.00057908555,0.15620436,0.15562527,frequency_shifted
400,400,0.983194,0.01478,0.97644997,0.96167,0.96167,0.00023251388,0.14567743,0.14544491,frequency_shifted
2535,2535,0.9834444,0.00921,0.97049,0.96128,0.96128,0.00056302315,0.17153315,0.17097013,frequency_shifted
1429,1429,0.9834446,0.01454,0.97115,0.95660996,0.95660996,0.0007898181,0.18334663,0.18255681,frequency_shifted
6103,6103,0.98351216,0.96683997,0.00065,-0.96619,0.96619,0.15047336,1.9526973e-05,-0.15045384,frequency_shifted
5797,5797,0.9836023,0.00877,0.96875,0.95998,0.95998,0.00072988716,0.16822527,0.16749538,frequency_shifted
1029,1029,0.9838991,0.01081,0.97106,0.96024996,0.96024996,0.0010781756,0.20803943,0.20696126,frequency_shifted
2919,2919,0.9839535,0.96691,0.01236,-0.95455,0.95455,0.1691875,0.0011808976,-0.1680066,frequency_shifted
1898,1898,0.9841392,0.010249999,0.96822,0.95797,0.95797,0.00039012713,0.17342573,0.1730356,frequency_shifted
4145,4145,0.9841578,0.00889,0.97006,0.96117,0.96117,0.0005416036,0.18978187,0.18924028,frequency_shifted
3290,3290,0.9843315,0.96404,0.0011999999,-0.96283996,0.96283996,0.11901061,4.6800935e-05,-0.11896381,frequency_shifted
1057,1057,0.98441625,0.01642,0.97336996,0.95694995,0.95694995,0.0011123935,0.14257988,0.1414675,frequency_shifted
1048,1048,0.98444927,0.00142,0.97253996,0.97111994,0.97111994,4.584643e-05,0.22390182,0.22385597,frequency_shifted
3114,3114,0.9845165,0.96867996,0.01387,-0.95480996,0.95480996,0.16012497,0.000808814,-0.15931615,frequency_shifted
4500,4500,0.98455346,0.96961,0.01476,-0.95484996,0.95484996,0.1854915,0.0014001708,-0.18409133,frequency_shifted
3467,3467,0.984704,0.00837,0.96699995,0.95862997,0.95862997,0.00060951937,0.15364729,0.15303777,frequency_shifted
1232,1232,0.9848209,0.009269999,0.96865,0.95938,0.95938,0.0009035429,0.15946515,0.1585616,frequency_shifted
4847,4847,0.98483306,0.01659,0.97642,0.95983,0.95983,0.0018221792,0.16349448,0.16167231,frequency_shifted
1225,1225,0.9849359,0.015249999,0.97134,0.95609,0.95609,0.0006176505,0.18016605,0.1795484,frequency_shifted
3564,3564,0.98500925,0.00901,0.96803,0.95901996,0.95901996,0.00064426067,0.13992713,0.13928287,frequency_shifted
3961,3961,0.9850602,0.01447,0.96976,0.95529,0.95529,0.0010378056,0.14458208,0.14354427,frequency_shifted
4019,4019,0.98512125,0.01729,0.97633,0.95904,0.95904,0.0033641567,0.1433029,0.13993874,frequency_shifted
124,124,0.9851458,0.96928996,0.0011,-0.96818995,0.96818995,0.17698109,2.1308404e-05,-0.17695978,frequency_shifted
4762,4762,0.9851551,0.01054,0.96987,0.95932996,0.95932996,0.00014053367,0.1681932,0.16805267,frequency_shifted
3777,3777,0.9853415,0.97186,0.00933,-0.96253,0.96253,0.20884395,0.0005683981,-0.20827554,frequency_shifted
2909,2909,0.9856664,0.98691,0.01715,-0.96976,0.96976,0.1901798,0.0058184494,-0.18436134,frequency_shifted
2928,2928,0.98566645,0.00483,0.97078997,0.96595997,0.96595997,4.4362e-05,0.19336304,0.19331868,frequency_shifted
2085,2085,0.9856947,0.0167,0.96918,0.95247996,0.95247996,0.001570905,0.16850449,0.16693358,frequency_shifted
1411,1411,0.9857063,0.009029999,0.96863997,0.95961,0.95961,0.000782119,0.15040837,0.14962626,frequency_shifted
3488,3488,0.9857137,0.0011,0.96933997,0.96823996,0.96823996,3.3785156e-05,0.15834033,0.15830655,frequency_shifted
340,340,0.9857576,0.00211,0.97006,0.96795,0.96795,6.879632e-05,0.17106867,0.17099987,frequency_shifted
3448,3448,0.9857605,0.00877,0.97121996,0.96244997,0.96244997,0.0008986241,0.1827391,0.18184046,frequency_shifted
2716,2716,0.9859302,0.015059999,0.96814996,0.95308995,0.95308995,0.0013577115,0.1445054,0.14314769,frequency_shifted
3000,3000,0.9859902,0.01716,0.96905,0.95189,0.95189,0.0010951294,0.16801335,0.16691822,frequency_shifted
4983,4983,0.98602307,0.00893,0.97076,0.96182996,0.96182996,0.0006351869,0.17421567,0.17358048,frequency_shifted
5318,5318,0.9860269,0.96717,0.01721,-0.94996,0.94996,0.16034335,0.00074901024,-0.15959434,frequency_shifted
6027,6027,0.98605627,0.01003,0.97203,0.962,0.962,0.00065020635,0.2014557,0.20080549,frequency_shifted
5367,5367,0.9860827,0.0012599999,0.97077996,0.96952,0.96952,4.0649316e-05,0.21171519,0.21167454,frequency_shifted
2011,2011,0.9860971,0.97044,0.01117,-0.95927,0.95927,0.19076768,0.00035337638,-0.1904143,frequency_shifted
2851,2851,0.98610926,0.00077,0.97011995,0.96935,0.96935,2.2576749e-05,0.17265393,0.17263135,frequency_shifted
1070,1070,0.98619723,0.97884995,0.00885,-0.96999997,0.96999997,0.20751327,0.00016977295,-0.2073435,frequency_shifted
5806,5806,0.9862812,0.00154,0.96724,0.9657,0.9657,6.714506e-05,0.13369446,0.13362731,frequency_shifted
4221,4221,0.986358,0.97036,0.01134,-0.95901996,0.95901996,0.15628953,0.00028063683,-0.1560089,frequency_shifted
2855,2855,0.98635864,0.01816,0.97058,0.95242,0.95242,0.0008135246,0.1714166,0.17060307,frequency_shifted
2767,2767,0.98642516,0.011419999,0.96746,0.95603997,0.95603997,0.00070007157,0.14902698,0.1483269,frequency_shifted
202,202,0.9864951,0.0089,0.96801996,0.95912,0.95912,0.00073836936,0.1542707,0.15353233,frequency_shifted
1414,1414,0.98652565,0.96996,0.01574,-0.95422,0.95422,0.18365863,0.0016255563,-0.18203308,frequency_shifted
5313,5313,0.98664606,0.96958995,0.00117,-0.96841997,0.96841997,0.16831402,3.2412703e-05,-0.16828161,frequency_shifted
3694,3694,0.98671216,0.0012899999,0.97012997,0.96883994,0.96883994,2.9494604e-05,0.18029329,0.1802638,frequency_shifted
1447,1447,0.98673975,0.016579999,0.96568996,0.94911,0.94911,0.0017096036,0.12646094,0.12475134,frequency_shifted
5516,5516,0.98681056,0.96891,0.01708,-0.95182997,0.95182997,0.17550008,0.00036269857,-0.17513739,frequency_shifted
3804,3804,0.9868771,0.97012997,0.01574,-0.95439,0.95439,0.17599913,0.0012859036,-0.17471322,frequency_shifted
5688,5688,0.9869634,0.0088599995,0.96949,0.96063,0.96063,0.00014093684,0.18814477,0.18800384,frequency_shifted
6083,6083,0.9870122,0.96857,0.01504,-0.95353,0.95353,0.15842596,0.000910036,-0.15751593,frequency_shifted
5658,5658,0.987175,0.01668,0.98192,0.96524,0.96524,0.004455015,0.15252693,0.14807191,frequency_shifted
3327,3327,0.98717713,0.01719,0.97098,0.95379,0.95379,0.0023288017,0.19618788,0.19385909,frequency_shifted
2929,2929,0.9872578,0.00987,0.97503996,0.96516997,0.96516997,0.00079181563,0.17565328,0.17486146,frequency_shifted
1893,1893,0.9873271,0.96786,0.00816,-0.9597,0.9597,0.16202989,0.00011529409,-0.1619146,frequency_shifted
4029,4029,0.9873681,0.00813,0.96945,0.96132,0.96132,8.1846505e-05,0.17492922,0.17484736,frequency_shifted
2900,2900,0.98740685,0.01385,0.96892,0.95507,0.95507,0.0010547555,0.15553294,0.15447819,frequency_shifted
4737,4737,0.9874103,0.00074,0.97134,0.9706,0.9706,2.039033e-05,0.1990026,0.19898221,frequency_shifted
2586,2586,0.9874252,0.00131,0.96965,0.96834,0.96834,3.6520836e-05,0.16085693,0.16082041,frequency_shifted
2811,2811,0.98747057,0.97683996,0.01757,-0.95926994,0.95926994,0.1702965,0.0036868318,-0.16660967,frequency_shifted
3706,3706,0.98748857,0.01017,0.97275996,0.96259,0.96259,0.00018570076,0.2044409,0.20425521,frequency_shifted
6123,6123,0.9876311,0.98178,0.012519999,-0.96926,0.96926,0.18152161,0.0016401446,-0.17988147,frequency_shifted
2934,2934,0.9876622,0.00647,0.96987,0.96339995,0.96339995,8.540302e-05,0.15382846,0.15374306,frequency_shifted
172,172,0.9878299,0.01742,0.974,0.95658,0.95658,0.003717426,0.15379159,0.15007417,frequency_shifted
2681,2681,0.9878731,0.00121,0.96998,0.96877,0.96877,4.209899e-05,0.18128742,0.18124533,frequency_shifted
3412,3412,0.98787934,0.01685,0.97529,0.95844,0.95844,0.002535943,0.13492651,0.13239057,frequency_shifted
1247,1247,0.9879182,0.017479999,0.97717,0.95969,0.95969,0.0020136316,0.16699113,0.16497749,frequency_shifted
2441,2441,0.98803246,0.96792,0.008839999,-0.95908,0.95908,0.15395424,0.00037552833,-0.15357871,frequency_shifted
3045,3045,0.98807275,0.010129999,0.97428995,0.96415997,0.96415997,0.00046998248,0.17922759,0.17875761,frequency_shifted
4184,4184,0.98807615,0.01716,0.97840995,0.96124995,0.96124995,0.0038484484,0.17190348,0.16805503,frequency_shifted
3688,3688,0.9882134,0.01321,0.97879,0.96558,0.96558,0.00018826808,0.20577142,0.20558316,frequency_shifted
5993,5993,0.988271,0.97674996,0.01358,-0.96316993,0.96316993,0.1648746,0.0010048036,-0.1638698,frequency_shifted
658,658,0.9882796,0.008909999,0.96902996,0.96011996,0.96011996,0.00017436259,0.15915065,0.15897629,frequency_shifted
5656,5656,0.98830247,0.00882,0.97253996,0.96371996,0.96371996,0.0006535592,0.1682782,0.16762464,frequency_shifted
2195,2195,0.9883069,0.01697,0.98236996,0.9654,0.9654,0.004299699,0.21005589,0.20575619,frequency_shifted
5512,5512,0.9883112,0.01726,0.97682995,0.95956993,0.95956993,0.001862094,0.17252293,0.17066084,frequency_shifted
5792,5792,0.9883561,0.01666,0.97037,0.95371,0.95371,0.0026502227,0.17529199,0.17264177,frequency_shifted
2880,2880,0.98844486,0.97063,0.015929999,-0.9547,0.9547,0.21158598,0.0018530764,-0.2097329,frequency_shifted
1676,1676,0.9884552,0.00864,0.97227997,0.96364,0.96364,0.00019691332,0.18979068,0.18959376,frequency_shifted
4698,4698,0.9884887,0.00868,0.96822995,0.95954996,0.95954996,0.00047335884,0.16313456,0.1626612,frequency_shifted
5784,5784,0.98852915,0.01557,0.97077996,0.95521,0.95521,0.00039530176,0.17605023,0.17565493,frequency_shifted
118,118,0.988538,0.97809,0.0144299995,-0.96366,0.96366,0.1808294,0.0014997226,-0.17932968,frequency_shifted
1177,1177,0.9885418,0.016649999,0.96946996,0.95281994,0.95281994,0.0020975969,0.17144457,0.16934697,frequency_shifted
2209,2209,0.9885484,0.9669,0.00274,-0.96415997,0.96415997,0.14420281,3.8066668e-05,-0.14416474,frequency_shifted
4331,4331,0.9885599,0.01647,0.96494997,0.94847995,0.94847995,0.0006806806,0.13525003,0.13456935,frequency_shifted
5827,5827,0.988629,0.00251,0.97393996,0.97142994,0.97142994,6.180418e-05,0.14105722,0.14099541,frequency_shifted
5342,5342,0.9886378,0.01738,0.97511995,0.95773995,0.95773995,0.0033006093,0.13779427,0.13449366,frequency_shifted
2780,2780,0.98868084,0.00959,0.9673,0.95771,0.95771,0.00043948428,0.14064695,0.14020747,frequency_shifted
3630,3630,0.98868823,0.98364997,0.01188,-0.97177,0.97177,0.15315194,0.0008213064,-0.15233064,frequency_shifted
3515,3515,0.98873717,0.96985,0.01674,-0.95311,0.95311,0.16273595,0.0018767919,-0.16085917,frequency_shifted
1811,1811,0.9887724,0.97445995,0.01712,-0.95733994,0.95733994,0.14576814,0.0034166567,-0.14235148,frequency_shifted
3368,3368,0.98880744,0.97064,0.01742,-0.95322,0.95322,0.18452463,0.0036480667,-0.18087655,frequency_shifted
3096,3096,0.98887384,0.96839,0.01632,-0.95207,0.95207,0.15795363,0.0017747238,-0.1561789,frequency_shifted
5550,5550,0.9889823,0.01647,0.97078997,0.95431995,0.95431995,0.0017670527,0.19696607,0.19519901,frequency_shifted
5679,5679,0.9889918,0.015999999,0.9758,0.9598,0.9598,0.0011090146,0.16819938,0.16709036,frequency_shifted
2539,2539,0.98908,0.96797997,0.00096,-0.96702,0.96702,0.16683665,3.505276e-05,-0.1668016,frequency_shifted
1387,1387,0.9891262,0.00894,0.96923995,0.96029997,0.96029997,0.00032065267,0.1785914,0.17827074,frequency_shifted
3531,3531,0.9891697,0.01625,0.96984,0.95359,0.95359,0.001652417,0.16922867,0.16757625,frequency_shifted
5754,5754,0.9892117,0.00871,0.96696997,0.95825994,0.95825994,0.0008316827,0.14120719,0.14037551,frequency_shifted
5867,5867,0.98922986,0.00925,0.96743995,0.95818996,0.95818996,0.0007160867,0.13847402,0.13775793,frequency_shifted
3468,3468,0.98927844,0.0013199999,0.96911997,0.96779996,0.96779996,4.6336296e-05,0.16732062,0.16727428,frequency_shifted
5857,5857,0.9893427,0.00114,0.97046995,0.96932995,0.96932995,4.6795998e-05,0.18739013,0.18734334,frequency_shifted
4371,4371,0.9893436,0.98664,0.01797,-0.96866995,0.96866995,0.17803921,0.0068195197,-0.17121969,frequency_shifted
4553,4553,0.98937833,0.9791,0.0173,-0.9618,0.9618,0.20498702,0.0032964842,-0.20169054,frequency_shifted
6010,6010,0.98939383,0.01699,0.98534995,0.96835995,0.96835995,0.004395089,0.16280383,0.15840875,frequency_shifted
5852,5852,0.9894135,0.96779996,0.00159,-0.96620995,0.96620995,0.15413928,4.140989e-05,-0.15409787,frequency_shifted
5641,5641,0.9894901,0.97129,0.0012299999,-0.97006,0.97006,0.17618865,2.7901544e-05,-0.17616075,frequency_shifted
2203,2203,0.98956835,0.00931,0.96895,0.95963997,0.95963997,0.0006591406,0.1720546,0.17139547,frequency_shifted
841,841,0.98961353,0.017649999,0.97275996,0.95510995,0.95510995,0.0058533587,0.14117919,0.13532583,frequency_shifted
5796,5796,0.98964554,0.00904,0.96598,0.95694,0.95694,0.000700825,0.13898882,0.13828799,frequency_shifted
3284,3284,0.9897415,0.015,0.96887,0.95387,0.95387,0.0006466001,0.19434318,0.19369657,frequency_shifted
63,63,0.98981357,0.01729,0.98522997,0.96794,0.96794,0.00491278,0.1613982,0.15648542,frequency_shifted
3863,3863,0.98982507,0.0009,0.96972996,0.96883,0.96883,2.612852e-05,0.17848176,0.17845564,frequency_shifted
4357,4357,0.9898302,0.00908,0.97082996,0.96175,0.96175,0.0007224428,0.17221874,0.1714963,frequency_shifted
1454,1454,0.98983866,0.01478,0.96344,0.94866,0.94866,0.0006633512,0.1324274,0.13176404,frequency_shifted
1578,1578,0.9898479,0.00789,0.96506,0.95717,0.95717,8.7420565e-05,0.13525166,0.13516423,frequency_shifted
2886,2886,0.9898515,0.011419999,0.97116,0.95974,0.95974,0.00091089564,0.18809862,0.18718773,frequency_shifted
5216,5216,0.98985404,0.9693,0.017509999,-0.95179,0.95179,0.17470656,0.0053659077,-0.16934066,frequency_shifted
5528,5528,0.9898999,0.96844,0.00835,-0.96009,0.96009,0.15558288,0.00012605383,-0.15545683,frequency_shifted
2486,2486,0.9899243,0.97147,0.01516,-0.95631,0.95631,0.20610815,0.00036149196,-0.20574667,frequency_shifted
339,339,0.9899988,0.96816,0.0092899995,-0.95887,0.95887,0.15117119,0.0004460089,-0.15072519,frequency_shifted
1182,1182,0.99000955,0.01124,0.97997,0.96873,0.96873,0.0010289701,0.19645761,0.19542864,frequency_shifted
3123,3123,0.99005264,0.01715,0.98625,0.9691,0.9691,0.0071219048,0.19431597,0.18719406,frequency_shifted
1275,1275,0.99007714,0.01526,0.97251,0.95725,0.95725,0.0010868862,0.15129189,0.150205,frequency_shifted
2371,2371,0.9900873,0.00889,0.96686995,0.95798,0.95798,0.0005808573,0.13834482,0.13776396,frequency_shifted
1493,1493,0.9900888,0.96904,0.01543,-0.95361,0.95361,0.18709922,0.00028051308,-0.1868187,frequency_shifted
2324,2324,0.9900938,0.01761,0.97625,0.95864,0.95864,0.0044422955,0.13803664,0.13359435,frequency_shifted
5393,5393,0.99013996,0.00999,0.97014,0.96015,0.96015,0.0020873072,0.17949033,0.17740302,frequency_shifted
418,418,0.9901557,0.97371,0.01729,-0.95642,0.95642,0.15720344,0.004442514,-0.15276092,frequency_shifted
2370,2370,0.9902152,0.96797997,0.0014599999,-0.96651995,0.96651995,0.17248526,3.7329424e-05,-0.17244793,frequency_shifted
2251,2251,0.9902686,0.012689999,0.9691,0.95641,0.95641,0.00087894546,0.1646562,0.16377726,frequency_shifted
915,915,0.9902762,0.01488,0.96673995,0.95185995,0.95185995,0.0013025613,0.15475166,0.1534491,frequency_shifted
5848,5848,0.9902872,0.01756,0.97088,0.95331997,0.95331997,0.0024789702,0.17457771,0.17209874,frequency_shifted
758,758,0.9902947,0.0013,0.96677,0.96547,0.96547,3.8825736e-05,0.14179394,0.1417551,frequency_shifted
2079,2079,0.99032927,0.008909999,0.97235,0.96344,0.96344,0.0009459535,0.19376843,0.19282247,frequency_shifted
2802,2802,0.9903493,0.00099,0.96787,0.96688,0.96688,3.1542517e-05,0.15562364,0.1555921,frequency_shifted
3600,3600,0.9903556,0.96992,0.01153,-0.95839,0.95839,0.17541179,0.00067876495,-0.17473303,frequency_shifted
2555,2555,0.990409,0.01371,0.9781,0.96439,0.96439,0.0008328148,0.18964949,0.18881668,frequency_shifted
5963,5963,0.9904505,0.97779,0.017239999,-0.96055,0.96055,0.16986215,0.0043224054,-0.16553974,frequency_shifted
682,682,0.9904775,0.00616,0.97249997,0.96633995,0.96633995,6.9901434e-05,0.2046438,0.2045739,frequency_shifted
1346,1346,0.99050415,0.0093,0.97021997,0.96092,0.96092,0.0012283822,0.18592113,0.18469276,frequency_shifted
297,297,0.99053293,0.96703,0.00909,-0.95794,0.95794,0.15209828,0.0005573103,-0.15154098,frequency_shifted
554,554,0.9905407,0.01781,0.97748995,0.95967996,0.95967996,0.0050902525,0.15833063,0.15324038,frequency_shifted
971,971,0.9905953,0.01523,0.96604997,0.95081997,0.95081997,0.0014125308,0.14035955,0.13894702,frequency_shifted
2087,2087,0.9906179,0.97148997,0.0121,-0.95939,0.95939,0.20218794,0.0009196834,-0.20126826,frequency_shifted
2483,2483,0.99063593,0.017509999,0.96426,0.94675,0.94675,0.0023134744,0.12439308,0.12207961,frequency_shifted
3264,3264,0.9906401,0.0177,0.9666,0.9489,0.9489,0.00240979,0.15202338,0.14961359,frequency_shifted
470,470,0.990659,0.96847,0.00119,-0.96728,0.96728,0.16512085,2.9626233e-05,-0.16509123,frequency_shifted
1155,1155,0.99066174,0.96858996,0.01376,-0.95483,0.95483,0.14800882,0.00071584334,-0.14729299,frequency_shifted
888,888,0.9907323,0.01786,0.98521,0.96735,0.96735,0.002770155,0.17055665,0.1677865,frequency_shifted
3903,3903,0.9907374,0.01762,0.98152,0.96389997,0.96389997,0.0054783863,0.14714435,0.14166597,frequency_shifted
4579,4579,0.9907578,0.01764,0.97154,0.9539,0.9539,0.0014324086,0.20274204,0.20130964,frequency_shifted
4702,4702,0.9907907,0.01646,0.96945995,0.95299995,0.95299995,0.0023575446,0.16763619,0.16527864,frequency_shifted
4452,4452,0.990801,0.96965,0.0098399995,-0.95980996,0.95980996,0.19030753,0.00015883583,-0.1901487,frequency_shifted
3523,3523,0.9908172,0.01728,0.98595995,0.96867996,0.96867996,0.008831051,0.17779374,0.16896269,frequency_shifted
1136,1136,0.9908705,0.017679999,0.96878,0.9511,0.9511,0.0017704023,0.17238699,0.17061658,frequency_shifted
4699,4699,0.99089766,0.00133,0.96853,0.9672,0.9672,4.2062835e-05,0.16585055,0.16580848,frequency_shifted
2751,2751,0.9909512,0.011609999,0.968,0.95639,0.95639,0.0016717825,0.1496064,0.14793463,frequency_shifted
5363,5363,0.99098396,0.01313,0.96612996,0.95299995,0.95299995,0.0007249931,0.11956402,0.118839025,frequency_shifted
4798,4798,0.99099255,0.016479999,0.97024,0.95376,0.95376,0.0012897582,0.17024292,0.16895317,frequency_shifted
2026,2026,0.99102527,0.98541,0.016689999,-0.96871996,0.96871996,0.17842126,0.0033481498,-0.1750731,frequency_shifted
5684,5684,0.991043,0.017269999,0.96904,0.95176995,0.95176995,0.0028650411,0.1471077,0.14424266,frequency_shifted
3417,3417,0.99104786,0.0016399999,0.97073996,0.96909994,0.96909994,4.709742e-05,0.20153445,0.20148735,frequency_shifted
462,462,0.99106014,0.009269999,0.96865,0.95938,0.95938,0.0009493669,0.15411505,0.15316568,frequency_shifted
687,687,0.9910785,0.014889999,0.97151,0.95662,0.95662,0.0013014543,0.19796683,0.19666538,frequency_shifted
2431,2431,0.9911326,0.96827,0.01752,-0.95075,0.95075,0.15973435,0.0023008583,-0.1574335,frequency_shifted
465,465,0.9911489,0.96990997,0.0168,-0.95311,0.95311,0.19119693,0.0020406153,-0.18915632,frequency_shifted
4715,4715,0.99117494,0.96756,0.00253,-0.96503,0.96503,0.14342111,2.6200649e-05,-0.14339492,frequency_shifted
5074,5074,0.99117506,0.0173,0.98091996,0.96361995,0.96361995,0.00236491,0.12913863,0.12677373,frequency_shifted
2188,2188,0.9911982,0.96898997,0.01232,-0.95667,0.95667,0.16688515,0.0010015265,-0.16588363,frequency_shifted
5429,5429,0.9911983,0.00856,0.96873,0.96017,0.96017,0.0011602092,0.16165073,0.16049053,frequency_shifted
510,510,0.9912201,0.016409999,0.96834,0.95193,0.95193,0.0014622039,0.16782871,0.1663665,frequency_shifted
4259,4259,0.9913124,0.97944,0.01725,-0.96219,0.96219,0.21378192,0.0055611674,-0.20822075,frequency_shifted
2653,2653,0.99131596,0.0087,0.97097,0.96226996,0.96226996,0.00017000364,0.16967046,0.16950046,frequency_shifted
5829,5829,0.99139374,0.017549999,0.97786,0.96031,0.96031,0.003534963,0.18064901,0.17711405,frequency_shifted
466,466,0.9914251,0.98603,0.01745,-0.96858,0.96858,0.18159388,0.007322555,-0.17427133,frequency_shifted
1964,1964,0.9914359,0.97805995,0.01753,-0.9605299,0.9605299,0.17913759,0.0066843526,-0.17245324,frequency_shifted
703,703,0.99148667,0.96753997,0.00385,-0.96369,0.96369,0.14546296,2.7792335e-05,-0.14543517,frequency_shifted
945,945,0.9914968,0.01767,0.98043996,0.96277,0.96277,0.0056577637,0.19399562,0.18833786,frequency_shifted
2570,2570,0.9915025,0.0054099998,0.9701,0.96468997,0.96468997,5.390313e-05,0.17095871,0.17090482,frequency_shifted
6055,6055,0.99152786,0.97041,0.01678,-0.95363,0.95363,0.20289062,0.002673861,-0.20021676,frequency_shifted
4629,4629,0.9915322,0.98682,0.01732,-0.9695,0.9695,0.2069175,0.0051434343,-0.20177406,frequency_shifted
4051,4051,0.9916245,0.97229,0.0152199995,-0.95707,0.95707,0.20529732,0.0012082217,-0.2040891,frequency_shifted
4962,4962,0.99165404,0.017029999,0.97764,0.96061,0.96061,0.0021535305,0.15919782,0.15704429,frequency_shifted
4900,4900,0.99167,0.97139996,0.010179999,-0.96121997,0.96121997,0.1913748,0.0008192257,-0.19055557,frequency_shifted
982,982,0.99174213,0.96782,0.01754,-0.95028,0.95028,0.16515224,0.0031211632,-0.16203107,frequency_shifted
5633,5633,0.9917616,0.00937,0.97669995,0.9673299,0.9673299,0.0003934409,0.15339042,0.15299699,frequency_shifted
5070,5070,0.9918012,0.00433,0.97037,0.96604,0.96604,5.676345e-05,0.18457472,0.18451796,frequency_shifted
2175,2175,0.99181736,0.96987,0.016889999,-0.95298,0.95298,0.19740556,0.0026284026,-0.19477716,frequency_shifted
2980,2980,0.99182904,0.96803,0.01612,-0.95190996,0.95190996,0.15138353,0.00087699154,-0.15050654,frequency_shifted
1283,1283,0.9918853,0.96799,0.017029999,-0.95096,0.95096,0.16820422,0.001810674,-0.16639355,frequency_shifted
2012,2012,0.9918934,0.96952,0.01096,-0.95856,0.95856,0.1767804,0.0008901956,-0.1758902,frequency_shifted
3724,3724,0.9919373,0.98512,0.01733,-0.96779,0.96779,0.15942228,0.0046364297,-0.15478584,frequency_shifted
3193,3193,0.99197954,0.97814,0.01743,-0.96071,0.96071,0.18312296,0.003447211,-0.17967576,frequency_shifted
5319,5319,0.9920334,0.016789999,0.96976995,0.95298,0.95298,0.003106739,0.15538245,0.15227571,frequency_shifted
4478,4478,0.99204004,0.01677,0.96080995,0.94403994,0.94403994,0.003947346,0.09794322,0.09399587,frequency_shifted
670,670,0.99204016,0.017719999,0.97167,0.95395,0.95395,0.0014697703,0.20283437,0.20136459,frequency_shifted
599,599,0.9920436,0.01759,0.98785996,0.97027,0.97027,0.002186936,0.2157616,0.21357466,frequency_shifted
4905,4905,0.9920464,0.01656,0.97088,0.95431995,0.95431995,0.00094269484,0.18192708,0.1809844,frequency_shifted
11,11,0.9920609,0.01688,0.97069997,0.95382,0.95382,0.0015962108,0.18464266,0.18304645,frequency_shifted
1675,1675,0.9920645,0.98416996,0.01736,-0.96681,0.96681,0.18504988,0.0049894177,-0.18006046,frequency_shifted
5959,5959,0.99213374,0.97494996,0.017439999,-0.95750993,0.95750993,0.16928971,0.0023555306,-0.16693418,frequency_shifted
5642,5642,0.9921419,0.01526,0.9745,0.95924,0.95924,0.00094090146,0.14726426,0.14632335,frequency_shifted
4950,4950,0.9921551,0.98617,0.01759,-0.96858,0.96858,0.19017895,0.0064352783,-0.18374367,frequency_shifted
5995,5995,0.99219507,0.00787,0.96452,0.95664996,0.95664996,9.30982e-05,0.11393156,0.113838464,frequency_shifted
216,216,0.9922095,0.00144,0.96957,0.96813,0.96813,2.6493071e-05,0.15683386,0.15680736,frequency_shifted
5978,5978,0.9922236,0.00968,0.97018,0.9605,0.9605,0.00020770359,0.17230043,0.17209272,frequency_shifted
2169,2169,0.9922571,0.0149799995,0.97032,0.95533997,0.95533997,0.0009560201,0.16750796,0.16655195,frequency_shifted
2771,2771,0.9922756,0.01231,0.96683997,0.95452994,0.95452994,0.00078762893,0.13752498,0.13673735,frequency_shifted
569,569,0.9923121,0.97199,0.008599999,-0.96339,0.96339,0.20593722,0.0005554875,-0.20538174,frequency_shifted
2904,2904,0.9923121,0.96405995,0.0111,-0.95295995,0.95295995,0.115230486,0.00056148076,-0.114669,frequency_shifted
1749,1749,0.99234295,0.97718996,0.01704,-0.96014994,0.96014994,0.15541136,0.0077849585,-0.1476264,frequency_shifted
1523,1523,0.99235606,0.017679999,0.98490995,0.96722996,0.96722996,0.0064727054,0.1674282,0.16095549,frequency_shifted
3971,3971,0.9923746,0.01721,0.96721995,0.95000994,0.95000994,0.005139997,0.15413646,0.14899647,frequency_shifted
2440,2440,0.9924606,0.01311,0.96712,0.95401,0.95401,0.00027992795,0.1332043,0.13292436,frequency_shifted
5563,5563,0.9924609,0.01705,0.96781,0.95075995,0.95075995,0.0023250377,0.13762343,0.13529839,frequency_shifted
4132,4132,0.9924619,0.01119,0.97476,0.96357,0.96357,0.0005677592,0.16030218,0.15973441,frequency_shifted
3587,3587,0.99247754,0.01711,0.96984,0.95273,0.95273,0.0008364169,0.16266787,0.16183145,frequency_shifted
3142,3142,0.9924859,0.00091,0.97106,0.97015,0.97015,2.5839247e-05,0.17629972,0.17627388,frequency_shifted
3726,3726,0.9925092,0.01616,0.97135997,0.95519996,0.95519996,0.0014494515,0.1819721,0.18052265,frequency_shifted
5662,5662,0.99251604,0.01766,0.96879995,0.9511399,0.9511399,0.0032871282,0.17724031,0.17395319,frequency_shifted
3246,3246,0.99253154,0.97189,0.00904,-0.96285,0.96285,0.19314355,0.0003806079,-0.19276294,frequency_shifted
1477,1477,0.99254096,0.96572995,0.01643,-0.94929993,0.94929993,0.14039853,0.0015635832,-0.13883495,frequency_shifted
3347,3347,0.9925773,0.01286,0.96898997,0.95612997,0.95612997,0.0009041853,0.1584127,0.1575085,frequency_shifted
2273,2273,0.9925777,0.016169999,0.98344,0.96726996,0.96726996,0.0017757721,0.14608887,0.1443131,frequency_shifted
1562,1562,0.992581,0.00873,0.97042,0.96169,0.96169,0.0003374787,0.15350649,0.153169,frequency_shifted
4106,4106,0.9925822,0.96344,0.00865,-0.95479,0.95479,0.1133747,6.873654e-05,-0.11330596,frequency_shifted
1978,1978,0.99258876,0.017269999,0.96856,0.95129,0.95129,0.001566886,0.16898249,0.1674156,frequency_shifted
4854,4854,0.99260724,0.015369999,0.96664995,0.95127994,0.95127994,0.0009770035,0.14589232,0.14491531,frequency_shifted
4085,4085,0.99262905,0.014939999,0.96884,0.9539,0.9539,0.00058432255,0.15550104,0.15491672,frequency_shifted
5337,5337,0.99264145,0.97164,0.01421,-0.95743,0.95743,0.21542092,0.00034396286,-0.21507695,frequency_shifted
1172,1172,0.992658,0.01745,0.98497,0.96752,0.96752,0.0054984046,0.15641858,0.15092017,frequency_shifted
2583,2583,0.9926821,0.96818,0.01725,-0.95093,0.95093,0.16074237,0.0016860977,-0.15905628,frequency_shifted
632,632,0.99270594,0.00127,0.97021997,0.96895,0.96895,4.4936038e-05,0.20015648,0.20011154,frequency_shifted
3687,3687,0.99273545,0.00151,0.96954995,0.96803993,0.96803993,5.580696e-05,0.18833993,0.18828413,frequency_shifted
2334,2334,0.9927576,0.98174,0.01555,-0.96619,0.96619,0.16998659,0.0017901451,-0.16819644,frequency_shifted
1112,1112,0.9927645,0.0144299995,0.97046,0.95603,0.95603,0.00076680817,0.17543203,0.17466521,frequency_shifted
4223,4223,0.9928041,0.00909,0.98464996,0.97555995,0.97555995,0.0013487238,0.1896353,0.18828659,frequency_shifted
666,666,0.992807,0.01077,0.97125995,0.9604899,0.9604899,0.0009367079,0.17912027,0.17818357,frequency_shifted
4476,4476,0.99281263,0.96849,0.00151,-0.96698,0.96698,0.14800474,3.456061e-05,-0.14797018,frequency_shifted
3053,3053,0.99283427,0.97037995,0.01778,-0.95259994,0.95259994,0.17681238,0.005133506,-0.17167887,frequency_shifted
3004,3004,0.9928392,0.96923995,0.01728,-0.95195997,0.95195997,0.16152602,0.00092159794,-0.16060443,frequency_shifted
3992,3992,0.99285936,0.008909999,0.97170997,0.96279997,0.96279997,0.00065844465,0.20400457,0.20334613,frequency_shifted
2384,2384,0.9928615,0.01644,0.96879995,0.95236,0.95236,0.001134864,0.14987864,0.14874378,frequency_shifted
2330,2330,0.99287647,0.01819,0.96961,0.95141995,0.95141995,0.0037192565,0.16215505,0.15843579,frequency_shifted
2044,2044,0.99288654,0.01745,0.98217,0.96472,0.96472,0.004936539,0.1486683,0.14373176,frequency_shifted
5492,5492,0.9928919,0.01707,0.97282,0.95575,0.95575,0.0015522101,0.20760246,0.20605025,frequency_shifted
259,259,0.99297404,0.0178,0.97600996,0.95821,0.95821,0.004066898,0.13862486,0.13455796,frequency_shifted
5467,5467,0.9929992,0.00894,0.97366,0.96472,0.96472,0.00053317635,0.115361996,0.11482882,frequency_shifted
743,743,0.9930148,0.00906,0.9666,0.95754,0.95754,0.00051761826,0.15295991,0.15244229,frequency_shifted
2866,2866,0.993045,0.01573,0.97511995,0.9593899,0.9593899,0.0009379211,0.14220296,0.14126503,frequency_shifted
1513,1513,0.9930482,0.96999997,0.01109,-0.95891,0.95891,0.20233843,0.0010081077,-0.20133032,frequency_shifted
5818,5818,0.9930494,0.96999997,0.01747,-0.95252997,0.95252997,0.18812716,0.0018997071,-0.18622746,frequency_shifted
376,376,0.9930738,0.97195,0.009509999,-0.96244,0.96244,0.19411123,0.00067824754,-0.19343299,frequency_shifted
4776,4776,0.9930805,0.01554,0.96752,0.95198,0.95198,0.00040901438,0.15123843,0.15082942,frequency_shifted
4041,4041,0.99309516,0.00151,0.96871,0.9672,0.9672,5.038907e-05,0.16423453,0.16418414,frequency_shifted
4123,4123,0.99320114,0.01387,0.9694,0.95553,0.95553,0.0010066907,0.16986343,0.16885674,frequency_shifted
2387,2387,0.9932071,0.97700995,0.01737,-0.95963997,0.95963997,0.13132277,0.007354928,-0.12396784,frequency_shifted
5924,5924,0.993211,0.97089,0.01708,-0.95381,0.95381,0.20033441,0.0020674553,-0.19826695,frequency_shifted
2789,2789,0.993219,0.96901995,0.009099999,-0.9599199,0.9599199,0.17115757,0.00069614407,-0.17046143,frequency_shifted
5462,5462,0.9932222,0.01349,0.96801996,0.95452994,0.95452994,0.00022921499,0.16066734,0.16043814,frequency_shifted
759,759,0.9932266,0.97019,0.01308,-0.95711,0.95711,0.16945861,0.00096872833,-0.16848989,frequency_shifted
5584,5584,0.99322945,0.01208,0.9694,0.95732,0.95732,0.0009475207,0.15927689,0.15832937,frequency_shifted
4033,4033,0.99323916,0.01855,0.98643,0.96788,0.96788,0.00853017,0.1965764,0.18804623,frequency_shifted
3805,3805,0.99324083,0.018339999,0.97805,0.95971,0.95971,0.0074583204,0.16734433,0.15988602,frequency_shifted
4455,4455,0.9932447,0.014289999,0.97071,0.95642,0.95642,0.0013664071,0.1830545,0.1816881,frequency_shifted
4733,4733,0.99331754,0.00948,0.96686,0.95738,0.95738,0.00066262373,0.13675539,0.13609277,frequency_shifted
1722,1722,0.99332446,0.00876,0.96906996,0.96031,0.96031,9.4480725e-05,0.16756098,0.1674665,frequency_shifted
2346,2346,0.9933444,0.96595997,0.01053,-0.95543,0.95543,0.14064212,0.00085242133,-0.1397897,frequency_shifted
4851,4851,0.9933675,0.96883,0.014079999,-0.95475,0.95475,0.16010031,0.0010166843,-0.15908362,frequency_shifted
570,570,0.99338466,0.97126997,0.01169,-0.95957994,0.95957994,0.18726316,0.00086192257,-0.18640123,frequency_shifted
4891,4891,0.99342,0.01732,0.96936,0.95204,0.95204,0.0010336083,0.17475648,0.17372288,frequency_shifted
4802,4802,0.9934207,0.01215,0.97339,0.96124,0.96124,0.0016141273,0.15555087,0.15393674,frequency_shifted
1276,1276,0.99345076,0.96485996,0.01721,-0.94764996,0.94764996,0.13100654,0.0055282433,-0.1254783,frequency_shifted
3247,3247,0.9934547,0.97492,0.01146,-0.96345997,0.96345997,0.1560431,0.00015612892,-0.15588696,frequency_shifted
3047,3047,0.9934571,0.01747,0.97081,0.95334,0.95334,0.00076006603,0.19221689,0.19145682,frequency_shifted
2136,2136,0.9934602,0.01029,0.96792996,0.95763993,0.95763993,0.00095302763,0.14676407,0.14581104,frequency_shifted
5535,5535,0.9934851,0.98258996,0.01719,-0.9654,0.9654,0.13106035,0.0056456053,-0.12541474,frequency_shifted
2610,2610,0.99349177,0.01059,0.96984,0.95925,0.95925,0.0005466371,0.16807197,0.16752534,frequency_shifted
217,217,0.9935723,0.01428,0.96674997,0.95246994,0.95246994,0.0009298077,0.13528763,0.13435782,frequency_shifted
1519,1519,0.9936197,0.01852,0.97251,0.95399,0.95399,0.0018160956,0.17675479,0.1749387,frequency_shifted
6062,6062,0.9936235,0.01232,0.96752,0.9552,0.9552,0.00047674385,0.15007961,0.14960286,frequency_shifted
2318,2318,0.9936292,0.96537,0.00876,-0.95661,0.95661,0.15023951,0.000109498826,-0.15013002,frequency_shifted
4821,4821,0.9936485,0.97643995,0.017199999,-0.95923996,0.95923996,0.17438912,0.0040862025,-0.17030293,frequency_shifted
3411,3411,0.9936644,0.01454,0.97015,0.95561,0.95561,0.0007816717,0.17398629,0.17320462,frequency_shifted
2243,2243,0.9937071,0.01438,0.97858995,0.96421,0.96421,0.000426867,0.18502691,0.18460004,frequency_shifted
3596,3596,0.99371225,0.96669,0.00127,-0.96542,0.96542,0.15608487,3.744522e-05,-0.15604742,frequency_shifted
5896,5896,0.99371755,0.0154,0.96520996,0.94980997,0.94980997,0.0012272361,0.11521008,0.11398284,frequency_shifted
5556,5556,0.99373746,0.97385997,0.01007,-0.96378994,0.96378994,0.16581036,0.00056366174,-0.1652467,frequency_shifted
441,441,0.9937387,0.96853995,0.015789999,-0.95274997,0.95274997,0.16123812,0.0013151076,-0.15992302,frequency_shifted
1362,1362,0.99375165,0.9697,0.01212,-0.95758,0.95758,0.18424189,0.00035654884,-0.18388534,frequency_shifted
3812,3812,0.9937529,0.96796,0.01392,-0.95404,0.95404,0.1661679,0.0010702852,-0.16509761,frequency_shifted
876,876,0.99380255,0.97743,0.018029999,-0.9594,0.9594,0.18480726,0.0016656796,-0.18314157,frequency_shifted
4773,4773,0.99381125,0.017409999,0.97663,0.95922,0.95922,0.0010990506,0.18010168,0.17900263,frequency_shifted
1016,1016,0.9938122,0.008669999,0.97108,0.96241003,0.96241003,0.00013711091,0.21118894,0.21105184,frequency_shifted
275,275,0.9938139,0.00974,0.97568,0.96594,0.96594,0.00032377112,0.17070518,0.17038141,frequency_shifted
5782,5782,0.9938359,0.01188,0.96800995,0.95612997,0.95612997,0.0008806125,0.16017458,0.15929396,frequency_shifted
2698,2698,0.9938371,0.01728,0.98003995,0.96276,0.96276,0.0038476791,0.15055308,0.1467054,frequency_shifted
5509,5509,0.9938668,0.00826,0.97011,0.96185,0.96185,9.3583774e-05,0.17294192,0.17284834,frequency_shifted
2598,2598,0.99388313,0.0176,0.98494,0.96734,0.96734,0.001978487,0.17030141,0.16832292,frequency_shifted
2328,2328,0.99390507,0.96683997,0.01777,-0.94907,0.94907,0.14950055,0.0031082244,-0.14639233,frequency_shifted
1853,1853,0.99392986,0.01706,0.96924996,0.95219,0.95219,0.00033447932,0.15960719,0.1592727,frequency_shifted
576,576,0.9939358,0.97077996,0.01531,-0.95546997,0.95546997,0.18938173,0.00091110624,-0.18847063,frequency_shifted
5918,5918,0.9939861,0.017889999,0.96734,0.94945,0.94945,0.0027500165,0.1303883,0.1276383,frequency_shifted
3138,3138,0.99399316,0.01701,0.96917,0.95216,0.95216,0.0019584787,0.14326245,0.14130397,frequency_shifted
5084,5084,0.9940356,0.018579999,0.98460996,0.96602994,0.96602994,0.007964982,0.17240436,0.16443938,frequency_shifted
4056,4056,0.99406147,0.00924,0.9691,0.95986,0.95986,0.0006763766,0.16997406,0.16929768,frequency_shifted
1328,1328,0.99407077,0.00887,0.97143,0.96256,0.96256,0.00011292963,0.19782867,0.19771573,frequency_shifted
4508,4508,0.994081,0.96974,0.0092899995,-0.96045,0.96045,0.1812052,0.0009230581,-0.18028215,frequency_shifted
1759,1759,0.9940855,0.00944,0.96827996,0.95883995,0.95883995,0.00015758949,0.15246116,0.15230356,frequency_shifted
2184,2184,0.9941566,0.96696997,0.01776,-0.94921,0.94921,0.15744613,0.0027713957,-0.15467474,frequency_shifted
5822,5822,0.9941872,0.0092,0.96788996,0.95869,0.95869,0.00030926344,0.15410505,0.1537958,frequency_shifted
553,553,0.9942106,0.017339999,0.98455995,0.96721995,0.96721995,0.005227153,0.16306634,0.1578392,frequency_shifted
4666,4666,0.9942162,0.96990997,0.01704,-0.95286995,0.95286995,0.1800941,0.0018275044,-0.17826658,frequency_shifted
1954,1954,0.9942889,0.96957,0.01279,-0.95677996,0.95677996,0.17916636,0.00064660126,-0.17851976,frequency_shifted
2298,2298,0.99430484,0.017339999,0.98287,0.96553,0.96553,0.005219243,0.14189659,0.13667735,frequency_shifted
4244,4244,0.9943392,0.96645,0.01683,-0.94961995,0.94961995,0.14206561,0.0011253969,-0.14094022,frequency_shifted
4852,4852,0.9943606,0.01757,0.98507,0.9675,0.9675,0.001957282,0.16923277,0.16727549,frequency_shifted
5851,5851,0.99438953,0.01743,0.97735,0.95992,0.95992,0.0040527545,0.15869357,0.15464081,frequency_shifted
1268,1268,0.99439704,0.96937996,0.00909,-0.96028996,0.96028996,0.17917417,0.00058895996,-0.17858522,frequency_shifted
2397,2397,0.9944091,0.01761,0.97378,0.95616996,0.95616996,0.0019668536,0.1710098,0.16904294,frequency_shifted
3154,3154,0.9944147,0.96717,0.00888,-0.95829,0.95829,0.1459975,0.00021808132,-0.14577942,frequency_shifted
2316,2316,0.99442023,0.009459999,0.96827996,0.95882,0.95882,0.00094074634,0.15916166,0.15822092,frequency_shifted
4870,4870,0.9944295,0.016789999,0.97145,0.95466,0.95466,0.001357446,0.13823646,0.13687901,frequency_shifted
531,531,0.9944867,0.96726,0.012999999,-0.95426,0.95426,0.16166227,0.0011371796,-0.16052508,frequency_shifted
2711,2711,0.9945022,0.01746,0.97191,0.95445,0.95445,0.0013782135,0.11638918,0.11501096,frequency_shifted
5117,5117,0.9945311,0.017579999,0.97489,0.95731,0.95731,0.0039329072,0.15006039,0.14612748,frequency_shifted
1171,1171,0.9945698,0.0152199995,0.97056997,0.95535,0.95535,0.0010237887,0.1736483,0.17262451,frequency_shifted
5719,5719,0.9945761,0.97467,0.01821,-0.95646,0.95646,0.15621877,0.004232729,-0.15198603,frequency_shifted
5817,5817,0.99457806,0.01739,0.97060996,0.95321995,0.95321995,0.0020575444,0.18184951,0.17979197,frequency_shifted
342,342,0.99458575,0.01797,0.98564,0.96766996,0.96766996,0.0036449318,0.16953328,0.16588835,frequency_shifted
199,199,0.9946052,0.96980995,0.01664,-0.95316994,0.95316994,0.18417312,0.0009159126,-0.1832572,frequency_shifted
5923,5923,0.9946325,0.97036,0.016789999,-0.95357,0.95357,0.1724511,0.003186027,-0.16926506,frequency_shifted
5480,5480,0.99463433,0.00894,0.96773,0.95879,0.95879,0.0006672155,0.15084542,0.15017821,frequency_shifted
3576,3576,0.9946369,0.01743,0.96857,0.95114,0.95114,0.0020722982,0.1657648,0.16369249,frequency_shifted
912,912,0.9946568,0.017479999,0.97634995,0.95886993,0.95886993,0.003360227,0.15772502,0.1543648,frequency_shifted
3058,3058,0.99468815,0.97314,0.0072899996,-0.96585,0.96585,0.23759612,7.645864e-05,-0.23751967,frequency_shifted
2215,2215,0.9946904,0.96568996,0.009339999,-0.95634997,0.95634997,0.14372179,0.00024967812,-0.1434721,frequency_shifted
5149,5149,0.99470705,0.01795,0.97076,0.95281,0.95281,0.007195111,0.19753107,0.19033596,frequency_shifted
5539,5539,0.9947084,0.01704,0.97288996,0.95584995,0.95584995,0.0013255378,0.1465983,0.14527276,frequency_shifted
1815,1815,0.9947182,0.010199999,0.9668,0.95659995,0.95659995,0.0009796005,0.13691127,0.13593167,frequency_shifted
5451,5451,0.9947194,0.00108,0.97005,0.96897,0.96897,3.655306e-05,0.17598203,0.17594548,frequency_shifted
3469,3469,0.994742,0.01745,0.9805,0.96305,0.96305,0.0061882082,0.1544945,0.14830628,frequency_shifted
2314,2314,0.99476683,0.010609999,0.96909,0.95848,0.95848,0.00042294318,0.16608863,0.16566569,frequency_shifted
3198,3198,0.9947889,0.97212,0.01511,-0.95701,0.95701,0.21924296,0.000922283,-0.21832068,frequency_shifted
3365,3365,0.99479353,0.98651,0.01762,-0.96888995,0.96888995,0.22568536,0.0058208355,-0.21986452,frequency_shifted
2563,2563,0.99481666,0.01731,0.97656995,0.9592599,0.9592599,0.001743382,0.15236607,0.1506227,frequency_shifted
963,963,0.9948399,0.01833,0.97691,0.95858,0.95858,0.0032066621,0.17255136,0.16934471,frequency_shifted
1208,1208,0.9948453,0.01397,0.97261,0.95864,0.95864,0.0003076316,0.125581,0.12527336,frequency_shifted
4745,4745,0.994884,0.01712,0.97818,0.96106,0.96106,0.0038422225,0.17526734,0.17142512,frequency_shifted
1378,1378,0.9948846,0.01929,0.98364997,0.96436,0.96436,0.0069466927,0.1661909,0.15924421,frequency_shifted
1873,1873,0.9948957,0.97590995,0.01347,-0.96243995,0.96243995,0.16471961,0.00021663855,-0.16450298,frequency_shifted
5392,5392,0.99490976,0.00964,0.96844,0.9588,0.9588,0.00068081846,0.16125222,0.1605714,frequency_shifted
681,681,0.99494314,0.97056997,0.008839999,-0.96172994,0.96172994,0.1855384,0.0005851476,-0.18495324,frequency_shifted
331,331,0.99494565,0.96611,0.01651,-0.9496,0.9496,0.13410869,0.001142604,-0.13296609,frequency_shifted
5121,5121,0.9950032,0.00906,0.96818995,0.9591299,0.9591299,0.0002101165,0.1443638,0.14415368,frequency_shifted
1617,1617,0.99501044,0.016929999,0.97571,0.95878,0.95878,0.0014230508,0.14104912,0.13962607,frequency_shifted
4872,4872,0.9950323,0.01743,0.98030996,0.96287996,0.96287996,0.0030507369,0.1824448,0.17939407,frequency_shifted
1595,1595,0.99503756,0.97795,0.01642,-0.96152997,0.96152997,0.16540094,0.0012574128,-0.16414352,frequency_shifted
4017,4017,0.9950412,0.97609997,0.01769,-0.95840997,0.95840997,0.159654,0.0029567597,-0.15669724,frequency_shifted
3746,3746,0.99508625,0.98491997,0.017169999,-0.96774995,0.96774995,0.16176783,0.0027213886,-0.15904644,frequency_shifted
5147,5147,0.99508834,0.00177,0.96629,0.96452,0.96452,5.5098637e-05,0.12460345,0.12454835,frequency_shifted
3776,3776,0.9950942,0.009649999,0.96805996,0.95840997,0.95840997,0.0005794129,0.15144491,0.1508655,frequency_shifted
3814,3814,0.9951116,0.96698,0.00916,-0.95782,0.95782,0.14511551,0.00027822435,-0.14483729,frequency_shifted
4263,4263,0.9951362,0.97253996,0.00643,-0.96611,0.96611,0.18790197,6.9880334e-05,-0.18783209,frequency_shifted
1334,1334,0.9951415,0.96794,0.009099999,-0.95883995,0.95883995,0.17144756,0.0005280528,-0.17091951,frequency_shifted
1825,1825,0.99514306,0.013979999,0.96866,0.95468,0.95468,0.001171419,0.15736847,0.15619704,frequency_shifted
5726,5726,0.995185,0.97044,0.01682,-0.95361996,0.95361996,0.17832789,0.0012779951,-0.17704989,frequency_shifted
4410,4410,0.99524665,0.97020996,0.00532,-0.96488994,0.96488994,0.19323671,4.5584144e-05,-0.19319113,frequency_shifted
5517,5517,0.9952611,0.97562,0.018129999,-0.95748997,0.95748997,0.16366881,0.0072050705,-0.15646374,frequency_shifted
1240,1240,0.9952786,0.00192,0.97151,0.96959,0.96959,4.892204e-05,0.18431203,0.18426311,frequency_shifted
3847,3847,0.9952946,0.96945,0.00844,-0.96101,0.96101,0.16768867,8.020677e-05,-0.16760845,frequency_shifted
3915,3915,0.99529505,0.96919,0.0067399996,-0.96245,0.96245,0.17253327,7.348476e-05,-0.1724598,frequency_shifted
1215,1215,0.9953054,0.01054,0.96818,0.95764,0.95764,0.00075127685,0.15905192,0.15830065,frequency_shifted
71,71,0.99533087,0.01749,0.98353,0.96604,0.96604,0.005839795,0.15563585,0.14979605,frequency_shifted
4925,4925,0.9953514,0.01786,0.98613,0.96827,0.96827,0.007235486,0.16273871,0.15550323,frequency_shifted
1098,1098,0.9954027,0.01707,0.96843,0.95136,0.95136,0.0006082804,0.15565681,0.15504853,frequency_shifted
5110,5110,0.9954268,0.96808,0.00145,-0.96663,0.96663,0.16502789,3.9350496e-05,-0.16498853,frequency_shifted
4947,4947,0.99544597,0.01778,0.98565,0.96787,0.96787,0.0075218645,0.17343476,0.1659129,frequency_shifted
4401,4401,0.9954612,0.01777,0.98209,0.96432,0.96432,0.0030449633,0.14040124,0.13735628,frequency_shifted
2550,2550,0.9954918,0.01597,0.96886,0.95289,0.95289,0.00066112,0.1589727,0.15831158,frequency_shifted
1052,1052,0.9955853,0.0135699995,0.96873,0.95515996,0.95515996,0.0012544441,0.15619871,0.15494427,frequency_shifted
2732,2732,0.9955863,0.01843,0.97868997,0.96026,0.96026,0.004605004,0.1804775,0.17587249,frequency_shifted
5227,5227,0.99563026,0.017719999,0.97775996,0.96004,0.96004,0.007251103,0.15064985,0.14339875,frequency_shifted
1915,1915,0.9956731,0.97033995,0.01626,-0.9540799,0.9540799,0.18317702,0.0010323407,-0.18214469,frequency_shifted
1989,1989,0.9957094,0.97086,0.00108,-0.96978,0.96978,0.21193105,2.8549079e-05,-0.2119025,frequency_shifted
5054,5054,0.99571717,0.00954,0.96799,0.95844996,0.95844996,0.00015118212,0.15521249,0.1550613,frequency_shifted
536,536,0.9957368,0.97850996,0.0176,-0.96090996,0.96090996,0.17159906,0.0051956666,-0.1664034,frequency_shifted
1192,1192,0.9957696,0.01373,0.97494996,0.96121997,0.96121997,0.00072936446,0.1901126,0.18938324,frequency_shifted
2972,2972,0.9958142,0.97018,0.011399999,-0.95878,0.95878,0.17846969,0.0007064395,-0.17776325,frequency_shifted
3778,3778,0.9959003,0.00979,0.96568996,0.95589995,0.95589995,0.00017093071,0.1395909,0.13941997,frequency_shifted
712,712,0.99591213,0.96965,0.017269999,-0.95237994,0.95237994,0.16989656,0.0047490965,-0.16514747,frequency_shifted
1189,1189,0.9959905,0.96721,0.01584,-0.95137,0.95137,0.15445311,0.001795137,-0.15265797,frequency_shifted
537,537,0.99599195,0.017719999,0.97868997,0.96097,0.96097,0.007453408,0.1747099,0.16725649,frequency_shifted
4661,4661,0.99609745,0.017959999,0.96809995,0.95013994,0.95013994,0.0037848586,0.16351132,0.15972646,frequency_shifted
2552,2552,0.99611276,0.00153,0.97034997,0.96882,0.96882,4.805792e-05,0.18422718,0.18417913,frequency_shifted
1092,1092,0.99616873,0.017889999,0.97555,0.95766,0.95766,0.0011916189,0.15659982,0.1554082,frequency_shifted
3491,3491,0.9962376,0.0179,0.97349995,0.95559996,0.95559996,0.0055836486,0.16600512,0.16042148,frequency_shifted
432,432,0.9962687,0.01745,0.96792,0.95047003,0.95047003,0.0010314714,0.14785182,0.14682035,frequency_shifted
3939,3939,0.9962722,0.01829,0.96918,0.95089,0.95089,0.001464691,0.16394489,0.16248019,frequency_shifted
3424,3424,0.996332,0.97046995,0.01215,-0.95831996,0.95831996,0.17530476,0.0005541199,-0.17475064,frequency_shifted
1200,1200,0.99638426,0.01855,0.97479,0.95624,0.95624,0.003463764,0.17139721,0.16793345,frequency_shifted
5591,5591,0.9964881,0.01639,0.96705997,0.95066994,0.95066994,0.0016933902,0.15870713,0.15701374,frequency_shifted
6068,6068,0.99652207,0.017889999,0.98626,0.96837,0.96837,0.008773488,0.19435419,0.1855807,frequency_shifted
371,371,0.9965706,0.96647996,0.01024,-0.95623994,0.95623994,0.14678468,0.00030994244,-0.14647473,frequency_shifted
4559,4559,0.99665344,0.97059995,0.00868,-0.96191996,0.96191996,0.17609714,8.537096e-05,-0.17601177,frequency_shifted
305,305,0.9967326,0.01857,0.96869,0.95012,0.95012,0.0018845043,0.15847985,0.15659535,frequency_shifted
618,618,0.99702716,0.96826,0.01678,-0.95148,0.95148,0.15243876,0.00093077694,-0.15150799,frequency_shifted
2933,2933,0.9978461,0.01839,0.9866,0.96821,0.96821,0.008536989,0.18992424,0.18138725,frequency_shifted
3715,3715,0.9785572,0.00127,0.00075999997,-0.00051000004,0.00051000004,3.3412638e-05,1.9527608e-05,-1.388503e-05,stable
6053,6053,0.9790595,0.96765995,0.97240996,0.0047500134,0.0047500134,0.15100044,0.22432882,0.073328376,stable
5491,5491,0.9796513,0.96708995,0.96901995,0.0019299984,0.0019299984,0.13660179,0.1552877,0.018685907,stable
1753,1753,0.9823202,0.01219,0.01559,0.0033999998,0.0033999998,0.0009934732,0.0009452352,-4.8238027e-05,stable
3458,3458,0.9824788,0.96467996,0.96972996,0.0050500035,0.0050500035,0.07585576,0.17707914,0.10122338,stable
341,341,0.98255986,0.00781,0.0014599999,-0.00635,0.00635,9.079679e-05,3.0761872e-05,-6.003492e-05,stable
87,87,0.984729,0.97169,0.96963996,-0.0020500422,0.0020500422,0.19803998,0.17070474,-0.027335241,stable
4351,4351,0.9864495,0.97049,0.98367995,0.013189971,0.013189971,0.20251712,0.14788501,-0.054632112,stable
2138,2138,0.9867905,0.02045,0.01781,-0.0026399996,0.0026399996,0.009961216,0.0044560856,-0.00550513,stable
2689,2689,0.9883189,0.96917,0.97182,0.0026500225,0.0026500225,0.16020302,0.20448446,0.044281438,stable
2339,2339,0.9883642,0.96699,0.97093,0.003939986,0.003939986,0.15426774,0.21843609,0.06416835,stable
3747,3747,0.9885595,0.98633,0.98692995,0.00059998035,0.00059998035,0.19260944,0.26581383,0.07320438,stable
1193,1193,0.9889314,0.97437996,0.97277,-0.0016099811,0.0016099811,0.32214236,0.27647603,-0.045666337,stable
93,93,0.9891647,0.97059995,0.97036,-0.0002399683,0.0002399683,0.18004893,0.18137163,0.0013227016,stable
5192,5192,0.9892355,0.96909,0.97242,0.0033299923,0.0033299923,0.17350858,0.2228478,0.04933922,stable
4063,4063,0.9896685,0.96689,0.97868997,0.011799991,0.011799991,0.13460083,0.17710851,0.04250768,stable
891,891,0.9896909,0.97344,0.97274,-0.00069999695,0.00069999695,0.27190188,0.24613048,-0.025771394,stable
5800,5800,0.9900085,0.97261995,0.97164,-0.00097996,0.00097996,0.23762757,0.20856194,-0.029065624,stable
2668,2668,0.9901203,0.97187,0.97189,1.9967556e-05,1.9967556e-05,0.23579499,0.22586574,-0.009929255,stable
4594,4594,0.9902667,0.96810997,0.97116,0.0030500293,0.0030500293,0.15485877,0.1827279,0.027869135,stable
2993,2993,0.9903904,0.97157997,0.97002995,-0.0015500188,0.0015500188,0.1900337,0.17728044,-0.012753263,stable
4540,4540,0.99039763,0.97348,0.97143996,-0.0020400286,0.0020400286,0.2889247,0.21313794,-0.075786754,stable
4933,4933,0.99049485,0.97068995,0.96936,-0.0013299584,0.0013299584,0.19508664,0.16697021,-0.028116435,stable
4196,4196,0.990602,0.96453,0.96879,0.0042600036,0.0042600036,0.14364466,0.18625258,0.04260792,stable
3856,3856,0.9907526,0.96911997,0.96963,0.00051003695,0.00051003695,0.16344035,0.16935988,0.005919531,stable
1636,1636,0.9907898,0.98508996,0.98108995,-0.004000008,0.004000008,0.19999307,0.12926133,-0.070731744,stable
2187,2187,0.9908451,0.97234,0.97288996,0.00054997206,0.00054997206,0.21420464,0.23578441,0.021579772,stable
116,116,0.9908842,0.97305,0.9701,-0.0029500127,0.0029500127,0.23810394,0.18575935,-0.05234459,stable
5448,5448,0.9910464,0.97564995,0.97248995,-0.0031599998,0.0031599998,0.17694554,0.22860871,0.051663175,stable
4734,4734,0.99108326,0.97133,0.97238,0.0010499954,0.0010499954,0.20832558,0.2356273,0.027301714,stable
1457,1457,0.9910924,0.96963,0.96813995,-0.0014900565,0.0014900565,0.17365442,0.14776233,-0.025892094,stable
241,241,0.99110544,0.97073996,0.97234,0.0016000271,0.0016000271,0.15700251,0.20331933,0.046316817,stable
286,286,0.99113935,0.008979999,0.00078,-0.008199999,0.008199999,0.001451904,1.9132025e-05,-0.0014327719,stable
2786,2786,0.99119157,0.96612,0.97125,0.005129993,0.005129993,0.13726537,0.20170555,0.064440176,stable
5750,5750,0.9912095,0.96812,0.98421997,0.01609999,0.01609999,0.16161597,0.18519528,0.023579314,stable
5299,5299,0.9913787,0.97113997,0.97182,0.0006800294,0.0006800294,0.23672672,0.21479292,-0.021933794,stable
5137,5137,0.9914311,0.9676,0.96698,-0.0006200075,0.0006200075,0.1481771,0.1515786,0.003401503,stable
3574,3574,0.9914509,0.97227997,0.97108996,-0.0011900067,0.0011900067,0.22376224,0.18478434,-0.038977906,stable
4600,4600,0.9914989,0.97261995,0.97217995,-0.0004400015,0.0004400015,0.24821283,0.22889425,-0.01931858,stable
6137,6137,0.99153864,0.96829,0.96879995,0.00050997734,0.00050997734,0.15043077,0.17002554,0.019594774,stable
1297,1297,0.9915683,0.97126997,0.97345996,0.0021899939,0.0021899939,0.20844387,0.22044581,0.012001947,stable
3615,3615,0.9915771,0.97095996,0.97058,-0.0003799796,0.0003799796,0.19882019,0.19476584,-0.0040543526,stable
1395,1395,0.9916345,0.9722,0.9723,0.000100016594,0.000100016594,0.22405203,0.21333553,-0.010716498,stable
48,48,0.9917846,0.012329999,0.0109,-0.0014299992,0.0014299992,0.0006543977,0.00050416356,-0.00015023415,stable
5569,5569,0.99179596,0.96998996,0.96831,-0.0016799569,0.0016799569,0.20250405,0.16840187,-0.034102187,stable
2071,2071,0.9917978,0.97055,0.96834,-0.002210021,0.002210021,0.20850632,0.1606124,-0.04789391,stable
5708,5708,0.9918224,0.97156996,0.97199,0.00042003393,0.00042003393,0.2193981,0.22537558,0.0059774816,stable
2764,2764,0.99185526,0.97181,0.97014,-0.0016700029,0.0016700029,0.21942768,0.18245672,-0.036970958,stable
1818,1818,0.991878,0.96949,0.97060996,0.0011199713,0.0011199713,0.16383485,0.18343864,0.019603789,stable
192,192,0.99191326,0.97281,0.97321,0.00040000677,0.00040000677,0.27234235,0.24933593,-0.023006424,stable
2529,2529,0.9919245,0.96961,0.9727,0.003090024,0.003090024,0.1779062,0.2435502,0.065643996,stable
4497,4497,0.9919521,0.97258997,0.96873,-0.0038599968,0.0038599968,0.23575136,0.16614644,-0.06960492,stable
2585,2585,0.99197334,0.97041,0.96972996,-0.0006800294,0.0006800294,0.20624879,0.19084093,-0.01540786,stable
956,956,0.9919792,0.96953,0.97064996,0.0011199713,0.0011199713,0.18335678,0.20425934,0.02090256,stable
2691,2691,0.99200004,0.97147,0.96933997,-0.0021300316,0.0021300316,0.20580499,0.1672295,-0.038575485,stable
1243,1243,0.99204636,0.96917,0.97151995,0.0023499727,0.0023499727,0.16012867,0.21142328,0.05129461,stable
4462,4462,0.9920515,0.96906,0.97021997,0.001159966,0.001159966,0.15412782,0.16859269,0.01446487,stable
4122,4122,0.99209046,0.97479,0.97205997,-0.002730012,0.002730012,0.29950327,0.22347738,-0.07602589,stable
328,328,0.9921755,0.96791,0.96542996,-0.00248003,0.00248003,0.17121473,0.14452763,-0.0266871,stable
267,267,0.99222153,0.01661,0.01313,-0.0034800004,0.0034800004,0.00053594116,0.00027612728,-0.00025981388,stable
4093,4093,0.9922579,0.96945,0.97071,0.0012599826,0.0012599826,0.19115621,0.20485598,0.01369977,stable
739,739,0.99232405,0.96525997,0.96725,0.0019900203,0.0019900203,0.12931447,0.15528928,0.02597481,stable
246,246,0.9923523,0.96797997,0.97033995,0.0023599863,0.0023599863,0.16737476,0.20231675,0.034941986,stable
2302,2302,0.9923717,0.9694,0.97104996,0.0016499758,0.0016499758,0.18389077,0.19901146,0.015120685,stable
404,404,0.99239856,0.96852,0.96576995,-0.002750039,0.002750039,0.17630531,0.12673193,-0.049573377,stable
4164,4164,0.9924747,0.97094995,0.97082996,-0.00011998415,0.00011998415,0.23145486,0.2004882,-0.03096667,stable
3512,3512,0.99249905,0.97413,0.97322,-0.0009099841,0.0009099841,0.28903356,0.24276015,-0.04627341,stable
4261,4261,0.99256295,0.00142,0.00072,-0.0007,0.0007,4.420389e-05,2.4851788e-05,-1.9352103e-05,stable
1751,1751,0.992592,0.97217,0.97177,-0.00040000677,0.00040000677,0.23067914,0.21089382,-0.019785315,stable
1305,1305,0.9925988,0.97238,0.97358,0.0012000203,0.0012000203,0.24635665,0.25005987,0.0037032217,stable
5587,5587,0.9926045,0.96601,0.96875995,0.0027499795,0.0027499795,0.14025392,0.16863135,0.028377429,stable
3109,3109,0.99261594,0.96989,0.97108996,0.0011999607,0.0011999607,0.18337435,0.19466823,0.011293888,stable
6085,6085,0.99261904,0.97137,0.96871,-0.0026599765,0.0026599765,0.22385417,0.16183169,-0.062022477,stable
335,335,0.99265206,0.97217,0.97018,-0.0019900203,0.0019900203,0.21610199,0.18712184,-0.02898015,stable
3294,3294,0.9926666,0.97012997,0.9773,0.0071700215,0.0071700215,0.21213366,0.1961345,-0.015999168,stable
2637,2637,0.9927151,0.9665,0.97042,0.0039200187,0.0039200187,0.14143932,0.20343715,0.06199783,stable
4805,4805,0.9927263,0.97356,0.97224,-0.0013200045,0.0013200045,0.2625344,0.22635809,-0.036176324,stable
2240,2240,0.992731,0.97044,0.9711,0.00066000223,0.00066000223,0.19821145,0.20204046,0.0038290173,stable
5296,5296,0.99273443,0.97046995,0.96611,-0.0043599606,0.0043599606,0.19422765,0.12630212,-0.06792553,stable
2513,2513,0.9927439,0.97226995,0.97274995,0.0004799962,0.0004799962,0.2260823,0.23522519,0.009142891,stable
2113,2113,0.9927592,0.98335,0.98292,-0.0004299879,0.0004299879,0.19610304,0.14426237,-0.051840663,stable
4096,4096,0.9927684,0.97691,0.96933997,-0.0075700283,0.0075700283,0.19037126,0.1825962,-0.0077750534,stable
5862,5862,0.9927815,0.97247,0.97937,0.0069000125,0.0069000125,0.23784769,0.19025105,-0.047596633,stable
2056,2056,0.992795,0.9727,0.97257996,-0.000120043755,0.000120043755,0.24758388,0.23751742,-0.010066465,stable
61,61,0.992798,0.96695995,0.96989,0.0029300451,0.0029300451,0.14678775,0.17697957,0.030191824,stable
2179,2179,0.9928354,0.97133,0.97124,-9.000301e-05,9.000301e-05,0.20372042,0.1933695,-0.010350928,stable
3164,3164,0.9928558,0.9733,0.97334,3.9994717e-05,3.9994717e-05,0.23386145,0.23641765,0.0025562048,stable
2258,2258,0.99285734,0.96968997,0.96937996,-0.00031000376,0.00031000376,0.20352152,0.20370515,0.00018362701,stable
1842,1842,0.9928931,0.97116,0.96879995,-0.002360046,0.002360046,0.18922158,0.15774114,-0.03148043,stable
744,744,0.9928973,0.97362,0.97179997,-0.0018200278,0.0018200278,0.23194712,0.20424765,-0.02769947,stable
5178,5178,0.99292433,0.98214,0.98732996,0.0051899552,0.0051899552,0.12653509,0.2032491,0.07671401,stable
2279,2279,0.99294025,0.97086,0.97075,-0.000110030174,0.000110030174,0.20391579,0.20131859,-0.002597198,stable
1607,1607,0.9929445,0.97292,0.97336996,0.00044995546,0.00044995546,0.23213169,0.22042948,-0.01170221,stable
2057,2057,0.9929559,0.9774,0.97826,0.0008599758,0.0008599758,0.18323906,0.18736193,0.004122868,stable
3057,3057,0.9929683,0.96787995,0.96796,8.004904e-05,8.004904e-05,0.15919848,0.17050306,0.011304587,stable
3453,3453,0.99297774,0.96981996,0.97128,0.0014600158,0.0014600158,0.19228843,0.22375149,0.031463057,stable
5173,5173,0.99298775,0.97264,0.97247,-0.00016999245,0.00016999245,0.23035453,0.21620402,-0.014150515,stable
490,490,0.99299407,0.97230995,0.97240996,0.000100016594,0.000100016594,0.23669466,0.23664069,-5.3972006e-05,stable
1588,1588,0.9929997,0.00935,0.016929999,0.007579999,0.007579999,0.00022140729,0.0010105905,0.0007891832,stable
1639,1639,0.99301165,0.96963,0.97503,0.005400002,0.005400002,0.16202496,0.19726726,0.035242304,stable
566,566,0.99304163,0.96979,0.96989995,0.00010997057,0.00010997057,0.20088594,0.1955858,-0.0053001344,stable
5001,5001,0.99306,0.97157997,0.97031,-0.0012699962,0.0012699962,0.20078316,0.17575051,-0.025032654,stable
583,583,0.9930705,0.97002,0.96848,-0.0015400052,0.0015400052,0.18356673,0.16118142,-0.022385314,stable
4624,4624,0.9930785,0.97839,0.97849,0.000100016594,0.000100016594,0.17603219,0.18007746,0.004045278,stable
5749,5749,0.99310076,0.97268,0.98754996,0.014869988,0.014869988,0.22547042,0.2488462,0.02337578,stable
3062,3062,0.9931021,0.973,0.98743,0.0144299865,0.0144299865,0.24556996,0.20034532,-0.045224637,stable
1840,1840,0.9931295,0.97218996,0.97251,0.00032001734,0.00032001734,0.22808798,0.22857726,0.0004892796,stable
311,311,0.9932028,0.97435,0.97455996,0.00020998716,0.00020998716,0.30370754,0.28556067,-0.018146873,stable
1420,1420,0.9932065,0.97235996,0.97353995,0.0011799932,0.0011799932,0.2377769,0.2604693,0.022692382,stable
1744,1744,0.9932159,0.97082996,0.97167,0.00084000826,0.00084000826,0.19861755,0.19822745,-0.0003900975,stable
3876,3876,0.9932165,0.97845,0.97709,-0.0013599992,0.0013599992,0.19442214,0.16174139,-0.03268075,stable
4495,4495,0.9932289,0.97170997,0.97173,2.002716e-05,2.002716e-05,0.20566869,0.2096922,0.0040235072,stable
4871,4871,0.99323,0.97212,0.96919996,-0.0029200315,0.0029200315,0.20484248,0.15709242,-0.047750056,stable
4981,4981,0.9932401,0.97273,0.97204,-0.00068998337,0.00068998337,0.24217264,0.2264473,-0.015725344,stable
5583,5583,0.9932719,0.97929996,0.97805995,-0.001240015,0.001240015,0.20686013,0.16532564,-0.041534483,stable
409,409,0.99329066,0.97051996,0.96985,-0.0006699562,0.0006699562,0.19239925,0.17809336,-0.01430589,stable
5020,5020,0.99329114,0.97323,0.97441995,0.0011899471,0.0011899471,0.2624704,0.24684058,-0.015629813,stable
5407,5407,0.99331266,0.96142,0.96835995,0.0069399476,0.0069399476,0.116105385,0.17707261,0.06096723,stable
2534,2534,0.99332035,0.97142,0.97054,-0.000880003,0.000880003,0.22593729,0.21013293,-0.015804365,stable
5069,5069,0.993328,0.97212,0.9705,-0.0016199946,0.0016199946,0.26905364,0.21940668,-0.04964696,stable
3336,3336,0.993392,0.9727,0.97357,0.0008699894,0.0008699894,0.23725547,0.2488524,0.011596933,stable
2356,2356,0.99339294,0.96612996,0.96904,0.002910018,0.002910018,0.13478678,0.1768861,0.042099312,stable
3846,3846,0.9934373,0.97187996,0.97160995,-0.00027000904,0.00027000904,0.22885576,0.21406338,-0.014792383,stable
2717,2717,0.9934397,0.97072,0.97242,0.0016999841,0.0016999841,0.18626128,0.21974322,0.03348194,stable
4313,4313,0.99344754,0.96918,0.97116,0.0019800067,0.0019800067,0.18369779,0.20397899,0.020281196,stable
3291,3291,0.9934597,0.9712,0.97041,-0.00078999996,0.00078999996,0.21042797,0.20174445,-0.008683518,stable
3438,3438,0.9934888,0.97221,0.97229,7.998943e-05,7.998943e-05,0.23970342,0.23241644,-0.0072869807,stable
5786,5786,0.9934902,0.9662,0.96878,0.002579987,0.002579987,0.15108271,0.17852789,0.027445182,stable
3871,3871,0.99349225,0.00057,0.00444,0.00387,0.00387,1.5866304e-05,2.794635e-05,1.2080045e-05,stable
6022,6022,0.9934934,0.97472,0.97347,-0.0012500286,0.0012500286,0.3153681,0.27584022,-0.039527863,stable
4911,4911,0.99350166,0.97182,0.97380996,0.0019899607,0.0019899607,0.22814502,0.2565324,0.028387383,stable
1063,1063,0.99351466,0.97379,0.97314,-0.00064998865,0.00064998865,0.26391298,0.2465559,-0.017357081,stable
2438,2438,0.99351513,0.97266,0.97134995,-0.0013100505,0.0013100505,0.268356,0.23487179,-0.033484206,stable
1539,1539,0.99351966,0.97113997,0.97214997,0.0010100007,0.0010100007,0.19941437,0.21263328,0.0132189095,stable
6101,6101,0.9935262,0.97278,0.9727,-7.998943e-05,7.998943e-05,0.25892848,0.24157327,-0.017355204,stable
4561,4561,0.9935273,0.97283995,0.97170997,-0.0011299849,0.0011299849,0.25209722,0.21653263,-0.035564587,stable
4799,4799,0.99353355,0.97086996,0.97170997,0.00084000826,0.00084000826,0.2082771,0.19937973,-0.008897379,stable
5331,5331,0.99354655,0.97244996,0.97420996,0.001760006,0.001760006,0.27707916,0.23866773,-0.03841144,stable
4428,4428,0.9935514,0.97494,0.9759,0.0009599924,0.0009599924,0.29773584,0.26470733,-0.033028513,stable
985,985,0.9935657,0.98117995,0.98155,0.00037002563,0.00037002563,0.27681285,0.27290285,-0.003910005,stable
3499,3499,0.9935738,0.00084,0.0101499995,0.00931,0.00931,2.5379097e-05,0.00061160506,0.00058622594,stable
5394,5394,0.9935821,0.97411996,0.97415996,3.9994717e-05,3.9994717e-05,0.28088844,0.25684547,-0.024042964,stable
403,403,0.9935839,0.97319996,0.97642,0.0032200217,0.0032200217,0.13936321,0.18429445,0.044931233,stable
4496,4496,0.9935896,0.97124,0.97156,0.00032001734,0.00032001734,0.22068657,0.21172136,-0.008965209,stable
325,325,0.99359345,0.016859999,0.01616,-0.0006999988,0.0006999988,0.0016985667,0.000861262,-0.00083730475,stable
437,437,0.9936124,0.96537995,0.96712,0.0017400384,0.0017400384,0.13979642,0.15311357,0.013317153,stable
6140,6140,0.99361587,0.98888,0.98881996,-6.0021877e-05,6.0021877e-05,0.22222285,0.20182839,-0.02039446,stable
2295,2295,0.9936185,0.97145,0.97016996,-0.0012800097,0.0012800097,0.20276836,0.18315163,-0.019616723,stable
4228,4228,0.9936285,0.97151995,0.97309995,0.0015799999,0.0015799999,0.23739108,0.26084706,0.023455977,stable
3471,3471,0.99363476,0.97146,0.97176,0.00029999018,0.00029999018,0.23321429,0.21715675,-0.016057536,stable
1394,1394,0.9936448,0.96883,0.96955997,0.0007299781,0.0007299781,0.17702831,0.1821618,0.00513348,stable
1522,1522,0.993654,0.97282,0.97242,-0.00040000677,0.00040000677,0.22421457,0.22469977,0.0004851967,stable
5408,5408,0.9936645,0.97042,0.97041,-1.001358e-05,1.001358e-05,0.2014405,0.20361112,0.0021706223,stable
4431,4431,0.99367213,0.96945995,0.97200996,0.002550006,0.002550006,0.17672351,0.21414812,0.03742461,stable
5604,5604,0.9936798,0.00083,0.00116,0.00033,0.00033,2.5315121e-05,3.7025136e-05,1.1710015e-05,stable
2753,2753,0.9936805,0.96777,0.96462995,-0.0031400323,0.0031400323,0.164686,0.13263352,-0.032052472,stable
2501,2501,0.9936821,0.97476,0.97374,-0.0010200143,0.0010200143,0.28669694,0.25700933,-0.029687613,stable
5479,5479,0.99368775,0.97216,0.97007996,-0.0020800233,0.0020800233,0.22332889,0.18859594,-0.034732953,stable
747,747,0.99368966,0.96778,0.96841997,0.0006399751,0.0006399751,0.15489969,0.1747559,0.019856215,stable
5894,5894,0.993703,0.97251,0.9723,-0.00020998716,0.00020998716,0.21898896,0.23870164,0.019712687,stable
3278,3278,0.99371296,0.97775,0.9784,0.00064998865,0.00064998865,0.16046172,0.1714041,0.01094237,stable
3305,3305,0.9937279,0.97404,0.97629,0.0022500157,0.0022500157,0.2917192,0.24643281,-0.045286387,stable
4701,4701,0.99373746,0.97093,0.9738,0.0028700233,0.0028700233,0.18174334,0.22062597,0.038882628,stable
4739,4739,0.9937409,0.97325,0.97301996,-0.00023001432,0.00023001432,0.3018118,0.2636054,-0.03820643,stable
4414,4414,0.99374866,0.96883,0.96993995,0.0011099577,0.0011099577,0.16855347,0.1846344,0.01608093,stable
2692,2692,0.99374914,0.96672,0.97549,0.008769989,0.008769989,0.14169224,0.1531754,0.011483163,stable
3736,3736,0.9937558,0.96975,0.96997,0.00022000074,0.00022000074,0.18470694,0.1946714,0.009964466,stable
1364,1364,0.9937567,0.98383,0.98559,0.001760006,0.001760006,0.1571317,0.17636558,0.019233882,stable
2262,2262,0.993765,0.00861,0.009579999,0.00096999947,0.00096999947,0.0002867123,0.0004227344,0.00013602208,stable
5461,5461,0.99377286,0.96822,0.97102,0.0027999878,0.0027999878,0.16850789,0.19602792,0.02752003,stable
2885,2885,0.99377954,0.97174996,0.97367996,0.0019299984,0.0019299984,0.17700996,0.21784052,0.040830567,stable
5561,5561,0.9937912,0.96620995,0.96799,0.0017800331,0.0017800331,0.14685826,0.16306868,0.016210422,stable
2774,2774,0.9938127,0.96958995,0.96586996,-0.0037199855,0.0037199855,0.17405462,0.13620193,-0.03785269,stable
3051,3051,0.99382085,0.98701,0.98499995,-0.0020100474,0.0020100474,0.22422326,0.18312722,-0.04109603,stable
3066,3066,0.9938339,0.9727,0.97248,-0.00022000074,0.00022000074,0.25253424,0.24124277,-0.011291474,stable
5428,5428,0.99383414,0.97376996,0.97450995,0.00073999166,0.00073999166,0.23074046,0.2652996,0.03455913,stable
5695,5695,0.9938365,0.97268,0.98974997,0.017069995,0.017069995,0.21187831,0.23109664,0.019218326,stable
3620,3620,0.993852,0.97266996,0.97224,-0.0004299879,0.0004299879,0.2181919,0.22207138,0.0038794726,stable
5692,5692,0.99387497,0.96981996,0.97088,0.001060009,0.001060009,0.17404883,0.18969068,0.015641853,stable
4457,4457,0.99387634,0.9745,0.97397995,-0.0005200505,0.0005200505,0.28480244,0.25560865,-0.029193789,stable
440,440,0.993881,0.01846,0.017719999,-0.000740001,0.000740001,0.0032386624,0.003520332,0.00028166967,stable
3893,3893,0.9938966,0.97198,0.97218996,0.00020998716,0.00020998716,0.21288586,0.22578922,0.0129033625,stable
3172,3172,0.9939004,0.98802996,0.98530996,-0.0027199984,0.0027199984,0.21086164,0.16910984,-0.041751802,stable
4823,4823,0.9939041,0.00078,0.00072999997,-5.000003e-05,5.000003e-05,2.339907e-05,2.2537148e-05,-8.619227e-07,stable
5805,5805,0.9939064,0.97032,0.97221,0.0018900037,0.0018900037,0.18225339,0.21512856,0.032875165,stable
5213,5213,0.9939383,0.96836996,0.96994996,0.0015799999,0.0015799999,0.16947015,0.1786603,0.009190157,stable
1668,1668,0.99399984,0.96983,0.96863997,-0.0011900067,0.0011900067,0.18402405,0.16048053,-0.023543522,stable
3177,3177,0.99400616,0.96981996,0.96559,-0.004229963,0.004229963,0.17673577,0.12756807,-0.049167708,stable
5044,5044,0.994012,0.97317,0.97240996,-0.0007600188,0.0007600188,0.24077937,0.23062147,-0.010157898,stable
5758,5758,0.99401534,0.014819999,0.015339999,0.00052000023,0.00052000023,0.0005824433,0.0003664643,-0.00021597903,stable
2107,2107,0.99401677,0.96933997,0.97063,0.0012900233,0.0012900233,0.16803089,0.19506754,0.027036652,stable
4669,4669,0.99401903,0.97745997,0.98791,0.0104500055,0.0104500055,0.24220093,0.2229646,-0.019236326,stable
105,105,0.99402,0.97191995,0.97169,-0.00022995472,0.00022995472,0.20908256,0.20052269,-0.008559868,stable
3635,3635,0.9940262,0.97371995,0.98394996,0.010230005,0.010230005,0.13108943,0.16216846,0.031079024,stable
26,26,0.99406546,0.97227997,0.97227997,0.0,0.0,0.22677253,0.2196663,-0.0071062297,stable
12,12,0.99407375,0.97293997,0.97954,0.0066000223,0.0066000223,0.21306667,0.20017742,-0.012889251,stable
5094,5094,0.994092,0.98849,0.98784,-0.00064998865,0.00064998865,0.24200833,0.2237307,-0.01827763,stable
3849,3849,0.9940948,0.97247,0.96948,-0.0029900074,0.0029900074,0.2082414,0.17044562,-0.037795782,stable
4004,4004,0.99409974,0.96958,0.96931,-0.00027000904,0.00027000904,0.18141969,0.18095554,-0.00046414137,stable
4131,4131,0.9941095,0.97064996,0.96869,-0.0019599795,0.0019599795,0.18660429,0.15895732,-0.027646974,stable
668,668,0.9941188,0.97305,0.97301,-3.9994717e-05,3.9994717e-05,0.25871882,0.24880221,-0.009916604,stable
3482,3482,0.9941189,0.97170997,0.97143,-0.00027996302,0.00027996302,0.21263248,0.21487048,0.0022380054,stable
2052,2052,0.99412847,0.00634,0.0007,-0.00564,0.00564,7.8386554e-05,2.414002e-05,-5.4246535e-05,stable
5753,5753,0.9941304,0.9726,0.9712,-0.0013999939,0.0013999939,0.23471187,0.19542465,-0.039287224,stable
5478,5478,0.99413663,0.97125,0.97222,0.000970006,0.000970006,0.20322761,0.21353589,0.010308281,stable
226,226,0.99413836,0.98056996,0.98078996,0.00022000074,0.00022000074,0.25441656,0.2573251,0.0029085577,stable
327,327,0.994153,0.96897995,0.97132,0.0023400187,0.0023400187,0.17612031,0.19522142,0.019101113,stable
1475,1475,0.9941561,0.96715,0.97090995,0.0037599802,0.0037599802,0.1470771,0.19390997,0.046832874,stable
2963,2963,0.9941561,0.97401,0.97292995,-0.0010800362,0.0010800362,0.26086414,0.22745995,-0.033404186,stable
1445,1445,0.9941628,0.97037,0.98089,0.010519981,0.010519981,0.21305902,0.25024328,0.037184253,stable
2154,2154,0.994167,0.97195,0.97266996,0.0007199645,0.0007199645,0.22375962,0.21568172,-0.008077905,stable
1538,1538,0.9941683,0.97146,0.97344,0.0019800067,0.0019800067,0.20114769,0.19871585,-0.0024318397,stable
1732,1732,0.99418175,0.97031,0.96813,-0.0021799803,0.0021799803,0.19198865,0.16141346,-0.030575186,stable
4040,4040,0.99419487,0.97836,0.97977996,0.0014199615,0.0014199615,0.2165146,0.2403873,0.023872703,stable
5442,5442,0.9942281,0.97810996,0.97915,0.0010400414,0.0010400414,0.29886535,0.29131088,-0.0075544715,stable
2994,2994,0.9942343,0.96734,0.96799,0.00064998865,0.00064998865,0.14639145,0.16155833,0.015166879,stable
1021,1021,0.99425745,0.01153,0.008979999,-0.0025500003,0.0025500003,0.00052919565,0.0004084156,-0.00012078005,stable
950,950,0.9942619,0.97012997,0.98004997,0.009920001,0.009920001,0.18615437,0.11880271,-0.067351654,stable
2785,2785,0.99427354,0.9716,0.97108,-0.0005199909,0.0005199909,0.19739285,0.178183,-0.019209847,stable
3999,3999,0.99428046,0.97538,0.98959,0.014209986,0.014209986,0.33853355,0.3078524,-0.030681163,stable
1837,1837,0.99428296,0.97024,0.97086,0.0006200075,0.0006200075,0.17838734,0.1854373,0.007049963,stable
1543,1543,0.99428374,0.96963,0.97133,0.0016999841,0.0016999841,0.18519269,0.21753302,0.032340333,stable
2357,2357,0.99429536,0.96944,0.9701,0.00066000223,0.00066000223,0.17194925,0.17934081,0.007391557,stable
694,694,0.99429864,0.97279,0.9738,0.0010100007,0.0010100007,0.25850463,0.26358366,0.005079031,stable
1022,1022,0.99430144,0.00624,0.00272,-0.00352,0.00352,4.20044e-05,2.9228906e-05,-1.2775496e-05,stable
467,467,0.99432653,0.97217,0.97169,-0.0004799962,0.0004799962,0.19224347,0.18008703,-0.012156442,stable
5673,5673,0.9943403,0.9733,0.97270995,-0.0005900264,0.0005900264,0.24526598,0.22349975,-0.02176623,stable
3202,3202,0.99434423,0.97090995,0.97073996,-0.00016999245,0.00016999245,0.19373105,0.18899508,-0.0047359765,stable
5375,5375,0.9943453,0.97045,0.96796995,-0.00248003,0.00248003,0.20492437,0.17052332,-0.03440106,stable
3371,3371,0.99435085,0.97363997,0.97394997,0.00031000376,0.00031000376,0.24896784,0.25105488,0.0020870417,stable
3403,3403,0.9943564,0.97143996,0.97138,-5.9962273e-05,5.9962273e-05,0.22498539,0.20920333,-0.015782058,stable
4985,4985,0.9943595,0.97256,0.97202,-0.0005400181,0.0005400181,0.227083,0.1974128,-0.029670194,stable
2259,2259,0.99436307,0.99075997,0.98981,-0.0009499788,0.0009499788,0.33322725,0.2528411,-0.08038616,stable
775,775,0.9943713,0.96693,0.96800995,0.0010799766,0.0010799766,0.16284029,0.16635914,0.0035188496,stable
755,755,0.9943792,0.97288996,0.97216,-0.0007299781,0.0007299781,0.21773931,0.18240687,-0.03533244,stable
610,610,0.99438846,0.97336996,0.97335,-1.9967556e-05,1.9967556e-05,0.2779234,0.27792904,5.632639e-06,stable
1333,1333,0.99439293,0.97205997,0.97714996,0.0050899982,0.0050899982,0.19528241,0.19565539,0.00037297606,stable
842,842,0.99440837,0.96937996,0.96603996,-0.0033400059,0.0033400059,0.16945992,0.14089532,-0.028564602,stable
809,809,0.9944143,0.97255,0.97182,-0.0007299781,0.0007299781,0.23938777,0.21529014,-0.024097621,stable
2254,2254,0.99442524,0.97081995,0.97743,0.006610036,0.006610036,0.18036419,0.16196093,-0.018403262,stable
2252,2252,0.99443054,0.96884996,0.96638,-0.0024699569,0.0024699569,0.17989472,0.1537263,-0.02616842,stable
4884,4884,0.9944316,0.01535,0.01616,0.0008100001,0.0008100001,0.00046217238,0.0004776283,1.545591e-05,stable
458,458,0.99443245,0.97148997,0.97091997,-0.0005699992,0.0005699992,0.20596212,0.19047278,-0.01548934,stable
4458,4458,0.99443316,0.97025996,0.97009,-0.00016999245,0.00016999245,0.19288649,0.19797084,0.0050843507,stable
2625,2625,0.99444246,0.97858995,0.9783,-0.0002899766,0.0002899766,0.20356578,0.20194964,-0.0016161352,stable
2648,2648,0.99444515,0.97177,0.97088,-0.00089001656,0.00089001656,0.20680888,0.20021297,-0.0065959096,stable
589,589,0.9944473,0.98034996,0.98004997,-0.00029999018,0.00029999018,0.21634364,0.20026252,-0.016081125,stable
5143,5143,0.9944508,0.96911997,0.96729,-0.0018299818,0.0018299818,0.17367741,0.15105328,-0.022624135,stable
2269,2269,0.9944641,0.98853,0.9874,-0.0011299849,0.0011299849,0.2523947,0.21065241,-0.041742295,stable
2947,2947,0.9944669,0.96752,0.97077996,0.0032599568,0.0032599568,0.14441851,0.19193862,0.047520116,stable
935,935,0.99446726,0.96981996,0.97024995,0.0004299879,0.0004299879,0.18950759,0.18827273,-0.0012348592,stable
592,592,0.99448436,0.97413,0.97560996,0.0014799833,0.0014799833,0.1499822,0.092436075,-0.057546124,stable
4332,4332,0.9944867,0.97002995,0.97055995,0.0005300045,0.0005300045,0.18227062,0.17283542,-0.009435192,stable
4997,4997,0.99448717,0.96989,0.97112995,0.0012399554,0.0012399554,0.16999507,0.18635248,0.016357407,stable
1281,1281,0.9944912,0.97086996,0.97037995,-0.0004900098,0.0004900098,0.21185322,0.18955596,-0.022297263,stable
256,256,0.99449503,0.96603996,0.96654,0.00050002337,0.00050002337,0.14120713,0.14860253,0.0073954016,stable
4752,4752,0.9945121,0.00841,0.00863,0.00021999981,0.00021999981,0.00091134716,0.00070757436,-0.0002037728,stable
452,452,0.9945239,0.96630996,0.96975,0.0034400225,0.0034400225,0.13471462,0.17878488,0.04407026,stable
2329,2329,0.99452484,0.97108996,0.96962,-0.0014699697,0.0014699697,0.21587797,0.18982933,-0.02604863,stable
1391,1391,0.9945471,0.97032,0.96999997,-0.00032001734,0.00032001734,0.20243865,0.19250394,-0.0099347085,stable
962,962,0.9945495,0.97472,0.9745,-0.00022000074,0.00022000074,0.28921753,0.27913967,-0.010077864,stable
5391,5391,0.99455214,0.96862996,0.96985996,0.0012300014,0.0012300014,0.19614296,0.20727819,0.011135235,stable
1957,1957,0.99456096,0.97024995,0.97518,0.0049300194,0.0049300194,0.19384316,0.15936306,-0.034480095,stable
5293,5293,0.9945617,0.97133,0.9783,0.0069699883,0.0069699883,0.22319746,0.21414667,-0.0090507865,stable
2682,2682,0.99457103,0.97143,0.96624,-0.005190015,0.005190015,0.19131917,0.13250953,-0.058809638,stable
5027,5027,0.99457175,0.97011,0.97097,0.0008599758,0.0008599758,0.204143,0.20057082,-0.0035721809,stable
5634,5634,0.9945723,0.97135997,0.9705,-0.0008599758,0.0008599758,0.20015797,0.17003612,-0.030121848,stable
4417,4417,0.9945789,0.97279,0.97213,-0.00066000223,0.00066000223,0.22470203,0.20081443,-0.023887604,stable
885,885,0.9945801,0.9744,0.97439,-1.001358e-05,1.001358e-05,0.31430018,0.2880266,-0.026273578,stable
4419,4419,0.99459124,0.96971995,0.97098,0.0012600422,0.0012600422,0.17366125,0.18681476,0.013153508,stable
184,184,0.9945945,0.98388,0.98679,0.002910018,0.002910018,0.1571308,0.18379402,0.026663229,stable
5844,5844,0.9945955,0.98196,0.98126,-0.00069999695,0.00069999695,0.27461377,0.24347116,-0.031142607,stable
2140,2140,0.9945964,0.97014,0.97112995,0.0009899735,0.0009899735,0.20925969,0.21500938,0.0057496876,stable
2046,2046,0.9946035,0.9733,0.97345,0.00015002489,0.00015002489,0.25029355,0.23415175,-0.016141802,stable
4864,4864,0.99460566,0.98072,0.97828996,-0.0024300218,0.0024300218,0.1229421,0.1603873,0.03744521,stable
4203,4203,0.9946057,0.97420996,0.97388995,-0.00032001734,0.00032001734,0.29008034,0.27652672,-0.013553619,stable
5179,5179,0.99461114,0.97185,0.97037,-0.0014799833,0.0014799833,0.22649585,0.18698615,-0.0395097,stable
2450,2450,0.9946187,0.97286,0.97156996,-0.0012900233,0.0012900233,0.239276,0.20620343,-0.033072576,stable
2456,2456,0.99462163,0.97446996,0.97335,-0.0011199713,0.0011199713,0.2967041,0.25085315,-0.045850962,stable
4269,4269,0.99462694,0.96839,0.96935,0.0009599924,0.0009599924,0.17659953,0.19078775,0.014188215,stable
4101,4101,0.99463046,0.97178,0.97213995,0.00035995245,0.00035995245,0.22791025,0.23103485,0.0031245947,stable
5762,5762,0.9946381,0.97036,0.97138,0.0010200143,0.0010200143,0.20055166,0.19927588,-0.0012757778,stable
2579,2579,0.9946406,0.97196996,0.97246,0.0004900098,0.0004900098,0.20767765,0.20308983,-0.004587814,stable
1948,1948,0.99464595,0.97161996,0.97034997,-0.0012699962,0.0012699962,0.21427241,0.18633999,-0.02793242,stable
1058,1058,0.99465716,0.96880996,0.96509,-0.0037199855,0.0037199855,0.15792462,0.1221741,-0.035750523,stable
2603,2603,0.9946681,0.98696995,0.98543,-0.0015399456,0.0015399456,0.1863634,0.16244769,-0.023915708,stable
3476,3476,0.9946704,0.97011,0.97028,0.00016999245,0.00016999245,0.20010889,0.20491211,0.0048032254,stable
5434,5434,0.99467903,0.97146,0.97208,0.0006200075,0.0006200075,0.20185116,0.21009447,0.0082433075,stable
5614,5614,0.99468344,0.97318995,0.97350997,0.00032001734,0.00032001734,0.24478185,0.2421259,-0.0026559532,stable
4721,4721,0.9946842,0.97169995,0.9709,-0.00079995394,0.00079995394,0.23295906,0.21945734,-0.013501719,stable
1415,1415,0.9946966,0.97374,0.97291,-0.0008299947,0.0008299947,0.24105671,0.23562358,-0.0054331273,stable
247,247,0.99469745,0.96405995,0.96378,-0.00027996302,0.00027996302,0.124578536,0.11484533,-0.0097332075,stable
4162,4162,0.9946992,0.96932,0.97103995,0.0017199516,0.0017199516,0.17296968,0.2066798,0.033710122,stable
1524,1524,0.99470353,0.97199,0.97231996,0.0003299713,0.0003299713,0.23690933,0.2357542,-0.0011551231,stable
2036,2036,0.994704,0.9805,0.98832995,0.007829964,0.007829964,0.21927409,0.21433085,-0.0049432367,stable
2622,2622,0.9947093,0.97117996,0.97156,0.00038003922,0.00038003922,0.27222332,0.24141957,-0.030803755,stable
3262,3262,0.99472636,0.97389996,0.97379,-0.00010997057,0.00010997057,0.27344692,0.25069317,-0.022753745,stable
2227,2227,0.994735,0.96963996,0.97100997,0.0013700128,0.0013700128,0.186336,0.19758219,0.0112461895,stable
3905,3905,0.9947468,0.97244,0.97205997,-0.00038003922,0.00038003922,0.25123605,0.23780257,-0.013433486,stable
4867,4867,0.9947679,0.96891,0.96866,-0.00024998188,0.00024998188,0.1893824,0.16733511,-0.022047296,stable
3789,3789,0.99477494,0.97103995,0.97159,0.00055003166,0.00055003166,0.19079226,0.21821389,0.027421623,stable
4833,4833,0.99477893,0.00116,0.0011999999,3.9999955e-05,3.9999955e-05,3.0061125e-05,2.626596e-05,-3.795165e-06,stable
792,792,0.994784,0.97099996,0.9705,-0.00049996376,0.00049996376,0.21311808,0.20772406,-0.0053940117,stable
2650,2650,0.9947898,0.97261,0.97278,0.00016999245,0.00016999245,0.22932531,0.21643193,-0.012893379,stable
797,797,0.9947907,0.97093,0.97898,0.0080500245,0.0080500245,0.2010326,0.20700577,0.005973175,stable
4322,4322,0.994802,0.97196996,0.97059,-0.0013799667,0.0013799667,0.23879327,0.1947414,-0.04405187,stable
580,580,0.9948052,0.97213,0.97194,-0.00019001961,0.00019001961,0.22431843,0.22211187,-0.002206564,stable
1166,1166,0.9948186,0.97301,0.97327,0.00025999546,0.00025999546,0.2509258,0.24942394,-0.0015018731,stable
2572,2572,0.99482596,0.97255,0.97113997,-0.0014100075,0.0014100075,0.21912464,0.2016564,-0.017468244,stable
513,513,0.9948351,0.96892,0.96901,9.000301e-05,9.000301e-05,0.17056492,0.16736268,-0.0032022446,stable
4090,4090,0.9948499,0.97252995,0.97305,0.0005200505,0.0005200505,0.2622861,0.25254166,-0.009744436,stable
5495,5495,0.994868,0.9704,0.98447996,0.014079988,0.014079988,0.19853468,0.15637963,-0.042155057,stable
4841,4841,0.99487185,0.97861,0.9791,0.0004900098,0.0004900098,0.21652699,0.21029378,-0.0062332004,stable
2541,2541,0.9948724,0.97633,0.98026997,0.003939986,0.003939986,0.17153752,0.17209804,0.0005605221,stable
2901,2901,0.9948742,0.97195995,0.97112995,-0.0008299947,0.0008299947,0.21410249,0.19338876,-0.020713732,stable
2458,2458,0.9948745,0.98012,0.98473996,0.004619956,0.004619956,0.20781748,0.1835277,-0.024289787,stable
2971,2971,0.99488044,0.97946995,0.98231995,0.002849996,0.002849996,0.2142279,0.22132146,0.0070935637,stable
5352,5352,0.99488544,0.97273,0.97286,0.00012999773,0.00012999773,0.25005704,0.25237516,0.002318114,stable
5620,5620,0.9948949,0.97252,0.97235996,-0.00016003847,0.00016003847,0.24714257,0.23470871,-0.012433857,stable
422,422,0.9948988,0.96998,0.97135997,0.0013799667,0.0013799667,0.19328065,0.22583452,0.032553867,stable
5289,5289,0.99490035,0.96936,0.97392,0.0045599937,0.0045599937,0.15323545,0.16484189,0.01160644,stable
3108,3108,0.9949034,0.97295,0.97303,7.998943e-05,7.998943e-05,0.25479093,0.24775726,-0.007033676,stable
3753,3753,0.9949072,0.97135997,0.97156996,0.00020998716,0.00020998716,0.22363,0.22301312,-0.0006168783,stable
5116,5116,0.9949078,0.97142,0.97160995,0.00018996,0.00018996,0.2158014,0.21456642,-0.0012349784,stable
899,899,0.99491054,0.97238,0.97789997,0.005519986,0.005519986,0.19923411,0.18278201,-0.016452104,stable
2566,2566,0.99491405,0.97116995,0.97181,0.0006400347,0.0006400347,0.18894938,0.19281122,0.0038618445,stable
1460,1460,0.99491835,0.008429999,0.00097,-0.0074599995,0.0074599995,9.751194e-05,2.6957763e-05,-7.0554175e-05,stable
2415,2415,0.99491864,0.01719,0.01766,0.0004699994,0.0004699994,0.0048179664,0.0038689314,-0.00094903493,stable
3906,3906,0.99493337,0.96752,0.96857995,0.0010599494,0.0010599494,0.14705442,0.15932345,0.012269035,stable
5870,5870,0.9949342,0.96948,0.97077996,0.0012999773,0.0012999773,0.18608148,0.2124845,0.02640301,stable
1884,1884,0.9949362,0.97305995,0.97896,0.0059000254,0.0059000254,0.11718204,0.17412975,0.056947716,stable
2342,2342,0.99493825,0.97787,0.97713,-0.00073999166,0.00073999166,0.18013199,0.16314825,-0.016983733,stable
4150,4150,0.99494064,0.97139996,0.97073996,-0.00066000223,0.00066000223,0.20003873,0.1815973,-0.018441424,stable
5985,5985,0.9949418,0.97151,0.96971995,-0.0017900467,0.0017900467,0.2150272,0.19302396,-0.022003233,stable
6067,6067,0.9949496,0.96944,0.97028,0.00084000826,0.00084000826,0.17921078,0.1863257,0.007114917,stable
2770,2770,0.9949508,0.97217,0.97701997,0.0048499703,0.0048499703,0.21305427,0.2034406,-0.009613663,stable
524,524,0.99497485,0.97383,0.98295,0.0091199875,0.0091199875,0.16797046,0.15652265,-0.011447817,stable
2001,2001,0.994976,0.97407997,0.97369,-0.0003899932,0.0003899932,0.28484398,0.27117896,-0.0136650205,stable
206,206,0.99497986,0.0088599995,0.00093,-0.007929999,0.007929999,0.00016145413,2.9744533e-05,-0.00013170959,stable
2944,2944,0.9949803,0.96524996,0.96677,0.0015200377,0.0015200377,0.1303467,0.14543979,0.015093088,stable
1723,1723,0.99498314,0.983,0.98411995,0.0011199713,0.0011199713,0.14415142,0.16200265,0.017851233,stable
3794,3794,0.9949874,0.97042996,0.97014,-0.0002899766,0.0002899766,0.17996272,0.17190555,-0.008057177,stable
1435,1435,0.9949895,0.97339,0.9726,-0.00078999996,0.00078999996,0.2590021,0.23479019,-0.024211898,stable
939,939,0.99499273,0.96695995,0.96989995,0.002939999,0.002939999,0.16652879,0.18883757,0.022308782,stable
5009,5009,0.99499965,0.96985,0.96932995,-0.0005200505,0.0005200505,0.19333027,0.17200401,-0.021326259,stable
3099,3099,0.9950083,0.97016996,0.97151995,0.0013499856,0.0013499856,0.19436385,0.19693527,0.0025714189,stable
4761,4761,0.99500847,0.009219999,0.016139999,0.0069199996,0.0069199996,0.00019206833,0.0003980149,0.00020594658,stable
3827,3827,0.99502885,0.97204995,0.97242,0.00037002563,0.00037002563,0.21871038,0.21367353,-0.005036846,stable
575,575,0.995029,0.96968997,0.97784996,0.008159995,0.008159995,0.18624964,0.19260822,0.006358579,stable
2081,2081,0.9950316,0.98235,0.9898,0.0074499846,0.0074499846,0.26025844,0.2977387,0.037480265,stable
3250,3250,0.99503815,0.97234,0.97227997,-6.0021877e-05,6.0021877e-05,0.22173531,0.22059579,-0.0011395216,stable
1821,1821,0.995039,0.97094995,0.97406,0.0031100512,0.0031100512,0.18072204,0.18936,0.00863795,stable
1998,1998,0.99503934,0.97195,0.97068,-0.0012699962,0.0012699962,0.21749733,0.19609214,-0.02140519,stable
3252,3252,0.9950397,0.97018,0.97139996,0.0012199879,0.0012199879,0.20175828,0.21749623,0.01573795,stable
5605,5605,0.99504673,0.96902996,0.97095996,0.0019299984,0.0019299984,0.16312073,0.19546147,0.032340735,stable
4125,4125,0.99505264,0.98907995,0.98932,0.0002400279,0.0002400279,0.22779632,0.23007773,0.0022814125,stable
2841,2841,0.9950554,0.97972995,0.98728997,0.0075600147,0.0075600147,0.20752786,0.20962626,0.0020983964,stable
1044,1044,0.9950564,0.97292,0.97199,-0.0009300113,0.0009300113,0.21714757,0.2085325,-0.008615077,stable
209,209,0.99505925,0.97113997,0.97195,0.0008100271,0.0008100271,0.20557056,0.21376845,0.008197889,stable
5889,5889,0.99506265,0.97082996,0.97044,-0.0003899932,0.0003899932,0.20027539,0.19009918,-0.010176212,stable
3867,3867,0.9950645,0.97094,0.97047997,-0.00046002865,0.00046002865,0.19269082,0.18059695,-0.012093872,stable
3733,3733,0.9950684,0.96844,0.97005,0.0016099811,0.0016099811,0.15708044,0.17880702,0.021726578,stable
1988,1988,0.995076,0.97145,0.97258997,0.0011399984,0.0011399984,0.20686965,0.19434087,-0.012528777,stable
4170,4170,0.99508023,0.97218996,0.97279,0.00060003996,0.00060003996,0.23506288,0.21816443,-0.016898453,stable
2143,2143,0.9950843,0.97397995,0.97391,-6.997585e-05,6.997585e-05,0.27795553,0.27806154,0.00010600686,stable
3798,3798,0.9950857,0.97081995,0.96734995,-0.0034700036,0.0034700036,0.19873294,0.14853036,-0.05020258,stable
4978,4978,0.9950869,0.97353995,0.97257996,-0.0009599924,0.0009599924,0.2938079,0.24191523,-0.051892668,stable
3547,3547,0.9951037,0.98324996,0.98513997,0.0018900037,0.0018900037,0.19142762,0.16720848,-0.02421914,stable
1106,1106,0.99510384,0.9734,0.97313,-0.00027000904,0.00027000904,0.26837164,0.2615335,-0.006838143,stable
4183,4183,0.99511683,0.97283995,0.97167,-0.0011699796,0.0011699796,0.27406582,0.23772867,-0.036337152,stable
1746,1746,0.99511814,0.96409,0.97545,0.01135999,0.01135999,0.1147609,0.17108019,0.05631929,stable
25,25,0.99512386,0.97178996,0.97323996,0.0014500022,0.0014500022,0.22118308,0.23724493,0.016061857,stable
159,159,0.99512494,0.96731997,0.96861,0.0012900233,0.0012900233,0.1438261,0.14234293,-0.0014831722,stable
5616,5616,0.99512815,0.98133,0.98673,0.005400002,0.005400002,0.25380287,0.21246241,-0.041340455,stable
3543,3543,0.9951327,0.97170997,0.97205997,0.00034999847,0.00034999847,0.20434076,0.18959951,-0.014741242,stable
3155,3155,0.9951328,0.97187996,0.97135997,-0.0005199909,0.0005199909,0.20394197,0.2091668,0.005224824,stable
3938,3938,0.99513346,0.97318995,0.97258997,-0.00059998035,0.00059998035,0.24391198,0.23008108,-0.0138309,stable
2435,2435,0.9951337,0.97336,0.97309,-0.00027000904,0.00027000904,0.25750494,0.24533519,-0.012169749,stable
2276,2276,0.9951341,0.97249997,0.97257996,7.998943e-05,7.998943e-05,0.24114984,0.22495285,-0.016196996,stable
4358,4358,0.995137,0.9736,0.97007,-0.0035299659,0.0035299659,0.23871781,0.1742728,-0.064445004,stable
5497,5497,0.99513936,0.97911,0.98016,0.0010499954,0.0010499954,0.19361179,0.20987326,0.016261473,stable
5887,5887,0.99514014,0.97165,0.96980995,-0.001840055,0.001840055,0.2182257,0.18922488,-0.029000819,stable
729,729,0.99514514,0.97299,0.97343,0.0004400015,0.0004400015,0.23827524,0.24330409,0.005028844,stable
5696,5696,0.9951464,0.97060996,0.97511,0.0045000315,0.0045000315,0.21741353,0.19682054,-0.020592988,stable
1913,1913,0.9951481,0.97209996,0.97266,0.00056004524,0.00056004524,0.2339807,0.22113496,-0.01284574,stable
5785,5785,0.9951501,0.96827996,0.96817,-0.00010997057,0.00010997057,0.15490943,0.14334333,-0.0115661025,stable
489,489,0.9951582,0.97174996,0.97362995,0.0018799901,0.0018799901,0.19656347,0.23137473,0.03481126,stable
1515,1515,0.99516237,0.97312,0.97269,-0.0004299879,0.0004299879,0.26080912,0.22181284,-0.03899628,stable
2207,2207,0.9951639,0.97177,0.97129995,-0.00047004223,0.00047004223,0.21486166,0.2059323,-0.008929357,stable
4586,4586,0.9951675,0.97498,0.97317,-0.0018100142,0.0018100142,0.26193768,0.23899554,-0.02294214,stable
508,508,0.9951749,0.00228,0.0012599999,-0.00102,0.00102,0.000107759435,6.4186905e-05,-4.357253e-05,stable
4078,4078,0.9951769,0.01102,0.01915,0.00813,0.00813,0.0012472018,0.0072230175,0.0059758155,stable
5825,5825,0.99517727,0.97297996,0.97056997,-0.0024099946,0.0024099946,0.21234328,0.17858836,-0.033754915,stable
3710,3710,0.99517983,0.00869,0.00078,-0.007909999,0.007909999,0.00039336443,2.5858391e-05,-0.00036750603,stable
2734,2734,0.99518335,0.96847,0.96844995,-2.002716e-05,2.002716e-05,0.17566405,0.17286061,-0.0028034449,stable
3542,3542,0.9951845,0.97336,0.97231996,-0.0010400414,0.0010400414,0.24578758,0.2236001,-0.022187471,stable
3204,3204,0.9951862,0.9783,0.97656,-0.0017399788,0.0017399788,0.17591265,0.15304226,-0.022870392,stable
60,60,0.9951901,0.98324996,0.98774,0.004490018,0.004490018,0.23270336,0.21706323,-0.015640125,stable
1101,1101,0.9951901,0.97029996,0.97075,0.00045001507,0.00045001507,0.20995831,0.20681792,-0.00314039,stable
1432,1432,0.9951942,0.97018,0.97086996,0.00068998337,0.00068998337,0.19958757,0.19540311,-0.0041844547,stable
3112,3112,0.99519426,0.97473997,0.97503996,0.00029999018,0.00029999018,0.2715073,0.27081153,-0.000695765,stable
933,933,0.99519527,0.96882,0.97766,0.0088400245,0.0088400245,0.17913467,0.1927496,0.013614938,stable
4588,4588,0.9951968,0.9691,0.96826,-0.00084000826,0.00084000826,0.15771475,0.11143468,-0.04628007,stable
5371,5371,0.99520004,0.96844995,0.9704,0.0019500256,0.0019500256,0.14964479,0.1830611,0.0334163,stable
2602,2602,0.9952019,0.98354,0.98657,0.0030300021,0.0030300021,0.15774895,0.18691218,0.029163226,stable
3335,3335,0.9952042,0.97266996,0.97246,-0.00020998716,0.00020998716,0.21249194,0.20997967,-0.0025122762,stable
2099,2099,0.9952154,0.96945,0.97157997,0.002129972,0.002129972,0.15859574,0.18978257,0.031186834,stable
741,741,0.99521613,0.97505,0.97445,-0.00059998035,0.00059998035,0.300153,0.27437997,-0.025773019,stable
6011,6011,0.99523145,0.9711,0.97887,0.007770002,0.007770002,0.21114562,0.2228217,0.011676073,stable
79,79,0.99523723,0.98633,0.98747,0.0011399984,0.0011399984,0.18476212,0.1981204,0.01335828,stable
1737,1737,0.99524903,0.97154,0.97108996,-0.00045001507,0.00045001507,0.1919274,0.18422562,-0.0077017844,stable
1792,1792,0.9952515,0.96955997,0.9704,0.00084000826,0.00084000826,0.159699,0.1823077,0.022608712,stable
5779,5779,0.9952526,0.97361,0.97312,-0.0004900098,0.0004900098,0.26998875,0.24938056,-0.020608187,stable
1841,1841,0.9952538,0.96926,0.97139996,0.0021399856,0.0021399856,0.17073727,0.19784859,0.027111322,stable
280,280,0.99525654,0.96854997,0.97033995,0.0017899871,0.0017899871,0.15942423,0.18990125,0.030477017,stable
3675,3675,0.99527,0.9716,0.97106,-0.0005400181,0.0005400181,0.21122886,0.20370457,-0.0075242966,stable
4378,4378,0.99527204,0.0010299999,0.00932,0.00829,0.00829,5.374687e-05,0.00051350426,0.0004597574,stable
4267,4267,0.9952731,0.97064996,0.97773,0.0070800185,0.0070800185,0.2040081,0.2008266,-0.0031815022,stable
3740,3740,0.99528337,0.97546,0.97457,-0.00089001656,0.00089001656,0.30429053,0.28286475,-0.021425784,stable
2582,2582,0.9952883,0.97998995,0.97116995,-0.008819997,0.008819997,0.2302384,0.20427552,-0.025962874,stable
2955,2955,0.99528867,0.97106,0.97253996,0.0014799833,0.0014799833,0.20042671,0.21530645,0.014879733,stable
3737,3737,0.99529004,0.97178996,0.97202,0.00023001432,0.00023001432,0.20718811,0.21011707,0.0029289573,stable
4281,4281,0.99529195,0.97257,0.97423,0.0016599894,0.0016599894,0.27137908,0.28657892,0.01519984,stable
3633,3633,0.9952977,0.96993,0.96999997,6.997585e-05,6.997585e-05,0.17826684,0.1752427,-0.003024131,stable
3240,3240,0.9952989,0.96941,0.97086996,0.0014599562,0.0014599562,0.15917204,0.17685285,0.017680809,stable
5286,5286,0.99530435,0.96647,0.96665996,0.00018996,0.00018996,0.15254135,0.14911242,-0.003428936,stable
5398,5398,0.9953105,0.97374,0.9747,0.0009599924,0.0009599924,0.30244157,0.30317268,0.0007311106,stable
3015,3015,0.995311,0.97090995,0.97135997,0.00045001507,0.00045001507,0.23872088,0.24251331,0.003792435,stable
385,385,0.99531436,0.97216,0.97019,-0.001969993,0.001969993,0.21256499,0.1797094,-0.032855585,stable
5776,5776,0.9953187,0.97141,0.97103,-0.0003799796,0.0003799796,0.21383975,0.20225246,-0.011587292,stable
5768,5768,0.9953213,0.97397995,0.97325,-0.0007299781,0.0007299781,0.24401267,0.24066691,-0.0033457577,stable
5344,5344,0.9953227,0.97146,0.97069997,-0.0007600188,0.0007600188,0.21345015,0.1921587,-0.02129145,stable
4755,4755,0.995323,0.97111,0.97089,-0.00022000074,0.00022000074,0.22274847,0.21027602,-0.012472451,stable
5158,5158,0.9953276,0.96984,0.96948,-0.00036001205,0.00036001205,0.18592997,0.1848027,-0.0011272728,stable
887,887,0.9953282,0.97049,0.97068,0.00019001961,0.00019001961,0.18983154,0.1959375,0.0061059594,stable
5422,5422,0.99533033,0.97309995,0.97266996,-0.0004299879,0.0004299879,0.25372696,0.250549,-0.0031779706,stable
4489,4489,0.99533045,0.98411,0.98252,-0.0015900135,0.0015900135,0.15724185,0.14502431,-0.012217537,stable
2986,2986,0.99533165,0.97115,0.97151,0.00036001205,0.00036001205,0.22006342,0.21561797,-0.0044454485,stable
4592,4592,0.9953326,0.97126997,0.98261,0.011340022,0.011340022,0.21442625,0.23034249,0.015916243,stable
749,749,0.9953432,0.9726,0.97218996,-0.00041002035,0.00041002035,0.2281151,0.2148486,-0.013266504,stable
4596,4596,0.9953448,0.9673,0.96944,0.0021399856,0.0021399856,0.16049835,0.18073006,0.020231709,stable
4388,4388,0.99534667,0.97169,0.98003,0.008340001,0.008340001,0.23603167,0.24688315,0.0108514875,stable
3024,3024,0.99534917,0.97157997,0.98802,0.016440034,0.016440034,0.2665946,0.2609045,-0.005690098,stable
1850,1850,0.9953493,0.97523,0.9748,-0.0004299879,0.0004299879,0.29849076,0.2826672,-0.015823573,stable
4339,4339,0.99535143,0.96942997,0.96880996,-0.0006200075,0.0006200075,0.17745821,0.17155656,-0.0059016496,stable
2690,2690,0.99535453,0.96796,0.96887,0.0009099841,0.0009099841,0.15745722,0.16681257,0.009355351,stable
4477,4477,0.9953579,0.96901,0.96968997,0.0006799698,0.0006799698,0.16100113,0.17459312,0.01359199,stable
2015,2015,0.99536055,0.97256,0.97124,-0.0013200045,0.0013200045,0.23803554,0.19460116,-0.04343438,stable
3872,3872,0.99536467,0.97172,0.9677,-0.0040199757,0.0040199757,0.22464176,0.15153988,-0.07310188,stable
1197,1197,0.99536717,0.97520995,0.97416997,-0.0010399818,0.0010399818,0.32196802,0.28058317,-0.041384846,stable
3384,3384,0.99536777,0.97182,0.97265,0.0008299947,0.0008299947,0.23330222,0.2403909,0.007088676,stable
4430,4430,0.99537617,0.97749996,0.97279996,-0.004700005,0.004700005,0.19910036,0.15784918,-0.041251183,stable
296,296,0.99537635,0.97814995,0.98635995,0.008210003,0.008210003,0.15503664,0.18119673,0.026160091,stable
3921,3921,0.9953798,0.9693,0.97049,0.0011900067,0.0011900067,0.18113409,0.1870028,0.005868703,stable
5501,5501,0.9953871,0.97314,0.97130996,-0.0018300414,0.0018300414,0.26056528,0.20827863,-0.052286655,stable
4527,4527,0.99538976,0.97398996,0.97362,-0.00036996603,0.00036996603,0.26784697,0.251537,-0.016309977,stable
4804,4804,0.99539953,0.97397,0.97404,6.997585e-05,6.997585e-05,0.30840832,0.28969133,-0.018716991,stable
837,837,0.99540174,0.97695,0.97801,0.001060009,0.001060009,0.20786123,0.18647887,-0.021382362,stable
4601,4601,0.99540484,0.97199,0.97117996,-0.0008100271,0.0008100271,0.24885882,0.2402499,-0.008608922,stable
2708,2708,0.9954049,0.9716,0.97209996,0.00049996376,0.00049996376,0.22299261,0.2204722,-0.0025204122,stable
4816,4816,0.9954064,0.96801996,0.97735,0.009330034,0.009330034,0.14831461,0.18363765,0.03532304,stable
3277,3277,0.9954097,0.98091996,0.9802,-0.0007199645,0.0007199645,0.2406199,0.22143078,-0.01918912,stable
1323,1323,0.99541116,0.97141,0.97282,0.0014100075,0.0014100075,0.2300267,0.23795848,0.007931769,stable
5531,5531,0.9954127,0.97388995,0.97299,-0.00089997053,0.00089997053,0.271436,0.25256073,-0.018875271,stable
984,984,0.9954134,0.98046,0.98938,0.008920014,0.008920014,0.22605878,0.2432753,0.017216519,stable
5546,5546,0.99541354,0.97203,0.97258997,0.00055998564,0.00055998564,0.24029694,0.2357521,-0.0045448393,stable
898,898,0.995414,0.97236997,0.97318995,0.0008199811,0.0008199811,0.24209246,0.22732382,-0.014768645,stable
4920,4920,0.995415,0.9747,0.97309995,-0.0016000271,0.0016000271,0.28917858,0.25739452,-0.031784058,stable
2019,2019,0.9954277,0.97332996,0.97331,-1.9967556e-05,1.9967556e-05,0.26577798,0.265505,-0.00027298927,stable
4099,4099,0.99543405,0.00284,0.00148,-0.00136,0.00136,5.850655e-05,4.124184e-05,-1.7264709e-05,stable
4908,4908,0.995435,0.98366,0.98385,0.00019001961,0.00019001961,0.1726155,0.1627865,-0.009829,stable
3907,3907,0.9954426,0.97911,0.97867996,-0.0004300475,0.0004300475,0.19124684,0.18840556,-0.002841279,stable
2050,2050,0.99544525,0.97336996,0.97208995,-0.0012800097,0.0012800097,0.22445804,0.21196198,-0.012496054,stable
719,719,0.99544847,0.97499996,0.97445995,-0.0005400181,0.0005400181,0.27691862,0.2667785,-0.010140121,stable
1068,1068,0.9954512,0.96840996,0.96959996,0.0011900067,0.0011900067,0.16089684,0.17331289,0.01241605,stable
2831,2831,0.99545586,0.97437,0.97463,0.00025999546,0.00025999546,0.2664654,0.25689456,-0.009570837,stable
4731,4731,0.9954561,0.97137,0.97255,0.0011799932,0.0011799932,0.20902172,0.21926358,0.010241866,stable
1754,1754,0.99546134,0.98783,0.98577,-0.0020599961,0.0020599961,0.23724164,0.19600837,-0.04123327,stable
2005,2005,0.9954636,0.96987,0.97243,0.0025600195,0.0025600195,0.1645024,0.21425496,0.049752563,stable
2869,2869,0.99546397,0.97104996,0.97200996,0.0009599924,0.0009599924,0.20651966,0.21243887,0.005919203,stable
4186,4186,0.9954673,0.97059,0.97108996,0.00049996376,0.00049996376,0.17999315,0.18313831,0.0031451583,stable
1492,1492,0.9954679,0.97024995,0.96957,-0.0006799698,0.0006799698,0.17488775,0.17223476,-0.0026529878,stable
3479,3479,0.9954708,0.96875995,0.96856,-0.00019997358,0.00019997358,0.15790498,0.15383081,-0.004074171,stable
2783,2783,0.99547166,0.97067,0.97031,-0.00036001205,0.00036001205,0.20005901,0.1976817,-0.0023773164,stable
5324,5324,0.9954745,0.97019,0.97203,0.0018399954,0.0018399954,0.17335281,0.20545597,0.032103166,stable
1139,1139,0.99547935,0.96884996,0.96917,0.00032001734,0.00032001734,0.16947746,0.16159418,-0.0078832805,stable
2832,2832,0.9954855,0.97060996,0.96975,-0.0008599758,0.0008599758,0.18574119,0.1736057,-0.012135491,stable
3577,3577,0.9954876,0.97252995,0.97252995,0.0,0.0,0.22158943,0.20464884,-0.016940594,stable
156,156,0.995491,0.97037995,0.97107,0.000690043,0.000690043,0.19270183,0.1949656,0.0022637695,stable
3352,3352,0.9954951,0.97145,0.97028,-0.0011699796,0.0011699796,0.20335126,0.18070793,-0.022643328,stable
4075,4075,0.99549663,0.97177,0.97024995,-0.0015200377,0.0015200377,0.21834448,0.19386388,-0.024480596,stable
5401,5401,0.9954972,0.97296,0.97236997,-0.0005900264,0.0005900264,0.23514354,0.22706379,-0.008079752,stable
4523,4523,0.99549794,0.97230995,0.97189,-0.00041997433,0.00041997433,0.2303177,0.21827215,-0.012045547,stable
714,714,0.9954996,0.97432,0.97375,-0.0005699992,0.0005699992,0.26704383,0.24612004,-0.020923793,stable
5174,5174,0.9955022,0.97042,0.96954995,-0.000870049,0.000870049,0.19086917,0.18036859,-0.01050058,stable
3936,3936,0.99550295,0.01208,0.00183,-0.01025,0.01025,0.000845207,4.764634e-05,-0.0007975607,stable
676,676,0.9955033,0.97264,0.98155,0.00891,0.00891,0.23085932,0.25015414,0.019294813,stable
5214,5214,0.9955034,0.97887,0.97836995,-0.00050002337,0.00050002337,0.1894387,0.17632449,-0.013114214,stable
836,836,0.99550533,0.97099996,0.97060996,-0.0003899932,0.0003899932,0.21610716,0.20256019,-0.0135469735,stable
5126,5126,0.9955101,0.014699999,0.01416,-0.00053999946,0.00053999946,0.0023050401,0.0023627093,5.7669124e-05,stable
3321,3321,0.9955139,0.97306997,0.97221,-0.0008599758,0.0008599758,0.23918065,0.22302878,-0.016151875,stable
4309,4309,0.9955158,0.97151,0.9772,0.0056899786,0.0056899786,0.20209515,0.19208117,-0.010013983,stable
4688,4688,0.9955175,0.97397995,0.97305995,-0.0009199977,0.0009199977,0.25114143,0.24546187,-0.0056795627,stable
2267,2267,0.9955176,0.97261995,0.97337997,0.0007600188,0.0007600188,0.23100011,0.24314804,0.012147933,stable
5881,5881,0.9955183,0.98346996,0.98328,-0.00018996,0.00018996,0.13608262,0.15413924,0.018056616,stable
5994,5994,0.9955198,0.96954995,0.97024995,0.00069999695,0.00069999695,0.19045612,0.18109976,-0.009356365,stable
2034,2034,0.99552023,0.96897995,0.96966,0.0006800294,0.0006800294,0.18503317,0.17378922,-0.011243954,stable
858,858,0.9955286,0.97867996,0.9881,0.009420037,0.009420037,0.18890375,0.20844984,0.019546092,stable
2879,2879,0.9955286,0.97195995,0.97257,0.00061005354,0.00061005354,0.23196957,0.23679794,0.0048283786,stable
3612,3612,0.9955312,0.97236997,0.97231996,-5.0008297e-05,5.0008297e-05,0.24741861,0.22067113,-0.02674748,stable
2478,2478,0.9955336,0.97762996,0.97977,0.0021400452,0.0021400452,0.25372073,0.23208421,-0.021636516,stable
3466,3466,0.99553394,0.98655,0.97103995,-0.015510023,0.015510023,0.21554433,0.19482934,-0.020714983,stable
1531,1531,0.99553716,0.97181,0.97398996,0.0021799803,0.0021799803,0.21692914,0.21035074,-0.0065784007,stable
5965,5965,0.9955409,0.008479999,0.008669999,0.00019000005,0.00019000005,0.0005733712,0.00041066253,-0.00016270866,stable
1340,1340,0.9955411,0.008549999,0.00877,0.00022000074,0.00022000074,0.0003928328,0.0005957285,0.00020289572,stable
4449,4449,0.9955459,0.97217995,0.97191995,-0.00025999546,0.00025999546,0.22821361,0.19954757,-0.028666034,stable
1697,1697,0.9955519,0.97827,0.97187,-0.006399989,0.006399989,0.21760973,0.19704999,-0.020559743,stable
4026,4026,0.9955535,0.96774,0.96818995,0.00044995546,0.00044995546,0.1670944,0.16152623,-0.0055681616,stable
2246,2246,0.99555993,0.98129,0.97848,-0.0028100014,0.0028100014,0.21137983,0.16970363,-0.041676193,stable
3005,3005,0.9955618,0.97094,0.96998996,-0.00095003843,0.00095003843,0.18483247,0.16440377,-0.020428702,stable
1923,1923,0.9955669,0.01761,0.01701,-0.00060000084,0.00060000084,0.0046897344,0.002680144,-0.0020095904,stable
6081,6081,0.9955685,0.97499996,0.97388,-0.0011199713,0.0011199713,0.2718082,0.23315898,-0.03864923,stable
8,8,0.99557114,0.9726,0.97274,0.00014001131,0.00014001131,0.22543433,0.22083953,-0.004594803,stable
3984,3984,0.9955796,0.97361,0.9733,-0.00031000376,0.00031000376,0.24666351,0.23816882,-0.00849469,stable
3837,3837,0.995584,0.00072,0.00065999996,-6.000005e-05,6.000005e-05,2.0728805e-05,1.5755477e-05,-4.973328e-06,stable
5820,5820,0.9955844,0.97397,0.97372997,-0.0002400279,0.0002400279,0.28854835,0.26316404,-0.025384307,stable
5506,5506,0.99559164,0.97226,0.97124,-0.0010200143,0.0010200143,0.23945878,0.22397232,-0.015486464,stable
3128,3128,0.9955941,0.97072,0.97832996,0.0076099634,0.0076099634,0.21382315,0.20671727,-0.007105887,stable
4780,4780,0.9955943,0.97168,0.97176,7.998943e-05,7.998943e-05,0.19980726,0.19740608,-0.002401173,stable
3731,3731,0.99559915,0.97977,0.97352,-0.006250024,0.006250024,0.24546829,0.2411372,-0.004331082,stable
2381,2381,0.9956039,0.973,0.97248,-0.0005199909,0.0005199909,0.24255243,0.24054012,-0.0020123124,stable
1856,1856,0.9956063,0.96818,0.96942997,0.001249969,0.001249969,0.15630531,0.16134351,0.005038202,stable
3328,3328,0.99560654,0.97081995,0.97208,0.0012600422,0.0012600422,0.21504779,0.21466021,-0.0003875792,stable
2459,2459,0.99560785,0.01524,0.01011,-0.0051299995,0.0051299995,0.0016460357,0.0005971753,-0.0010488604,stable
4080,4080,0.99560875,0.97226995,0.97255,0.00028002262,0.00028002262,0.22011015,0.21569832,-0.0044118315,stable
3443,3443,0.9956089,0.97663,0.98728997,0.010659993,0.010659993,0.15857673,0.19386728,0.035290554,stable
146,146,0.99561346,0.97985995,0.98129,0.0014300346,0.0014300346,0.22963624,0.22012816,-0.009508073,stable
834,834,0.9956144,0.97187,0.97177,-0.000100016594,0.000100016594,0.23259756,0.22993048,-0.0026670843,stable
538,538,0.99562395,0.983,0.98753,0.0045300126,0.0045300126,0.15403277,0.18983784,0.035805076,stable
1826,1826,0.99563056,0.98652,0.98727995,0.0007599592,0.0007599592,0.21351041,0.20120353,-0.012306884,stable
1887,1887,0.99563754,0.97840995,0.9765,-0.0019099712,0.0019099712,0.18650477,0.1471716,-0.039333165,stable
5691,5691,0.99563813,0.97081995,0.97824997,0.007430017,0.007430017,0.21132396,0.19673234,-0.014591619,stable
2359,2359,0.9956433,0.96862996,0.9686,-2.9981136e-05,2.9981136e-05,0.16335914,0.15663005,-0.0067290813,stable
2135,2135,0.9956448,0.97098,0.97041,-0.0005699992,0.0005699992,0.2084926,0.19387858,-0.014614031,stable
946,946,0.9956466,0.97173995,0.97103,-0.0007099509,0.0007099509,0.20124546,0.19438079,-0.006864667,stable
2126,2126,0.9956529,0.97195995,0.97264,0.0006800294,0.0006800294,0.21879046,0.23598702,0.017196566,stable
6098,6098,0.9956549,0.97068995,0.97063,-5.9962273e-05,5.9962273e-05,0.19933921,0.19173402,-0.007605195,stable
721,721,0.9956553,0.97133,0.97007996,-0.0012500286,0.0012500286,0.19066335,0.17735893,-0.013304427,stable
4656,4656,0.99565566,0.98697996,0.98914,0.0021600127,0.0021600127,0.25421062,0.23837203,-0.015838593,stable
5246,5246,0.9956559,0.97170997,0.97208,0.00037002563,0.00037002563,0.20698595,0.20396675,-0.0030191988,stable
4318,4318,0.995656,0.00853,0.00078999996,-0.0077400003,0.0077400003,0.0005707494,2.1357113e-05,-0.0005493923,stable
3880,3880,0.995658,0.96955997,0.97037995,0.0008199811,0.0008199811,0.18564002,0.20093077,0.015290752,stable
4645,4645,0.9956652,0.97173995,0.97239,0.00065004826,0.00065004826,0.21388476,0.21713065,0.0032458901,stable
4087,4087,0.9956653,0.97349995,0.97287,-0.0006299615,0.0006299615,0.28157642,0.26909587,-0.012480557,stable
4797,4797,0.99566746,0.97187,0.9723,0.0004299879,0.0004299879,0.21846758,0.21230002,-0.006167561,stable
2010,2010,0.9956691,0.96993,0.97108,0.001150012,0.001150012,0.1980412,0.20511203,0.0070708245,stable
4345,4345,0.99567264,0.96936995,0.97141,0.0020400286,0.0020400286,0.18827,0.21854493,0.030274928,stable
547,547,0.99567854,0.97516,0.97391,-0.0012500286,0.0012500286,0.31713206,0.2853799,-0.03175217,stable
4990,4990,0.99568045,0.00869,0.01661,0.007920001,0.007920001,0.0001977832,0.0027267486,0.0025289655,stable
3131,3131,0.9956808,0.973,0.97331,0.00031000376,0.00031000376,0.22358257,0.21611492,-0.0074676424,stable
1072,1072,0.99568194,0.97458,0.97397,-0.00060999393,0.00060999393,0.29475895,0.27298787,-0.021771073,stable
367,367,0.9956862,0.00084,0.00088999997,4.9999973e-05,4.9999973e-05,3.2289212e-05,2.364398e-05,-8.645233e-06,stable
2206,2206,0.99568975,0.97005,0.96966,-0.0003899932,0.0003899932,0.17596148,0.17922217,0.003260687,stable
794,794,0.9956917,0.97055995,0.97126997,0.0007100105,0.0007100105,0.19565672,0.20622487,0.010568157,stable
263,263,0.9956928,0.97217,0.97199,-0.00018000603,0.00018000603,0.24806163,0.2400053,-0.008056328,stable
1979,1979,0.99569523,0.00062999997,0.00062999997,0.0,0.0,1.8171006e-05,1.8130098e-05,-4.0907253e-08,stable
2030,2030,0.9956961,0.9701,0.96756,-0.0025399923,0.0025399923,0.17483048,0.13440754,-0.040422946,stable
527,527,0.9957001,0.97159,0.97141,-0.00018000603,0.00018000603,0.18960394,0.20691003,0.01730609,stable
2752,2752,0.99570274,0.96862996,0.96932,0.000690043,0.000690043,0.15563464,0.15831815,0.0026835054,stable
6008,6008,0.99571073,0.97991997,0.98102,0.0011000037,0.0011000037,0.2232105,0.22638513,0.0031746328,stable
1050,1050,0.9957108,0.97261995,0.97322,0.00060003996,0.00060003996,0.24515949,0.25208047,0.0069209784,stable
619,619,0.9957115,0.98060995,0.97972995,-0.000880003,0.000880003,0.23492546,0.20635039,-0.028575078,stable
5252,5252,0.9957218,0.97141,0.97242,0.0010100007,0.0010100007,0.2108429,0.21781841,0.006975502,stable
4550,4550,0.995723,0.97521996,0.97475,-0.00046998262,0.00046998262,0.30709797,0.29002938,-0.017068595,stable
3908,3908,0.99572384,0.98598,0.98394996,-0.002030015,0.002030015,0.1817724,0.13745183,-0.04432057,stable
4602,4602,0.99573386,0.97113997,0.97002995,-0.0011100173,0.0011100173,0.20536152,0.18205896,-0.023302555,stable
473,473,0.9957422,0.97076,0.96962,-0.0011399984,0.0011399984,0.19129132,0.16470222,-0.026589096,stable
2858,2858,0.9957465,0.00576,0.00157,-0.0041900002,0.0041900002,5.3020045e-05,3.919956e-05,-1.3820485e-05,stable
2341,2341,0.99575526,0.97239995,0.97154,-0.0008599758,0.0008599758,0.23995067,0.21805225,-0.021898419,stable
4181,4181,0.99575675,0.9697,0.96981996,0.00011998415,0.00011998415,0.16248056,0.17312503,0.010644466,stable
3135,3135,0.99575734,0.97976,0.97945,-0.00031000376,0.00031000376,0.2420395,0.23464552,-0.007393986,stable
5520,5520,0.99575734,0.98301995,0.97766,-0.0053599477,0.0053599477,0.24562022,0.242054,-0.0035662204,stable
1001,1001,0.9957615,0.97327,0.97584,0.0025699735,0.0025699735,0.19536279,0.21131285,0.015950054,stable
1149,1149,0.99576354,0.97893995,0.97694,-0.0019999743,0.0019999743,0.18802933,0.16105251,-0.026976824,stable
4006,4006,0.995764,0.97128,0.97164,0.00036001205,0.00036001205,0.2171182,0.21353948,-0.0035787225,stable
3082,3082,0.99577004,0.98042,0.98060995,0.00018996,0.00018996,0.242425,0.2381205,-0.0043044984,stable
1478,1478,0.9957703,0.97081995,0.9715,0.0006800294,0.0006800294,0.2029155,0.21515283,0.012237325,stable
4379,4379,0.9957737,0.97090995,0.96941,-0.0014999509,0.0014999509,0.20348144,0.19597179,-0.007509649,stable
2542,2542,0.9957753,0.97012997,0.97906995,0.008939981,0.008939981,0.1846182,0.1962185,0.011600301,stable
3670,3670,0.9957755,0.97551996,0.97832996,0.0028100014,0.0028100014,0.15184355,0.16615625,0.014312699,stable
1953,1953,0.99577785,0.97090995,0.97059,-0.00031995773,0.00031995773,0.21977368,0.20385413,-0.015919551,stable
3292,3292,0.9957793,0.97134,0.97281,0.0014699697,0.0014699697,0.20914543,0.22937699,0.02023156,stable
1465,1465,0.99578077,0.96993995,0.97107,0.0011300445,0.0011300445,0.16878437,0.18639718,0.017612815,stable
2065,2065,0.99578214,0.97406995,0.98767996,0.013610005,0.013610005,0.20650917,0.22270142,0.016192243,stable
2451,2451,0.9957861,0.97181,0.97287,0.001060009,0.001060009,0.21038933,0.24021693,0.029827595,stable
3379,3379,0.9957866,0.97336,0.97279,-0.0005699992,0.0005699992,0.251799,0.2556853,0.0038863122,stable
5952,5952,0.9957867,0.97204,0.97129,-0.00075000525,0.00075000525,0.20050505,0.19015656,-0.010348484,stable
1955,1955,0.99579126,0.97130996,0.96911997,-0.0021899939,0.0021899939,0.20210454,0.14952166,-0.052582875,stable
4067,4067,0.9957948,0.00856,0.00842,-0.00014000013,0.00014000013,0.00040485465,0.0001546613,-0.00025019335,stable
1526,1526,0.99579537,0.9781,0.97789997,-0.00020003319,0.00020003319,0.17942062,0.1655473,-0.013873324,stable
3093,3093,0.9957969,0.97255,0.97226,-0.0002899766,0.0002899766,0.23907116,0.23267423,-0.0063969344,stable
4566,4566,0.99579966,0.96937996,0.97121,0.0018300414,0.0018300414,0.16387005,0.19453913,0.030669078,stable
1592,1592,0.99579984,0.97238,0.97191995,-0.00046002865,0.00046002865,0.20374496,0.20575102,0.002006054,stable
5639,5639,0.9958,0.01365,0.014169999,0.0005199993,0.0005199993,0.0009130047,0.00087389804,-3.9106642e-05,stable
5831,5831,0.995809,0.97204995,0.97274,0.000690043,0.000690043,0.2160366,0.21894276,0.0029061586,stable
978,978,0.9958106,0.97117996,0.97143996,0.00025999546,0.00025999546,0.21041162,0.20051959,-0.009892032,stable
3994,3994,0.9958169,0.97674996,0.97146,-0.005289972,0.005289972,0.1631149,0.18774353,0.024628624,stable
5672,5672,0.9958208,0.9697,0.96866995,-0.0010300279,0.0010300279,0.19617014,0.17085594,-0.025314197,stable
4117,4117,0.99582136,0.97121996,0.97137,0.00015002489,0.00015002489,0.20638902,0.20311949,-0.0032695383,stable
127,127,0.9958276,0.96967,0.9701,0.0004299879,0.0004299879,0.17908818,0.1702548,-0.008833379,stable
5037,5037,0.9958277,0.97169,0.97573,0.004040003,0.004040003,0.1961201,0.19071701,-0.0054030865,stable
893,893,0.99582887,0.98093,0.98718995,0.006259978,0.006259978,0.21387821,0.1928486,-0.021029621,stable
2309,2309,0.99583626,0.97489,0.97918,0.0042899847,0.0042899847,0.13593556,0.18286045,0.04692489,stable
6071,6071,0.99584043,0.97208995,0.97103995,-0.0010499954,0.0010499954,0.2264482,0.2045091,-0.021939099,stable
1244,1244,0.9958407,0.97104996,0.97157997,0.0005300045,0.0005300045,0.23349464,0.21538804,-0.018106595,stable
5297,5297,0.99584675,0.98042995,0.97642,-0.004009962,0.004009962,0.17521596,0.15287423,-0.022341728,stable
5494,5494,0.9958472,0.97388,0.97261995,-0.0012600422,0.0012600422,0.24473262,0.22214936,-0.022583261,stable
1386,1386,0.9958487,0.97744995,0.98657,0.009120047,0.009120047,0.18133031,0.19051832,0.009188011,stable
625,625,0.99585164,0.96638995,0.97016996,0.0037800074,0.0037800074,0.15789688,0.19926307,0.04136619,stable
2287,2287,0.9958541,0.9727,0.97204,-0.00066000223,0.00066000223,0.23702277,0.22900856,-0.008014217,stable
2168,2168,0.9958546,0.97024,0.97169995,0.0014599562,0.0014599562,0.19755574,0.22239937,0.024843633,stable
4025,4025,0.99585587,0.97288996,0.97310996,0.00022000074,0.00022000074,0.25066036,0.24343571,-0.007224649,stable
1491,1491,0.99585664,0.97308,0.97318,0.000100016594,0.000100016594,0.23436522,0.2582609,0.02389568,stable
1727,1727,0.99585724,0.97119,0.97549,0.0042999983,0.0042999983,0.21092288,0.21289115,0.0019682646,stable
5387,5387,0.99586,0.97138995,0.97041,-0.00097996,0.00097996,0.18125406,0.16099288,-0.020261183,stable
1571,1571,0.9958656,0.97147,0.9715,2.9981136e-05,2.9981136e-05,0.21394049,0.2102503,-0.0036901832,stable
1619,1619,0.9958656,0.97189,0.97249997,0.00060999393,0.00060999393,0.19949755,0.20842792,0.00893037,stable
2951,2951,0.9958671,0.97102,0.97106,3.9994717e-05,3.9994717e-05,0.21249962,0.19800797,-0.0144916475,stable
4461,4461,0.99586904,0.97792995,0.97977996,0.001850009,0.001850009,0.18647575,0.20331718,0.016841426,stable
5045,5045,0.9958722,0.96782,0.97388995,0.006069958,0.006069958,0.15937816,0.14397973,-0.015398428,stable
3034,3034,0.99587333,0.97312,0.97308,-3.9994717e-05,3.9994717e-05,0.24815066,0.23406515,-0.014085516,stable
5457,5457,0.99587536,0.9716,0.97128,-0.00032001734,0.00032001734,0.22767918,0.21119167,-0.016487509,stable
2733,2733,0.9958805,0.98816997,0.98739,-0.0007799864,0.0007799864,0.21505146,0.20378205,-0.0112694055,stable
333,333,0.995888,0.97309,0.9719,-0.0011900067,0.0011900067,0.23386598,0.20691893,-0.026947051,stable
2945,2945,0.9958888,0.97326,0.97317,-9.000301e-05,9.000301e-05,0.284232,0.23503853,-0.049193457,stable
5038,5038,0.9958971,0.015579999,0.01587,0.00028999988,0.00028999988,0.0010492873,0.0011985649,0.00014927762,stable
3622,3622,0.9958981,0.96957,0.96862996,-0.00094002485,0.00094002485,0.18484433,0.17375226,-0.011092067,stable
2769,2769,0.99589884,0.97038996,0.97125,0.0008600354,0.0008600354,0.20526987,0.22295636,0.017686486,stable
3734,3734,0.99589896,0.97211,0.97160995,-0.00050002337,0.00050002337,0.21798761,0.21902448,0.0010368675,stable
3016,3016,0.9959058,0.97204,0.97055,-0.0014899969,0.0014899969,0.21700583,0.17899999,-0.038005844,stable
4830,4830,0.99590915,0.98168,0.98732996,0.005649984,0.005649984,0.14395876,0.19380504,0.049846277,stable
5260,5260,0.9959092,0.97314996,0.97982997,0.0066800117,0.0066800117,0.27917433,0.25691113,-0.0222632,stable
3415,3415,0.9959103,0.97278,0.97207,-0.0007100105,0.0007100105,0.24543425,0.22140156,-0.024032697,stable
4065,4065,0.9959161,0.97192997,0.97091997,-0.0010100007,0.0010100007,0.2186351,0.19101802,-0.027617082,stable
3770,3770,0.9959171,0.97125,0.97227997,0.0010299683,0.0010299683,0.22971301,0.23997234,0.01025933,stable
4354,4354,0.99591887,0.97584,0.97947997,0.003639996,0.003639996,0.1991455,0.21088357,0.011738077,stable
2386,2386,0.99591935,0.97165996,0.97044,-0.0012199879,0.0012199879,0.24588741,0.20534527,-0.04054214,stable
2123,2123,0.99592113,0.97862,0.97135997,-0.0072600245,0.0072600245,0.1991551,0.21041714,0.011262029,stable
4249,4249,0.99592274,0.008289999,0.00384,-0.0044499994,0.0044499994,0.00010312147,3.365695e-05,-6.946452e-05,stable
3396,3396,0.9959277,0.97033,0.96891,-0.001420021,0.001420021,0.20049019,0.18273187,-0.017758325,stable
2815,2815,0.99592924,0.97155,0.97661996,0.005069971,0.005069971,0.21567407,0.20622273,-0.009451345,stable
4975,4975,0.99592924,0.97251,0.98078996,0.008279979,0.008279979,0.2334107,0.22595073,-0.0074599683,stable
5274,5274,0.9959296,0.96871,0.96880996,9.995699e-05,9.995699e-05,0.18590671,0.17640801,-0.0094987005,stable
573,573,0.9959312,0.97437,0.97490996,0.0005399585,0.0005399585,0.278577,0.27348843,-0.0050885677,stable
3285,3285,0.9959327,0.97314,0.97352,0.0003799796,0.0003799796,0.22625816,0.22078486,-0.005473301,stable
2688,2688,0.99593425,0.0010899999,0.00093,-0.00015999994,0.00015999994,3.3037973e-05,2.0764226e-05,-1.2273747e-05,stable
2997,2997,0.99593484,0.009219999,0.00156,-0.0076599997,0.0076599997,0.00018149673,3.88088e-05,-0.00014268793,stable
4530,4530,0.99593556,0.97023,0.97084,0.00060999393,0.00060999393,0.19825464,0.20961939,0.011364743,stable
3831,3831,0.9959358,0.96944,0.97045,0.0010100007,0.0010100007,0.18887982,0.1924382,0.0035583824,stable
1549,1549,0.9959362,0.97066,0.9698,-0.0008599758,0.0008599758,0.2033334,0.17917019,-0.024163201,stable
716,716,0.9959389,0.01516,0.015489999,0.00032999925,0.00032999925,0.0009118261,0.00094201614,3.0190044e-05,stable
5303,5303,0.9959394,0.97094,0.97196996,0.0010299683,0.0010299683,0.18694347,0.19821322,0.011269748,stable
4042,4042,0.995942,0.97066,0.97214997,0.0014899969,0.0014899969,0.19094707,0.20396574,0.013018668,stable
3729,3729,0.99594396,0.97507995,0.97462,-0.00045996904,0.00045996904,0.28031838,0.2477011,-0.032617286,stable
4820,4820,0.9959452,0.98149997,0.98077,-0.0007299781,0.0007299781,0.24469249,0.22086574,-0.023826748,stable
3333,3333,0.99594855,0.97422,0.97374,-0.0004799962,0.0004799962,0.2672737,0.24283038,-0.024443313,stable
1891,1891,0.9959489,0.016889999,0.017239999,0.00035000034,0.00035000034,0.0022846672,0.0018912329,-0.0003934343,stable
908,908,0.9959509,0.98625,0.97867,-0.0075799823,0.0075799823,0.20164503,0.19545732,-0.006187707,stable
5920,5920,0.995958,0.97113997,0.96961,-0.0015299916,0.0015299916,0.20962147,0.18720327,-0.022418201,stable
2537,2537,0.9959589,0.97015,0.96975,-0.00040000677,0.00040000677,0.18124132,0.17344698,-0.0077943355,stable
5835,5835,0.995963,0.97239995,0.98078996,0.008390009,0.008390009,0.2224439,0.20810425,-0.014339641,stable
5941,5941,0.9959637,0.97497,0.97489995,-7.003546e-05,7.003546e-05,0.29721567,0.27256006,-0.02465561,stable
5151,5151,0.99596405,0.97139996,0.9722,0.00080001354,0.00080001354,0.20834722,0.2138657,0.005518481,stable
4296,4296,0.9959661,0.97278,0.97345996,0.0006799698,0.0006799698,0.24804203,0.2517621,0.00372006,stable
1949,1949,0.9959712,0.97258997,0.97388,0.0012900233,0.0012900233,0.24232101,0.2264192,-0.015901819,stable
1701,1701,0.99597204,0.97252,0.97213995,-0.00038003922,0.00038003922,0.2330439,0.21861745,-0.01442644,stable
1646,1646,0.9959742,0.97102,0.97960997,0.008589983,0.008589983,0.20886356,0.20932256,0.00045900047,stable
2125,2125,0.9959744,0.97137,0.97157997,0.00020998716,0.00020998716,0.23359254,0.2331037,-0.0004888326,stable
3946,3946,0.9959759,0.97121,0.97191,0.00069999695,0.00069999695,0.18857929,0.19816409,0.009584799,stable
1756,1756,0.99597645,0.96989,0.96987,-2.002716e-05,2.002716e-05,0.17657968,0.1717941,-0.0047855824,stable
3782,3782,0.99597657,0.98792,0.98757,-0.00034999847,0.00034999847,0.2298515,0.18961813,-0.040233374,stable
4794,4794,0.9959793,0.97194,0.97283,0.00089001656,0.00089001656,0.1952802,0.2067999,0.0115197,stable
2562,2562,0.99598193,0.97179997,0.97234,0.0005400181,0.0005400181,0.2022118,0.20014961,-0.0020621866,stable
223,223,0.9959824,0.01692,0.01167,-0.0052500004,0.0052500004,0.0036757854,0.0018474108,-0.0018283746,stable
1703,1703,0.99598503,0.97252,0.97499996,0.0024799705,0.0024799705,0.2181271,0.22712772,0.009000614,stable
3674,3674,0.99598706,0.97015,0.9701,-5.0008297e-05,5.0008297e-05,0.20063196,0.2036187,0.002986744,stable
4720,4720,0.9959873,0.97037995,0.97075,0.00037002563,0.00037002563,0.19543093,0.19285609,-0.0025748461,stable
3434,3434,0.99598753,0.9885,0.97429997,-0.014200032,0.014200032,0.22488658,0.21831886,-0.0065677166,stable
5051,5051,0.9959879,0.97301,0.97343,0.00041997433,0.00041997433,0.25353235,0.25983465,0.006302297,stable
1649,1649,0.995996,0.97155,0.97186,0.00031000376,0.00031000376,0.20471129,0.20898284,0.004271552,stable
1781,1781,0.9959962,0.017989999,0.01798,-9.998679e-06,9.998679e-06,0.0028683695,0.0027327787,-0.00013559079,stable
49,49,0.9959992,0.97889,0.97916996,0.00027996302,0.00027996302,0.19612521,0.18692757,-0.009197637,stable
6007,6007,0.99599963,0.97248995,0.97284997,0.00036001205,0.00036001205,0.24434198,0.26181254,0.017470554,stable
615,615,0.9960021,0.012259999,0.01186,-0.00039999932,0.00039999932,0.0007576189,0.0003881148,-0.00036950412,stable
1224,1224,0.996005,0.97226995,0.97277,0.00050002337,0.00050002337,0.23222667,0.23010936,-0.002117306,stable
4707,4707,0.99600846,0.98073,0.98051995,-0.00021004677,0.00021004677,0.21594709,0.20757224,-0.008374855,stable
5643,5643,0.99601036,0.97274,0.97222996,-0.00051003695,0.00051003695,0.23696779,0.22897404,-0.007993743,stable
931,931,0.9960126,0.97349,0.97353,3.9994717e-05,3.9994717e-05,0.2541253,0.24771418,-0.0064111203,stable
5608,5608,0.99601364,0.97142,0.97159,0.00016999245,0.00016999245,0.2060212,0.21403763,0.008016422,stable
4976,4976,0.996017,0.97234,0.98982,0.017480016,0.017480016,0.24729586,0.25281832,0.0055224597,stable
329,329,0.9960177,0.9687,0.97148997,0.0027899742,0.0027899742,0.14838946,0.17890601,0.03051655,stable
1789,1789,0.9960231,0.97146,0.97203,0.0005699992,0.0005699992,0.23144984,0.22303191,-0.008417934,stable
3589,3589,0.99602604,0.97029996,0.97242,0.002120018,0.002120018,0.17996235,0.2071832,0.027220845,stable
1128,1128,0.99602747,0.96988,0.97207,0.0021899939,0.0021899939,0.17122753,0.1827207,0.011493176,stable
5310,5310,0.9960294,0.97125995,0.97089,-0.00036996603,0.00036996603,0.21437511,0.20846458,-0.0059105307,stable
3298,3298,0.99603045,0.96990997,0.96586996,-0.004040003,0.004040003,0.1885127,0.13053906,-0.05797364,stable
4915,4915,0.9960311,0.97179997,0.97099,-0.0008099675,0.0008099675,0.21586211,0.22134542,0.0054833144,stable
2463,2463,0.99603146,0.9738,0.97187996,-0.0019200444,0.0019200444,0.2503036,0.20939754,-0.040906057,stable
3406,3406,0.9960325,0.9719,0.97098,-0.0009199977,0.0009199977,0.21282199,0.18189043,-0.030931562,stable
3839,3839,0.9960328,0.98838997,0.98508996,-0.0033000112,0.0033000112,0.22376245,0.2123816,-0.011380851,stable
1966,1966,0.9960358,0.97139996,0.97227997,0.000880003,0.000880003,0.19390105,0.20830327,0.014402226,stable
6072,6072,0.9960389,0.97187,0.97200996,0.0001399517,0.0001399517,0.19914371,0.20805445,0.008910745,stable
145,145,0.99603915,0.013409999,0.01642,0.00301,0.00301,0.00027565166,0.00071311096,0.0004374593,stable
2222,2222,0.9960406,0.98138,0.97655,-0.004830003,0.004830003,0.25586694,0.26335534,0.0074883997,stable
4577,4577,0.99604416,0.96866,0.97248,0.003820002,0.003820002,0.15557142,0.20591277,0.050341353,stable
2589,2589,0.9960474,0.97217995,0.97145,-0.0007299781,0.0007299781,0.2163823,0.19410804,-0.022274256,stable
140,140,0.99604744,0.97055,0.97161996,0.001069963,0.001069963,0.19125277,0.21333963,0.022086859,stable
6112,6112,0.9960475,0.0175,0.00094,-0.01656,0.01656,0.00340442,2.9740984e-05,-0.003374679,stable
5320,5320,0.9960482,0.96778,0.97159,0.0038099885,0.0038099885,0.162283,0.19881207,0.036529064,stable
4727,4727,0.99605125,0.97151995,0.97112995,-0.0003899932,0.0003899932,0.20652223,0.20694919,0.00042696297,stable
1972,1972,0.99605143,0.97729,0.98526996,0.007979989,0.007979989,0.17679925,0.18605581,0.009256557,stable
3407,3407,0.99605477,0.97754997,0.98025995,0.0027099848,0.0027099848,0.19870272,0.19963855,0.0009358227,stable
2576,2576,0.9960557,0.00117,0.00113,-3.9999955e-05,3.9999955e-05,3.792777e-05,3.1178944e-05,-6.7488254e-06,stable
1111,1111,0.9960566,0.98653996,0.98626,-0.00027996302,0.00027996302,0.22166596,0.19347423,-0.02819173,stable
5146,5146,0.9960574,0.97204,0.97222996,0.00018996,0.00018996,0.23125789,0.22758181,-0.0036760718,stable
4839,4839,0.9960585,0.97112,0.97106,-6.0021877e-05,6.0021877e-05,0.2027818,0.19109014,-0.01169166,stable
4329,4329,0.99605906,0.01462,0.01528,0.00066000037,0.00066000037,0.00055642833,0.00031982508,-0.00023660326,stable
1349,1349,0.9960644,0.0045,0.0008,-0.0036999998,0.0036999998,4.8995098e-05,2.9735378e-05,-1.925972e-05,stable
1079,1079,0.9960662,0.97619,0.97915995,0.0029699802,0.0029699802,0.18227446,0.20254289,0.020268425,stable
431,431,0.99606824,0.96801996,0.97078997,0.0027700067,0.0027700067,0.15467224,0.18858626,0.03391403,stable
5128,5128,0.9960699,0.96928996,0.96808,-0.0012099743,0.0012099743,0.17766832,0.15737519,-0.020293131,stable
4039,4039,0.99607205,0.97919995,0.9795,0.00030004978,0.00030004978,0.2004391,0.2016346,0.0011955053,stable
2543,2543,0.9960748,0.97277,0.97317,0.00040000677,0.00040000677,0.23392925,0.2384845,0.004555255,stable
4668,4668,0.9960754,0.9754,0.97437996,-0.0010200143,0.0010200143,0.31795242,0.3096128,-0.008339614,stable
456,456,0.99607885,0.96952,0.97014,0.0006200075,0.0006200075,0.16566336,0.1673596,0.0016962439,stable
5905,5905,0.99607885,0.97196996,0.98008996,0.00812,0.00812,0.22496827,0.23082164,0.00585337,stable
2618,2618,0.99607974,0.97362,0.97466,0.0010399818,0.0010399818,0.28709424,0.27455047,-0.012543768,stable
3105,3105,0.99608046,0.98258996,0.9704,-0.012189984,0.012189984,0.2051984,0.19824,-0.00695841,stable
5991,5991,0.99608064,0.97252,0.97273,0.00020998716,0.00020998716,0.25089902,0.24573234,-0.0051666796,stable
6018,6018,0.99608445,0.97336996,0.97273,-0.0006399751,0.0006399751,0.15672234,0.15663686,-8.547306e-05,stable
3599,3599,0.9960856,0.97165,0.97179997,0.00014996529,0.00014996529,0.20919734,0.20885618,-0.0003411621,stable
1941,1941,0.9960858,0.97622997,0.97538,-0.00084996223,0.00084996223,0.20756969,0.18999797,-0.017571718,stable
1376,1376,0.99608845,0.01639,0.0014,-0.01499,0.01499,0.00050647993,6.4273896e-05,-0.00044220604,stable
4526,4526,0.9960916,0.97499996,0.97458,-0.00041997433,0.00041997433,0.28513446,0.25182667,-0.03330779,stable
1168,1168,0.99609315,0.96996,0.97534996,0.0053899884,0.0053899884,0.18962269,0.20548578,0.01586309,stable
5010,5010,0.9961008,0.97235996,0.97344,0.0010800362,0.0010800362,0.21956542,0.2223632,0.0027977824,stable
3579,3579,0.99610186,0.97054,0.97185,0.0013099909,0.0013099909,0.17995153,0.20580372,0.025852188,stable
397,397,0.9961035,0.97051996,0.97123,0.0007100105,0.0007100105,0.18128675,0.18647689,0.005190134,stable
5780,5780,0.99610424,0.96941996,0.97042,0.0010000467,0.0010000467,0.18573985,0.19569746,0.009957612,stable
5261,5261,0.99610865,0.97248995,0.98091996,0.008430004,0.008430004,0.22187023,0.20303996,-0.01883027,stable
4473,4473,0.9961096,0.97909,0.97972995,0.0006399751,0.0006399751,0.1946498,0.20588101,0.011231214,stable
3784,3784,0.99611104,0.97126997,0.97726995,0.0059999824,0.0059999824,0.1918048,0.17667343,-0.015131369,stable
519,519,0.9961145,0.97069997,0.96983,-0.0008699894,0.0008699894,0.20065367,0.19133328,-0.009320393,stable
1407,1407,0.99611604,0.96985,0.96892,-0.0009300113,0.0009300113,0.1897967,0.17439744,-0.015399262,stable
4398,4398,0.9961182,0.97129995,0.97349995,0.0022000074,0.0022000074,0.20814914,0.23544386,0.027294725,stable
1002,1002,0.99611914,0.97405,0.973,-0.0010499954,0.0010499954,0.29411244,0.25572327,-0.038389176,stable
1345,1345,0.99612,0.96601,0.97071,0.004700005,0.004700005,0.13437866,0.18538049,0.051001832,stable
1776,1776,0.99612033,0.9881,0.98749,-0.00060999393,0.00060999393,0.21255183,0.18430562,-0.028246209,stable
5396,5396,0.9961206,0.96933997,0.9701,0.0007600188,0.0007600188,0.16835074,0.18368405,0.01533331,stable
2414,2414,0.99612236,0.98015,0.97964996,-0.00050002337,0.00050002337,0.21587475,0.19905522,-0.016819522,stable
2331,2331,0.9961227,0.008429999,0.00084,-0.0075899996,0.0075899996,9.1560054e-05,2.4596018e-05,-6.6964036e-05,stable
2118,2118,0.9961228,0.96788996,0.97055,0.002660036,0.002660036,0.16092452,0.19502713,0.034102604,stable
2798,2798,0.99612343,0.97424,0.9737,-0.0005400181,0.0005400181,0.2592914,0.2425357,-0.016755715,stable
1827,1827,0.9961258,0.96966,0.97044,0.0007799864,0.0007799864,0.1908391,0.18378691,-0.007052183,stable
1018,1018,0.9961277,0.97154,0.97253996,0.0009999871,0.0009999871,0.19570011,0.2084532,0.012753084,stable
2659,2659,0.99613374,0.97647995,0.97828996,0.0018100142,0.0018100142,0.15769117,0.19558413,0.037892967,stable
354,354,0.9961387,0.97271997,0.97305995,0.0003399849,0.0003399849,0.24150062,0.23909031,-0.0024103075,stable
1663,1663,0.9961409,0.97137,0.98130995,0.009939969,0.009939969,0.21957031,0.22209786,0.0025275499,stable
2852,2852,0.99614155,0.00919,0.009,-0.00019000005,0.00019000005,0.0005530778,0.0006321121,7.9034304e-05,stable
4224,4224,0.9961426,0.96801996,0.96309,-0.00492996,0.00492996,0.16930416,0.117763646,-0.051540516,stable
4072,4072,0.9961429,0.97069997,0.97094995,0.00024998188,0.00024998188,0.20248757,0.19444327,-0.008044302,stable
5036,5036,0.9961444,0.9719,0.97286,0.0009599924,0.0009599924,0.22303937,0.24133612,0.018296748,stable
523,523,0.9961448,0.98038995,0.97903997,-0.0013499856,0.0013499856,0.21771917,0.21200253,-0.005716637,stable
91,91,0.99614507,0.96967995,0.97226995,0.0025900006,0.0025900006,0.19460492,0.1888091,-0.0057958215,stable
3647,3647,0.9961469,0.96979,0.97015,0.00036001205,0.00036001205,0.20043783,0.19427304,-0.006164789,stable
2455,2455,0.9961478,0.97129995,0.97182995,0.0005300045,0.0005300045,0.21752867,0.2177065,0.00017783046,stable
3604,3604,0.99615085,0.98103,0.97217,-0.008859992,0.008859992,0.23093733,0.21461134,-0.016325995,stable
3956,3956,0.996156,0.97383,0.97310996,-0.0007200241,0.0007200241,0.2517013,0.2264351,-0.0252662,stable
4246,4246,0.99615794,0.97325,0.97577,0.0025200248,0.0025200248,0.23757155,0.21367413,-0.023897424,stable
1039,1039,0.9961591,0.97966,0.97998,0.00032001734,0.00032001734,0.19667722,0.19859385,0.001916632,stable
4115,4115,0.9961595,0.97238,0.973,0.0006200075,0.0006200075,0.21461825,0.21779016,0.0031719059,stable
6000,6000,0.99616283,0.01026,0.00511,-0.00515,0.00515,0.0003937463,3.4924324e-05,-0.00035882197,stable
5109,5109,0.9961637,0.97378,0.97336996,-0.00041002035,0.00041002035,0.2514454,0.23157482,-0.019870594,stable
1817,1817,0.99616456,0.97422,0.97369,-0.0005300045,0.0005300045,0.26283854,0.24531648,-0.017522067,stable
1747,1747,0.99616504,0.98807997,0.98791,-0.00016999245,0.00016999245,0.22535068,0.2043227,-0.021027982,stable
5025,5025,0.9961653,0.98793,0.98135996,-0.006570041,0.006570041,0.2397174,0.22999524,-0.009722158,stable
2345,2345,0.9961655,0.98052996,0.98115,0.0006200075,0.0006200075,0.22938932,0.22692406,-0.002465263,stable
17,17,0.9961659,0.97283,0.97297996,0.00014996529,0.00014996529,0.25163594,0.25108272,-0.0005532205,stable
1849,1849,0.9961662,0.97018,0.96896,-0.0012199879,0.0012199879,0.19399796,0.1763322,-0.017665759,stable
4758,4758,0.9961755,0.97463995,0.97805995,0.0034199953,0.0034199953,0.19686417,0.21579425,0.018930078,stable
4834,4834,0.99617785,0.98434997,0.98807997,0.003729999,0.003729999,0.2429533,0.24313396,0.00018066168,stable
751,751,0.99617845,0.97021997,0.96796,-0.0022599697,0.0022599697,0.20411737,0.16215001,-0.041967362,stable
1555,1555,0.9961794,0.97047997,0.97169,0.0012100339,0.0012100339,0.20376182,0.21498382,0.011222005,stable
890,890,0.9961804,0.9711,0.97047997,-0.0006200075,0.0006200075,0.19218625,0.18248172,-0.00970453,stable
361,361,0.99618405,0.96935,0.96987,0.0005199909,0.0005199909,0.18160106,0.18955281,0.007951751,stable
3586,3586,0.9961858,0.01753,0.00094999996,-0.01658,0.01658,0.0049967878,2.3872592e-05,-0.004972915,stable
812,812,0.99618816,0.973,0.97335,0.00034999847,0.00034999847,0.24339454,0.2504624,0.007067874,stable
5998,5998,0.99618864,0.97875,0.97854,-0.00020998716,0.00020998716,0.21348043,0.20032234,-0.013158083,stable
3182,3182,0.99619067,0.97883,0.98061997,0.0017899871,0.0017899871,0.19353522,0.20225261,0.008717388,stable
961,961,0.99619377,0.98802,0.98735,-0.0006700158,0.0006700158,0.25567335,0.23609526,-0.019578084,stable
3030,3030,0.9961946,0.97291,0.97296,5.0008297e-05,5.0008297e-05,0.23691605,0.23224992,-0.0046661347,stable
3735,3735,0.9961986,0.97042,0.97076,0.0003399849,0.0003399849,0.2052376,0.20161027,-0.00362733,stable
1947,1947,0.9961991,0.97283,0.97282,-1.001358e-05,1.001358e-05,0.25251105,0.23866433,-0.013846725,stable
2028,2028,0.99619913,0.97293997,0.97291,-2.9981136e-05,2.9981136e-05,0.22900464,0.22555797,-0.0034466684,stable
1968,1968,0.9961998,0.97657996,0.97780997,0.0012300014,0.0012300014,0.16083908,0.17600767,0.015168592,stable
4464,4464,0.99620056,0.97130996,0.97038996,-0.0009199977,0.0009199977,0.21587804,0.19735384,-0.0185242,stable
2615,2615,0.9962029,0.97331,0.97203,-0.0012800097,0.0012800097,0.2613298,0.22257185,-0.03875795,stable
2406,2406,0.99620783,0.97397,0.97352,-0.00045001507,0.00045001507,0.25348425,0.24542959,-0.008054659,stable
2527,2527,0.9962089,0.97422,0.97362,-0.00059998035,0.00059998035,0.29952738,0.2872024,-0.012324989,stable
1156,1156,0.99621165,0.97270995,0.97173995,-0.000970006,0.000970006,0.21117367,0.1919962,-0.019177467,stable
151,151,0.9962121,0.0032799998,0.00177,-0.0015099999,0.0015099999,8.046514e-05,5.0511386e-05,-2.9953757e-05,stable
2326,2326,0.996213,0.97810996,0.97769,-0.00041997433,0.00041997433,0.19003542,0.18538782,-0.0046475977,stable
5256,5256,0.9962149,0.97257,0.97081995,-0.001750052,0.001750052,0.22313356,0.20002683,-0.023106739,stable
1951,1951,0.99621725,0.96733,0.96834,0.0010100007,0.0010100007,0.17336674,0.17733583,0.003969088,stable
924,924,0.9962182,0.97121996,0.97222996,0.0010100007,0.0010100007,0.20720641,0.21102144,0.003815025,stable
1348,1348,0.99622226,0.97252,0.97306997,0.00054997206,0.00054997206,0.2557308,0.24553964,-0.010191172,stable
2867,2867,0.99622357,0.97396,0.97309995,-0.0008600354,0.0008600354,0.33186144,0.2814674,-0.05039403,stable
655,655,0.9962248,0.97020996,0.97099,0.000780046,0.000780046,0.19163418,0.19375874,0.0021245629,stable
4789,4789,0.99622506,0.96984,0.96962,-0.00022000074,0.00022000074,0.19671002,0.18103316,-0.015676856,stable
3581,3581,0.99622923,0.97098,0.97147995,0.00049996376,0.00049996376,0.18512434,0.18676999,0.0016456544,stable
4516,4516,0.9962294,0.97067,0.97147995,0.0008099675,0.0008099675,0.19243816,0.20185329,0.009415135,stable
2794,2794,0.99623036,0.97211,0.97195,-0.00015997887,0.00015997887,0.22406101,0.19794878,-0.026112229,stable
5740,5740,0.9962305,0.97049,0.98635,0.015860021,0.015860021,0.15299037,0.19436835,0.041377977,stable
4229,4229,0.9962323,0.98060995,0.98798996,0.0073800087,0.0073800087,0.24397765,0.24259366,-0.00138399,stable
1667,1667,0.9962324,0.008909999,0.00059999997,-0.0083099995,0.0083099995,0.0009593086,2.1538219e-05,-0.00093777035,stable
3667,3667,0.9962327,0.97121996,0.97100997,-0.00020998716,0.00020998716,0.2178139,0.21364878,-0.004165113,stable
1643,1643,0.9962373,0.99012,0.98960996,-0.00051003695,0.00051003695,0.25010428,0.23268257,-0.017421708,stable
2278,2278,0.99623907,0.97932,0.98067,0.0013499856,0.0013499856,0.20886165,0.22024703,0.011385381,stable
1423,1423,0.9962394,0.00845,0.008429999,-2.0000152e-05,2.0000152e-05,0.0014910713,0.0008422019,-0.00064886943,stable
5593,5593,0.9962395,0.97151995,0.9711,-0.00041997433,0.00041997433,0.22972916,0.21661992,-0.013109237,stable
53,53,0.99624026,0.97953,0.98622996,0.0066999793,0.0066999793,0.19691685,0.1774218,-0.019495055,stable
6119,6119,0.99624133,0.97358,0.97468996,0.0011099577,0.0011099577,0.24991621,0.25131008,0.0013938695,stable
4980,4980,0.9962452,0.97242,0.9733,0.000880003,0.000880003,0.2111181,0.2303381,0.019219995,stable
5690,5690,0.99624586,0.96965,0.96821,-0.0014399886,0.0014399886,0.19403632,0.17761013,-0.01642619,stable
3014,3014,0.9962468,0.97603,0.97931,0.003279984,0.003279984,0.15735206,0.18728063,0.029928565,stable
1959,1959,0.9962479,0.97439,0.97393,-0.00045996904,0.00045996904,0.32484683,0.26876757,-0.05607927,stable
5063,5063,0.99624866,0.97427,0.97362995,-0.0006400347,0.0006400347,0.27375132,0.26146755,-0.012283772,stable
2611,2611,0.9962495,0.96954995,0.97015995,0.00060999393,0.00060999393,0.19694886,0.18907978,-0.00786908,stable
3981,3981,0.9962499,0.97688997,0.97309,-0.003799975,0.003799975,0.18743508,0.12637699,-0.06105809,stable
1533,1533,0.9962504,0.96884996,0.96737,-0.0014799833,0.0014799833,0.14621195,0.14063184,-0.0055801123,stable
1266,1266,0.9962519,0.97142,0.97089,-0.0005300045,0.0005300045,0.19964209,0.19098906,-0.00865303,stable
4007,4007,0.9962549,0.97972,0.97951996,-0.00020003319,0.00020003319,0.22333933,0.20907417,-0.014265165,stable
4360,4360,0.99625623,0.97054,0.97059995,5.9962273e-05,5.9962273e-05,0.20003802,0.19969171,-0.000346303,stable
39,39,0.9962573,0.97097,0.97045,-0.0005199909,0.0005199909,0.19912867,0.19525355,-0.0038751215,stable
5541,5541,0.9962585,0.97665995,0.97988,0.0032200217,0.0032200217,0.19039363,0.20980363,0.01941,stable
2389,2389,0.9962586,0.97089,0.97303,0.0021399856,0.0021399856,0.2070943,0.22358558,0.016491279,stable
623,623,0.9962587,0.97204,0.97221,0.00016999245,0.00016999245,0.22448821,0.2059881,-0.01850012,stable
5748,5748,0.9962625,0.97033,0.96967995,-0.00065004826,0.00065004826,0.181976,0.16512215,-0.016853854,stable
4176,4176,0.9962628,0.97261,0.97152996,-0.0010800362,0.0010800362,0.22224253,0.21194398,-0.01029855,stable
3067,3067,0.99626315,0.97371995,0.97336996,-0.00034999847,0.00034999847,0.26505536,0.2513497,-0.013705671,stable
5967,5967,0.9962648,0.97023,0.97115,0.0009199977,0.0009199977,0.20001316,0.21712531,0.01711215,stable
4880,4880,0.9962666,0.98073,0.9802,-0.0005300045,0.0005300045,0.23366646,0.21795794,-0.015708521,stable
2130,2130,0.99626875,0.97157997,0.97121996,-0.00036001205,0.00036001205,0.24122474,0.226341,-0.014883742,stable
4215,4215,0.99626994,0.97063,0.97025996,-0.00037002563,0.00037002563,0.19396734,0.17940046,-0.014566883,stable
831,831,0.99627054,0.96941,0.97108996,0.0016799569,0.0016799569,0.16754822,0.19430378,0.026755556,stable
1610,1610,0.9962715,0.97284997,0.97244996,-0.00040000677,0.00040000677,0.2654789,0.25872183,-0.0067570806,stable
603,603,0.9962722,0.97652996,0.97841996,0.0018900037,0.0018900037,0.19786242,0.19541514,-0.0024472773,stable
2110,2110,0.99627364,0.97343,0.97279996,-0.0006300211,0.0006300211,0.27255756,0.250211,-0.022346556,stable
177,177,0.996274,0.98384,0.98789996,0.0040599704,0.0040599704,0.18046527,0.23054604,0.050080776,stable
705,705,0.99627745,0.97011,0.97151995,0.0014099479,0.0014099479,0.18705304,0.20134562,0.014292583,stable
2062,2062,0.9962783,0.97042,0.97748995,0.0070699453,0.0070699453,0.22013089,0.22765152,0.007520631,stable
1932,1932,0.9962784,0.97089,0.97154,0.00064998865,0.00064998865,0.21440984,0.21136625,-0.003043592,stable
4931,4931,0.99627984,0.97234,0.97221,-0.00012999773,0.00012999773,0.26809952,0.27257484,0.0044753253,stable
995,995,0.99628013,0.97393,0.97291,-0.0010200143,0.0010200143,0.24286461,0.23192632,-0.010938287,stable
324,324,0.99628067,0.97222996,0.97217,-5.9962273e-05,5.9962273e-05,0.19545984,0.19743066,0.0019708127,stable
3625,3625,0.9962821,0.97186,0.97222996,0.00036996603,0.00036996603,0.22258869,0.22683367,0.004244983,stable
2350,2350,0.996283,0.96739995,0.9697,0.002300024,0.002300024,0.14939222,0.18209063,0.032698408,stable
3703,3703,0.9962867,0.97115,0.97266996,0.001519978,0.001519978,0.21325411,0.2199721,0.006717995,stable
2499,2499,0.99628955,0.97154,0.97090995,-0.0006300211,0.0006300211,0.21457738,0.19814168,-0.016435698,stable
650,650,0.99629384,0.97920996,0.98651,0.0073000193,0.0073000193,0.20632543,0.19376113,-0.0125643015,stable
5945,5945,0.9962996,0.97049,0.97099,0.00050002337,0.00050002337,0.19623992,0.19475664,-0.0014832765,stable
4293,4293,0.9963027,0.97863996,0.98014,0.0015000105,0.0015000105,0.20133741,0.2003048,-0.0010326058,stable
5263,5263,0.9963029,0.97085,0.97012997,-0.0007200241,0.0007200241,0.16449183,0.17015542,0.0056635886,stable
5646,5646,0.9963038,0.97371,0.9733,-0.00041002035,0.00041002035,0.27779916,0.2684394,-0.009359747,stable
1163,1163,0.9963074,0.97060996,0.97242,0.0018100142,0.0018100142,0.18819433,0.19722332,0.009028986,stable
1577,1577,0.9963074,0.98867,0.98743,-0.001240015,0.001240015,0.25417694,0.19800581,-0.056171134,stable
366,366,0.99631023,0.97713,0.97775,0.0006200075,0.0006200075,0.19949062,0.18406929,-0.015421331,stable
2722,2722,0.99631095,0.96608996,0.96898997,0.0029000044,0.0029000044,0.14397301,0.18072453,0.036751524,stable
5349,5349,0.9963124,0.97189,0.96905,-0.0028399825,0.0028399825,0.22917113,0.18153805,-0.04763308,stable
2149,2149,0.9963137,0.01266,0.00087999995,-0.011779999,0.011779999,0.0013153448,1.8127215e-05,-0.0012972176,stable
5498,5498,0.996317,0.97178,0.97687,0.0050899982,0.0050899982,0.13511348,0.17927113,0.044157654,stable
2487,2487,0.9963183,0.96944,0.97046995,0.0010299683,0.0010299683,0.1820211,0.191471,0.009449899,stable
2418,2418,0.9963184,0.98012,0.97945,-0.0006700158,0.0006700158,0.21341375,0.1905638,-0.022849947,stable
5339,5339,0.99631906,0.97072,0.97170997,0.0009899735,0.0009899735,0.2235026,0.23084722,0.0073446184,stable
148,148,0.9963207,0.98003995,0.98946995,0.009429991,0.009429991,0.23422289,0.2438205,0.009597614,stable
312,312,0.9963285,0.97134,0.97151,0.00016999245,0.00016999245,0.1933662,0.19186807,-0.001498133,stable
662,662,0.99633193,0.97766,0.97155,-0.0061100125,0.0061100125,0.23476866,0.22149678,-0.013271883,stable
656,656,0.9963337,0.98678,0.98692,0.00014001131,0.00014001131,0.21058464,0.19875738,-0.01182726,stable
4690,4690,0.99633384,0.97029,0.97075,0.00045996904,0.00045996904,0.20825827,0.2077239,-0.00053437054,stable
5529,5529,0.9963407,0.97174996,0.97286,0.0011100173,0.0011100173,0.21517262,0.22180519,0.0066325665,stable
595,595,0.99634135,0.96932995,0.96998996,0.00066000223,0.00066000223,0.17123921,0.18469083,0.013451621,stable
5631,5631,0.9963442,0.96967,0.97077996,0.0011099577,0.0011099577,0.18134212,0.18078484,-0.0005572885,stable
3143,3143,0.99634856,0.97178996,0.98848,0.016690016,0.016690016,0.24270794,0.241504,-0.0012039393,stable
2139,2139,0.9963512,0.9684,0.96932995,0.00092995167,0.00092995167,0.17142594,0.17457175,0.003145814,stable
2176,2176,0.99635136,0.97024,0.96801996,-0.0022200346,0.0022200346,0.19271937,0.14415525,-0.04856412,stable
213,213,0.99635446,0.97963995,0.97959,-4.9948692e-05,4.9948692e-05,0.22284898,0.21392831,-0.00892067,stable
3276,3276,0.99635625,0.98473996,0.97713995,-0.0076000094,0.0076000094,0.18928015,0.19744284,0.008162692,stable
5355,5355,0.99635625,0.97839,0.98016,0.0017700195,0.0017700195,0.18966188,0.20616516,0.01650329,stable
2523,2523,0.9963602,0.97147,0.97205997,0.0005899668,0.0005899668,0.20218666,0.21100457,0.008817911,stable
1879,1879,0.9963633,0.98257995,0.98532,0.0027400255,0.0027400255,0.15551892,0.18573849,0.03021957,stable
6091,6091,0.9963646,0.97503996,0.97461,-0.0004299879,0.0004299879,0.33477038,0.31741598,-0.017354399,stable
6122,6122,0.99636877,0.97354996,0.97402,0.00047004223,0.00047004223,0.25561136,0.253697,-0.0019143522,stable
4552,4552,0.9963688,0.97301996,0.97292,-9.995699e-05,9.995699e-05,0.2645205,0.25476387,-0.009756625,stable
3717,3717,0.9963689,0.97208,0.9716,-0.0004799962,0.0004799962,0.2324405,0.21824566,-0.014194846,stable
1137,1137,0.99636894,0.97308,0.97183996,-0.001240015,0.001240015,0.25811014,0.2381844,-0.019925728,stable
257,257,0.99636984,0.97218996,0.97121,-0.00097996,0.00097996,0.24722812,0.23713319,-0.010094926,stable
2404,2404,0.99637073,0.97433996,0.97999996,0.0056599975,0.0056599975,0.25358194,0.22757648,-0.026005462,stable
2102,2102,0.99637234,0.97088,0.97084,-3.9994717e-05,3.9994717e-05,0.20678875,0.20687248,8.3729625e-05,stable
556,556,0.9963759,0.97200996,0.97174996,-0.00025999546,0.00025999546,0.23217689,0.21504955,-0.017127335,stable
6110,6110,0.99637663,0.97007996,0.97134,0.0012600422,0.0012600422,0.18089724,0.1974559,0.016558662,stable
3538,3538,0.996378,0.97147,0.97181,0.0003399849,0.0003399849,0.21584988,0.21207567,-0.0037742108,stable
5934,5934,0.9963784,0.97141,0.97226995,0.0008599758,0.0008599758,0.21739097,0.24065423,0.02326326,stable
1797,1797,0.99638385,0.97422,0.97379,-0.0004299879,0.0004299879,0.2561421,0.23971163,-0.016430482,stable
829,829,0.99638397,0.97958,0.98197997,0.002399981,0.002399981,0.25825328,0.24896102,-0.00929226,stable
4791,4791,0.9963844,0.9712,0.97771996,0.0065199733,0.0065199733,0.23029241,0.22533308,-0.00495933,stable
5471,5471,0.9963844,0.97884,0.98054,0.0016999841,0.0016999841,0.19283363,0.1699887,-0.022844926,stable
1233,1233,0.99638474,0.0032499998,0.00093,-0.00232,0.00232,3.544476e-05,3.3828448e-05,-1.6163103e-06,stable
3356,3356,0.9963849,0.97248,0.97795,0.005469978,0.005469978,0.22024332,0.20226921,-0.017974108,stable
3606,3606,0.99638563,0.96867996,0.96985,0.0011700392,0.0011700392,0.16560644,0.17968388,0.01407744,stable
3510,3510,0.9963871,0.98012996,0.97889996,-0.0012300014,0.0012300014,0.22235362,0.19889095,-0.023462668,stable
2308,2308,0.99639034,0.97336,0.97393996,0.0005799532,0.0005799532,0.24543288,0.25140077,0.0059678853,stable
4607,4607,0.99639237,0.96843,0.97050995,0.0020799637,0.0020799637,0.15212658,0.17874992,0.026623338,stable
4585,4585,0.9963924,0.98186,0.98056,-0.0012999773,0.0012999773,0.24827094,0.23425277,-0.014018178,stable
979,979,0.9963927,0.009459999,0.016409999,0.0069499994,0.0069499994,0.00046522013,0.0008023374,0.0003371173,stable
3037,3037,0.9963938,0.01573,0.01124,-0.0044899993,0.0044899993,0.0010150573,0.00076973677,-0.00024532055,stable
3038,3038,0.9963938,0.97086,0.9705,-0.00036001205,0.00036001205,0.1867276,0.18854605,0.0018184483,stable
3673,3673,0.99639493,0.97211,0.97154,-0.0005699992,0.0005699992,0.22757837,0.2133761,-0.014202267,stable
1805,1805,0.9963963,0.96967995,0.96902996,-0.00064998865,0.00064998865,0.17993073,0.16819918,-0.01173155,stable
2296,2296,0.99639654,0.97258997,0.97308,0.0004900098,0.0004900098,0.20936097,0.20674019,-0.0026207864,stable
3337,3337,0.9964001,0.97327,0.97407997,0.0008099675,0.0008099675,0.24035572,0.25679034,0.016434625,stable
1812,1812,0.99640155,0.97213,0.97104996,-0.0010800362,0.0010800362,0.21009094,0.19502732,-0.015063614,stable
1829,1829,0.996402,0.97445995,0.97365,-0.0008099675,0.0008099675,0.28001347,0.24880804,-0.03120543,stable
2372,2372,0.99640286,0.97159,0.97231996,0.0007299781,0.0007299781,0.19531164,0.20233531,0.007023677,stable
1239,1239,0.9964037,0.97599,0.97896,0.0029699802,0.0029699802,0.20008786,0.20141457,0.00132671,stable
2564,2564,0.9964062,0.97157997,0.97060996,-0.000970006,0.000970006,0.22659187,0.19982281,-0.026769057,stable
3787,3787,0.9964092,0.96935,0.96845996,-0.00089001656,0.00089001656,0.1924521,0.168056,-0.024396107,stable
3237,3237,0.99641,0.97319996,0.97261,-0.0005899668,0.0005899668,0.2694957,0.25060558,-0.018890113,stable
4460,4460,0.9964127,0.97365,0.97382,0.00016999245,0.00016999245,0.25117207,0.24802981,-0.0031422526,stable
871,871,0.99641365,0.97036,0.97814995,0.0077899694,0.0077899694,0.18582316,0.21667343,0.030850276,stable
546,546,0.9964148,0.96976,0.96989,0.00012999773,0.00012999773,0.19589098,0.19674034,0.0008493662,stable
2421,2421,0.9964162,0.97249997,0.972,-0.00049996376,0.00049996376,0.24751331,0.22665732,-0.020855993,stable
3755,3755,0.99641645,0.98859,0.97731996,-0.011270046,0.011270046,0.24867111,0.21427828,-0.034392834,stable
3653,3653,0.99641776,0.97305,0.97218996,-0.0008600354,0.0008600354,0.23522191,0.22499765,-0.010224253,stable
2277,2277,0.9964181,0.97187996,0.97135997,-0.0005199909,0.0005199909,0.22248814,0.21444564,-0.008042499,stable
3408,3408,0.9964187,0.97819996,0.97920996,0.0010100007,0.0010100007,0.20367327,0.21999308,0.016319811,stable
1368,1368,0.9964198,0.97012997,0.96856,-0.0015699863,0.0015699863,0.1831548,0.162548,-0.0206068,stable
1993,1993,0.99642,0.97896,0.98047996,0.001519978,0.001519978,0.21453094,0.22850628,0.013975337,stable
6099,6099,0.9964212,0.98688996,0.98765,0.0007600188,0.0007600188,0.21105835,0.20481746,-0.0062408894,stable
861,861,0.9964215,0.97213,0.96932,-0.0028100014,0.0028100014,0.20735148,0.16876453,-0.038586944,stable
1241,1241,0.9964219,0.97006,0.9702,0.00014001131,0.00014001131,0.17540714,0.18056688,0.0051597357,stable
5013,5013,0.9964224,0.97147995,0.9716,0.000120043755,0.000120043755,0.22785445,0.22583279,-0.0020216554,stable
617,617,0.99642444,0.97222996,0.97211,-0.00011998415,0.00011998415,0.23032373,0.22302847,-0.007295266,stable
5939,5939,0.99642473,0.96998996,0.96953,-0.00045996904,0.00045996904,0.19658798,0.1871984,-0.009389579,stable
3378,3378,0.9964273,0.97428995,0.98096997,0.0066800117,0.0066800117,0.21312062,0.21542645,0.0023058206,stable
1041,1041,0.99642944,0.97670996,0.97839,0.0016800165,0.0016800165,0.17677218,0.19638875,0.019616574,stable
5751,5751,0.9964295,0.96835995,0.96748996,-0.0008699894,0.0008699894,0.1658376,0.16183355,-0.0040040463,stable
1813,1813,0.99643123,0.98753995,0.98757,3.0040741e-05,3.0040741e-05,0.21370621,0.21220289,-0.0015033185,stable
5926,5926,0.996434,0.97681,0.98274,0.0059300065,0.0059300065,0.31063604,0.28499094,-0.025645107,stable
43,43,0.99643743,0.97222,0.97529995,0.0030799508,0.0030799508,0.20714082,0.14019068,-0.06695014,stable
3054,3054,0.996439,0.97291,0.97312,0.00020998716,0.00020998716,0.2255375,0.22689421,0.0013567209,stable
5521,5521,0.99644077,0.97317,0.97248,-0.00068998337,0.00068998337,0.25168753,0.24142227,-0.010265261,stable
3484,3484,0.9964415,0.96810997,0.97038996,0.0022799969,0.0022799969,0.16699086,0.19027148,0.02328062,stable
828,828,0.99644303,0.98515,0.98538,0.00023001432,0.00023001432,0.16125885,0.15766685,-0.0035919994,stable
3118,3118,0.99644315,0.97168,0.97230995,0.0006299615,0.0006299615,0.23997805,0.25651407,0.016536027,stable
4044,4044,0.9964456,0.97367996,0.97305995,-0.0006200075,0.0006200075,0.25666538,0.23432946,-0.022335917,stable
4480,4480,0.9964466,0.97055995,0.97143,0.000870049,0.000870049,0.19684875,0.19398315,-0.0028655976,stable
5553,5553,0.9964493,0.97797,0.98004997,0.0020799637,0.0020799637,0.18242057,0.20277642,0.02035585,stable
4154,4154,0.99645054,0.98494995,0.98867995,0.003729999,0.003729999,0.16477734,0.23032619,0.06554885,stable
3649,3649,0.9964509,0.97327995,0.98073,0.007450044,0.007450044,0.31534082,0.29817796,-0.01716286,stable
1622,1622,0.9964523,0.97147,0.97134,-0.00012999773,0.00012999773,0.19181666,0.18858185,-0.0032348037,stable
4538,4538,0.99645305,0.00075,0.00052999996,-0.00022000005,0.00022000005,2.9316136e-05,2.0600219e-05,-8.715917e-06,stable
2481,2481,0.9964533,0.0089,0.0088599995,-4.0000305e-05,4.0000305e-05,0.0004742967,0.00042955411,-4.47426e-05,stable
1196,1196,0.99645495,0.01707,0.01714,7.000007e-05,7.000007e-05,0.00656442,0.0056958934,-0.00086852675,stable
5353,5353,0.9964559,0.96849,0.97709996,0.008609951,0.008609951,0.17804001,0.15772535,-0.020314664,stable
3370,3370,0.9964561,0.98205996,0.98131996,-0.00073999166,0.00073999166,0.27144778,0.24807444,-0.023373336,stable
3769,3769,0.99645793,0.97178996,0.97046,-0.0013299584,0.0013299584,0.2388707,0.21091144,-0.027959257,stable
1569,1569,0.9964602,0.97358,0.97295,-0.0006300211,0.0006300211,0.24628887,0.22946644,-0.016822428,stable
4404,4404,0.99646354,0.96987,0.97002,0.00015002489,0.00015002489,0.17973214,0.17758109,-0.0021510571,stable
2194,2194,0.99646413,0.97269,0.97177,-0.0009199977,0.0009199977,0.25463808,0.24789391,-0.0067441612,stable
5523,5523,0.9964651,0.98210996,0.98587996,0.0037699938,0.0037699938,0.1769028,0.16345768,-0.013445124,stable
2953,2953,0.99646676,0.97178996,0.97226,0.00047004223,0.00047004223,0.20723763,0.20524597,-0.0019916594,stable
5585,5585,0.99646896,0.97366995,0.97281,-0.0008599758,0.0008599758,0.26992324,0.23457238,-0.03535086,stable
5308,5308,0.99646986,0.97152996,0.97049,-0.0010399818,0.0010399818,0.20947558,0.19251476,-0.016960815,stable
3094,3094,0.99647146,0.98146,0.98301,0.0015500188,0.0015500188,0.2283326,0.21996967,-0.008362919,stable
511,511,0.99647635,0.97181,0.97170997,-0.000100016594,0.000100016594,0.21146849,0.21268229,0.0012138039,stable
5196,5196,0.9964794,0.97468996,0.97481,0.000120043755,0.000120043755,0.27531773,0.2726793,-0.0026384294,stable
2395,2395,0.99648285,0.97481,0.97406,-0.00075000525,0.00075000525,0.29703742,0.27129033,-0.02574709,stable
4222,4222,0.99648285,0.97125,0.97116995,-8.004904e-05,8.004904e-05,0.21486992,0.22406736,0.009197444,stable
1373,1373,0.9964863,0.97007,0.97299,0.002919972,0.002919972,0.18406898,0.17832364,-0.0057453364,stable
2144,2144,0.9964893,0.97258997,0.97331995,0.0007299781,0.0007299781,0.2197655,0.22547625,0.005710751,stable
2061,2061,0.9964895,0.97195995,0.97208,0.000120043755,0.000120043755,0.20642915,0.21198598,0.005556822,stable
1809,1809,0.9964896,0.97782,0.97788996,6.997585e-05,6.997585e-05,0.19539846,0.18014638,-0.015252084,stable
1294,1294,0.9964902,0.01728,0.01731,2.9999763e-05,2.9999763e-05,0.004231764,0.0028823281,-0.0013494359,stable
1293,1293,0.99649066,0.00464,0.01531,0.01067,0.01067,5.226613e-05,0.0019744234,0.0019221572,stable
5578,5578,0.9964931,0.97257996,0.97261995,3.9994717e-05,3.9994717e-05,0.22691491,0.21150625,-0.015408665,stable
4270,4270,0.9964938,0.97457,0.97455996,-1.001358e-05,1.001358e-05,0.2744528,0.24979496,-0.024657845,stable
1236,1236,0.99649477,0.97279996,0.97402,0.0012200475,0.0012200475,0.23912093,0.24566232,0.0065413862,stable
3678,3678,0.9964994,0.9737,0.97306997,-0.0006300211,0.0006300211,0.26076588,0.24831593,-0.01244995,stable
1503,1503,0.99649954,0.97327,0.98038,0.0071099997,0.0071099997,0.2448937,0.23536547,-0.009528235,stable
1758,1758,0.99650145,0.98210996,0.98942,0.007310033,0.007310033,0.2827032,0.27316153,-0.009541661,stable
4897,4897,0.9965074,0.97125995,0.97143,0.00017005205,0.00017005205,0.20524944,0.21011186,0.004862413,stable
3218,3218,0.99650776,0.96584,0.96812,0.0022799969,0.0022799969,0.13347238,0.16261369,0.029141307,stable
3349,3349,0.9965092,0.00878,0.00133,-0.00745,0.00745,0.00024408099,4.2049178e-05,-0.0002020318,stable
4124,4124,0.9965093,0.98073,0.98047,-0.00025999546,0.00025999546,0.26426542,0.24156214,-0.022703275,stable
4869,4869,0.9965095,0.97055995,0.97161996,0.001060009,0.001060009,0.17873867,0.18651699,0.0077783167,stable
128,128,0.99651325,0.96827,0.97182,0.003549993,0.003549993,0.14996435,0.19064023,0.04067588,stable
2736,2736,0.9965146,0.97191,0.97265,0.00073999166,0.00073999166,0.22318378,0.22439347,0.0012096912,stable
3331,3331,0.99651855,0.97002,0.97021997,0.00019997358,0.00019997358,0.18090443,0.17540812,-0.005496308,stable
285,285,0.9965186,0.96945995,0.97156,0.0021000504,0.0021000504,0.18027146,0.19339426,0.013122797,stable
5911,5911,0.9965193,0.97211,0.97159,-0.0005199909,0.0005199909,0.24653095,0.226195,-0.020335957,stable
5241,5241,0.9965201,0.97179997,0.97179997,0.0,0.0,0.1912272,0.19942662,0.008199424,stable
838,838,0.99652064,0.97261,0.97296995,0.00035995245,0.00035995245,0.23798138,0.24434526,0.0063638836,stable
4545,4545,0.9965218,0.98677,0.98712,0.00034999847,0.00034999847,0.19871718,0.19046989,-0.008247286,stable
1143,1143,0.9965219,0.97099996,0.97115,0.00015002489,0.00015002489,0.19914524,0.18877293,-0.010372311,stable
4940,4940,0.9965235,0.97113997,0.97132,0.00018000603,0.00018000603,0.23708051,0.22671708,-0.01036343,stable
560,560,0.99652517,0.97244,0.97432,0.0018799901,0.0018799901,0.24355121,0.2652937,0.021742478,stable
5468,5468,0.99652594,0.00882,0.00096,-0.00786,0.00786,0.00022263877,2.8857481e-05,-0.00019378129,stable
680,680,0.9965263,0.97154,0.97217,0.0006300211,0.0006300211,0.19977832,0.21406195,0.014283627,stable
2627,2627,0.996527,0.97192997,0.97097,-0.0009599924,0.0009599924,0.21904984,0.19370617,-0.025343671,stable
3662,3662,0.99652857,0.97187996,0.97252,0.0006400347,0.0006400347,0.21591489,0.22445402,0.008539125,stable
4877,4877,0.9965288,0.97132,0.97200996,0.00068998337,0.00068998337,0.1746214,0.19218828,0.017566875,stable
4567,4567,0.99652964,0.00851,0.0074699996,-0.0010400005,0.0010400005,0.00037061583,7.254609e-05,-0.00029806973,stable
2905,2905,0.9965309,0.97229,0.97315997,0.0008699894,0.0008699894,0.2228466,0.22954616,0.006699562,stable
5907,5907,0.9965311,0.97239,0.97281,0.00041997433,0.00041997433,0.23349687,0.23609982,0.0026029497,stable
4185,4185,0.99653196,0.97273,0.97187996,-0.00085002184,0.00085002184,0.20590198,0.18593335,-0.019968629,stable
4148,4148,0.99653316,0.97281,0.97287,6.0021877e-05,6.0021877e-05,0.24834082,0.23463212,-0.013708696,stable
6125,6125,0.9965344,0.96999997,0.97086996,0.0008699894,0.0008699894,0.19596952,0.21437304,0.018403515,stable
4137,4137,0.9965373,0.97025996,0.97106,0.00080001354,0.00080001354,0.19867493,0.20163547,0.002960533,stable
3607,3607,0.99653864,0.01017,0.0155299995,0.00536,0.00536,0.0002496877,0.00092552253,0.00067583483,stable
552,552,0.9965395,0.97933996,0.9784,-0.00093996525,0.00093996525,0.205698,0.19750652,-0.008191481,stable
300,300,0.9965418,0.96601,0.96875995,0.0027499795,0.0027499795,0.1299347,0.1496423,0.019707605,stable
4965,4965,0.99655056,0.97249997,0.97244,-5.9962273e-05,5.9962273e-05,0.22455592,0.23413324,0.009577319,stable
2793,2793,0.9965528,0.98458,0.98532,0.00073999166,0.00073999166,0.1558104,0.16817772,0.012367323,stable
624,624,0.99655867,0.97446996,0.97366995,-0.00080001354,0.00080001354,0.28353414,0.2704851,-0.013049036,stable
2649,2649,0.99656653,0.97086,0.96897995,-0.0018800497,0.0018800497,0.19561976,0.18429488,-0.0113248825,stable
236,236,0.99656767,0.97317,0.97266,-0.00050997734,0.00050997734,0.2852147,0.2547659,-0.030448794,stable
1170,1170,0.9965677,0.97075,0.96999997,-0.00075000525,0.00075000525,0.19692351,0.1821203,-0.014803216,stable
3418,3418,0.99657017,0.97148997,0.96769,-0.003799975,0.003799975,0.21124277,0.1528164,-0.058426365,stable
5958,5958,0.9965717,0.9874,0.98052996,-0.0068700314,0.0068700314,0.23871033,0.20982048,-0.02888985,stable
4555,4555,0.99657404,0.97821,0.98125,0.0030400157,0.0030400157,0.24108203,0.23090307,-0.010178953,stable
3950,3950,0.9965761,0.97141,0.97148997,7.998943e-05,7.998943e-05,0.2139772,0.21395527,-2.193451e-05,stable
1678,1678,0.9965763,0.97187,0.97274995,0.00087994337,0.00087994337,0.23266463,0.23713972,0.004475087,stable
4238,4238,0.9965768,0.97448,0.97337997,-0.0011000037,0.0011000037,0.3046756,0.27608198,-0.02859363,stable
4687,4687,0.99657714,0.9716,0.97862,0.0070199966,0.0070199966,0.21912855,0.22371568,0.0045871288,stable
2629,2629,0.99657893,0.98037,0.98042,5.0008297e-05,5.0008297e-05,0.20640214,0.21070857,0.0043064356,stable
292,292,0.996581,0.97520995,0.97454,-0.0006699562,0.0006699562,0.3260726,0.30302566,-0.02304694,stable
2228,2228,0.9965811,0.96975,0.9676,-0.0021499991,0.0021499991,0.17292625,0.1502724,-0.022653848,stable
2604,2604,0.99658334,0.97123,0.97208,0.00085002184,0.00085002184,0.21715064,0.22366452,0.0065138787,stable
5298,5298,0.99658495,0.96953,0.96975,0.00022000074,0.00022000074,0.17474806,0.17471059,-3.747642e-05,stable
2728,2728,0.9965861,0.97152996,0.97216,0.0006300211,0.0006300211,0.22061457,0.22584394,0.005229369,stable
5955,5955,0.9965861,0.98048997,0.98046,-2.9981136e-05,2.9981136e-05,0.21649413,0.20900308,-0.007491052,stable
320,320,0.99658614,0.96979,0.96887,-0.0009199977,0.0009199977,0.16433878,0.15408675,-0.010252029,stable
3507,3507,0.99658644,0.96914995,0.96958,0.0004300475,0.0004300475,0.16488883,0.16371222,-0.0011766106,stable
1956,1956,0.99658734,0.97195,0.97476995,0.0028199553,0.0028199553,0.18757385,0.19008718,0.0025133342,stable
4548,4548,0.99658805,0.96928996,0.98362,0.0143300295,0.0143300295,0.20426042,0.20740148,0.0031410605,stable
1350,1350,0.9965887,0.98626995,0.98572,-0.00054997206,0.00054997206,0.1776362,0.16913503,-0.008501172,stable
5609,5609,0.99659073,0.9702,0.96972996,-0.00047004223,0.00047004223,0.20176843,0.19722743,-0.0045409948,stable
3091,3091,0.996591,0.96954995,0.9716,0.0020500422,0.0020500422,0.18307582,0.19944608,0.016370267,stable
1338,1338,0.9965916,0.97021997,0.96981996,-0.00040000677,0.00040000677,0.18677199,0.17531997,-0.011452019,stable
6131,6131,0.9965931,0.01728,0.01071,-0.0065699993,0.0065699993,0.0035856343,0.0009080056,-0.0026776288,stable
3134,3134,0.99659383,0.97002,0.97086996,0.00084996223,0.00084996223,0.19962874,0.20528527,0.0056565255,stable
781,781,0.99659586,0.97419995,0.97291,-0.0012899637,0.0012899637,0.2251669,0.2027659,-0.022401005,stable
1495,1495,0.9965968,0.97182,0.96915996,-0.002660036,0.002660036,0.19895531,0.1604338,-0.038521513,stable
3239,3239,0.9965975,0.97189,0.97199,0.000100016594,0.000100016594,0.23627369,0.22440138,-0.0118723065,stable
4427,4427,0.99660456,0.97116,0.9708,-0.00036001205,0.00036001205,0.2033982,0.2049252,0.0015269965,stable
2449,2449,0.9966054,0.97345996,0.97301,-0.00044995546,0.00044995546,0.257097,0.23651949,-0.02057752,stable
1725,1725,0.9966055,0.97994995,0.97972995,-0.00022000074,0.00022000074,0.19676019,0.19493492,-0.001825273,stable
2242,2242,0.99660677,0.97448,0.98077,0.0062900186,0.0062900186,0.21321574,0.2207778,0.007562056,stable
1992,1992,0.99660724,0.01714,0.01657,-0.0005699992,0.0005699992,0.0016641757,0.0017402525,7.607683e-05,stable
5549,5549,0.9966099,0.97363997,0.97388995,0.00024998188,0.00024998188,0.2890444,0.2697607,-0.019283712,stable
5850,5850,0.99661154,0.97571,0.97354996,-0.0021600127,0.0021600127,0.23188043,0.22443014,-0.0074502826,stable
3387,3387,0.9966116,0.97115,0.97189,0.00073999166,0.00073999166,0.22092332,0.21746206,-0.0034612566,stable
3891,3891,0.9966223,0.974,0.97483,0.0008299947,0.0008299947,0.27981204,0.27817044,-0.0016416013,stable
33,33,0.99662334,0.97229,0.97148997,-0.00080001354,0.00080001354,0.20319109,0.19534574,-0.007845342,stable
852,852,0.99662375,0.97095996,0.96941996,-0.0015400052,0.0015400052,0.20437363,0.18761326,-0.016760364,stable
2289,2289,0.9966256,0.97428995,0.97805,0.0037600398,0.0037600398,0.17009382,0.17725196,0.0071581453,stable
4397,4397,0.9966322,0.96704,0.96882,0.0017799735,0.0017799735,0.15377493,0.17715643,0.023381501,stable
4806,4806,0.9966345,0.97202,0.97521996,0.0031999946,0.0031999946,0.22676927,0.21867171,-0.008097559,stable
4274,4274,0.99663496,0.97274,0.97287,0.00012999773,0.00012999773,0.25657377,0.25824362,0.0016698539,stable
1194,1194,0.996636,0.97143,0.97135997,-7.003546e-05,7.003546e-05,0.20948853,0.20172167,-0.0077668577,stable
3256,3256,0.9966377,0.96671,0.96575,-0.0009599924,0.0009599924,0.1567782,0.13891812,-0.017860085,stable
5488,5488,0.9966389,0.96966,0.97059995,0.00093996525,0.00093996525,0.19534186,0.20134519,0.006003335,stable
3899,3899,0.99664056,0.96906,0.96895,-0.000110030174,0.000110030174,0.1678975,0.17173679,0.003839299,stable
1209,1209,0.99664235,0.97508997,0.97291,-0.0021799803,0.0021799803,0.199312,0.19334328,-0.0059687197,stable
2810,2810,0.9966427,0.97033,0.97059995,0.00026994944,0.00026994944,0.19250825,0.18647668,-0.006031573,stable
1381,1381,0.9966451,0.97214997,0.97134995,-0.00080001354,0.00080001354,0.23767807,0.22501948,-0.012658581,stable
3019,3019,0.9966453,0.97187996,0.97090995,-0.000970006,0.000970006,0.225173,0.20531154,-0.01986146,stable
3145,3145,0.99664664,0.97134,0.97093,-0.00041002035,0.00041002035,0.21234581,0.19513413,-0.017211676,stable
1689,1689,0.9966471,0.97249997,0.97815996,0.0056599975,0.0056599975,0.21782702,0.195576,-0.022251025,stable
803,803,0.9966476,0.97124,0.97128,3.9994717e-05,3.9994717e-05,0.22246832,0.21857592,-0.003892392,stable
3638,3638,0.9966497,0.97055995,0.9708,0.0002400279,0.0002400279,0.20587072,0.21088533,0.0050146133,stable
1974,1974,0.9966527,0.97401,0.97444,0.0004299879,0.0004299879,0.31513354,0.30912694,-0.0060065985,stable
5014,5014,0.9966556,0.0102699995,0.01731,0.0070399996,0.0070399996,0.00023294483,0.0042194054,0.0039864606,stable
865,865,0.9966562,0.97078997,0.97160995,0.0008199811,0.0008199811,0.18567896,0.1944448,0.0087658465,stable
4429,4429,0.99665797,0.01812,0.00992,-0.0082,0.0082,0.0047090705,0.000915193,-0.0037938775,stable
435,435,0.9966595,0.97708,0.97086996,-0.006210029,0.006210029,0.19657226,0.19336663,-0.0032056272,stable
2229,2229,0.9966595,0.9697,0.96997,0.00027000904,0.00027000904,0.18652043,0.19556528,0.009044856,stable
736,736,0.9966597,0.96836996,0.97064996,0.0022799969,0.0022799969,0.15401761,0.18976761,0.03575,stable
2009,2009,0.9966614,0.97117996,0.97055995,-0.0006200075,0.0006200075,0.1992179,0.18465859,-0.014559314,stable
4434,4434,0.9966623,0.97152996,0.97251,0.0009800196,0.0009800196,0.23261917,0.22283247,-0.009786695,stable
4766,4766,0.99666345,0.97633,0.98006,0.003729999,0.003729999,0.21027203,0.21768934,0.0074173063,stable
3286,3286,0.99666774,0.98693997,0.98591,-0.0010299683,0.0010299683,0.19411796,0.18071067,-0.01340729,stable
330,330,0.99666786,0.97464997,0.9812,0.006550014,0.006550014,0.27018464,0.25924814,-0.010936499,stable
3052,3052,0.99667144,0.97212,0.97264,0.0005199909,0.0005199909,0.22564761,0.2468959,0.021248281,stable
1416,1416,0.99667275,0.01731,0.00914,-0.008169999,0.008169999,0.0011133628,0.00033795295,-0.00077540986,stable
503,503,0.99667394,0.96996,0.97156996,0.0016099811,0.0016099811,0.1794718,0.19709566,0.017623857,stable
1329,1329,0.99667513,0.97301,0.97313,0.00011998415,0.00011998415,0.23951516,0.23856394,-0.0009512156,stable
2964,2964,0.9966756,0.97137,0.9715,0.00012999773,0.00012999773,0.20515761,0.19964427,-0.0055133402,stable
5747,5747,0.9966758,0.97156,0.97090995,-0.00065004826,0.00065004826,0.21261992,0.18126062,-0.0313593,stable
1715,1715,0.9966774,0.011729999,0.01062,-0.0011099996,0.0011099996,0.0018037637,0.0018293336,2.5569927e-05,stable
5142,5142,0.99667823,0.97296,0.97700995,0.004049957,0.004049957,0.2248087,0.22990441,0.0050957203,stable
5916,5916,0.9966786,0.97002995,0.96923,-0.00079995394,0.00079995394,0.19668202,0.17430605,-0.022375971,stable
2616,2616,0.9966793,0.97071,0.97121,0.00050002337,0.00050002337,0.19321129,0.19449952,0.0012882352,stable
2137,2137,0.9966821,0.96980995,0.96971995,-9.000301e-05,9.000301e-05,0.20171098,0.18796077,-0.01375021,stable
5060,5060,0.9966824,0.97076,0.97111,0.00034999847,0.00034999847,0.19901238,0.20514812,0.006135732,stable
2073,2073,0.9966826,0.96976995,0.96945,-0.00031995773,0.00031995773,0.17556982,0.17379162,-0.0017782003,stable
4120,4120,0.9966826,0.97204,0.97178,-0.00025999546,0.00025999546,0.20436004,0.19258562,-0.011774421,stable
178,178,0.9966831,0.97786,0.97317,-0.0046899915,0.0046899915,0.26609972,0.25301895,-0.013080776,stable
4717,4717,0.9966856,0.97317,0.97249997,-0.0006700158,0.0006700158,0.23589507,0.22125581,-0.014639258,stable
2741,2741,0.9966862,0.97248995,0.97265,0.00016003847,0.00016003847,0.21710093,0.2174788,0.00037786365,stable
6109,6109,0.99668694,0.016859999,0.016859999,0.0,0.0,0.002108185,0.0020019007,-0.000106284395,stable
4665,4665,0.9966923,0.97253996,0.9787,0.006160021,0.006160021,0.22936386,0.21331637,-0.016047493,stable
2156,2156,0.9966953,0.97143,0.96976995,-0.001660049,0.001660049,0.19753274,0.16115835,-0.03637439,stable
180,180,0.9966958,0.97366995,0.97278,-0.00088995695,0.00088995695,0.30218768,0.27894554,-0.023242146,stable
5943,5943,0.99669814,0.97002,0.97045,0.0004299879,0.0004299879,0.1704789,0.17405562,0.0035767257,stable
1516,1516,0.99670017,0.97832,0.97871995,0.00039994717,0.00039994717,0.18926664,0.18052402,-0.008742616,stable
866,866,0.99670535,0.98823,0.98792,-0.00031000376,0.00031000376,0.27318045,0.23865113,-0.03452933,stable
1129,1129,0.9967071,0.97165996,0.97248995,0.0008299947,0.0008299947,0.20760792,0.21571054,0.008102611,stable
291,291,0.9967075,0.97165,0.97167,1.9967556e-05,1.9967556e-05,0.2274141,0.21478355,-0.012630552,stable
2784,2784,0.99670863,0.97212,0.972,-0.00011998415,0.00011998415,0.21788271,0.20968589,-0.008196816,stable
5238,5238,0.9967102,0.97244,0.97173,-0.0007100105,0.0007100105,0.22053203,0.20524925,-0.01528278,stable
2641,2641,0.9967155,0.97078997,0.96987,-0.0009199977,0.0009199977,0.1877879,0.18079968,-0.0069882274,stable
2142,2142,0.9967164,0.97006,0.97047997,0.00041997433,0.00041997433,0.19204262,0.17048699,-0.021555632,stable
3310,3310,0.99671924,0.96904,0.96945995,0.00041997433,0.00041997433,0.17874594,0.17868918,-5.6758523e-05,stable
3629,3629,0.99672127,0.0016099999,0.0021199998,0.0005099999,0.0005099999,3.3893157e-05,3.4087287e-05,1.9412983e-07,stable
5282,5282,0.9967215,0.96852,0.96928,0.0007600188,0.0007600188,0.17787996,0.18099539,0.0031154305,stable
5927,5927,0.996722,0.97203,0.97147995,-0.00055003166,0.00055003166,0.25311214,0.24648224,-0.006629899,stable
5744,5744,0.9967245,0.97216,0.98757,0.015410006,0.015410006,0.20647189,0.20814246,0.0016705692,stable
1628,1628,0.9967295,0.97094,0.97511,0.0041700006,0.0041700006,0.14997238,0.16559102,0.015618637,stable
138,138,0.99673146,0.00893,0.0090499995,0.00011999998,0.00011999998,0.00068138435,0.00045889913,-0.00022248522,stable
4728,4728,0.9967345,0.96981996,0.96879,-0.0010299683,0.0010299683,0.16815452,0.15341057,-0.014743954,stable
20,20,0.9967346,0.009769999,0.01656,0.00679,0.00679,0.00032891953,0.00042371993,9.48004e-05,stable
4673,4673,0.9967346,0.9737,0.97968996,0.005989969,0.005989969,0.28088722,0.24418356,-0.03670366,stable
1616,1616,0.9967365,0.9774,0.97784996,0.00044995546,0.00044995546,0.16370228,0.17067027,0.0069679916,stable
4751,4751,0.9967377,0.97167,0.97179997,0.00012999773,0.00012999773,0.19819002,0.19451927,-0.003670752,stable
3311,3311,0.9967422,0.9805,0.97982997,-0.0006700158,0.0006700158,0.2125262,0.19326773,-0.01925847,stable
2285,2285,0.9967431,0.97186,0.97366995,0.0018099546,0.0018099546,0.19783092,0.21795042,0.020119503,stable
90,90,0.9967438,0.97069997,0.97086996,0.00016999245,0.00016999245,0.20301867,0.19421616,-0.008802503,stable
2111,2111,0.9967451,0.98151,0.97985,-0.0016599894,0.0016599894,0.24651974,0.21684983,-0.02966991,stable
5771,5771,0.99674535,0.96923995,0.97343,0.0041900277,0.0041900277,0.17855376,0.18672282,0.008169055,stable
13,13,0.9967475,0.97233,0.97216,-0.00016999245,0.00016999245,0.22279121,0.22385082,0.0010596067,stable
428,428,0.9967475,0.97226995,0.97217,-9.995699e-05,9.995699e-05,0.2216739,0.21057707,-0.011096835,stable
5041,5041,0.9967481,0.97446996,0.97354996,-0.0009199977,0.0009199977,0.25677234,0.2286521,-0.028120235,stable
5524,5524,0.9967486,0.97064,0.96888,-0.001760006,0.001760006,0.18793249,0.16174072,-0.026191771,stable
439,439,0.9967487,0.009,0.0173,0.008300001,0.008300001,0.0009687006,0.004803045,0.0038343444,stable
3808,3808,0.99674976,0.98146,0.97839,-0.0030699968,0.0030699968,0.22394793,0.20109406,-0.022853866,stable
4343,4343,0.996753,0.97192997,0.97075,-0.0011799932,0.0011799932,0.22782227,0.18849719,-0.03932509,stable
4637,4637,0.99675393,0.96953,0.97058,0.0010499954,0.0010499954,0.20171413,0.19799323,-0.0037208945,stable
3916,3916,0.99675417,0.97191,0.97248995,0.0005799532,0.0005799532,0.20177357,0.21720359,0.015430018,stable
2578,2578,0.99675494,0.9738,0.974,0.00019997358,0.00019997358,0.25663453,0.2543874,-0.002247125,stable
5925,5925,0.996756,0.97299,0.97195995,-0.0010300279,0.0010300279,0.24629153,0.21624433,-0.030047208,stable
4967,4967,0.99675745,0.97279,0.98715997,0.014369965,0.014369965,0.24249253,0.23240836,-0.010084167,stable
3842,3842,0.99676013,0.97225,0.97199,-0.00025999546,0.00025999546,0.24042913,0.20805383,-0.032375306,stable
4631,4631,0.99676013,0.97038996,0.97089,0.00050002337,0.00050002337,0.20171453,0.20105681,-0.00065772235,stable
2216,2216,0.9967611,0.9705,0.97056997,6.997585e-05,6.997585e-05,0.19385226,0.18579675,-0.008055508,stable
5864,5864,0.99676186,0.97350997,0.9738,0.0002900362,0.0002900362,0.21768358,0.22147831,0.0037947297,stable
2814,2814,0.99676347,0.97068995,0.97082996,0.00014001131,0.00014001131,0.18155737,0.18380943,0.0022520572,stable
1660,1660,0.99676573,0.9705,0.97629,0.005789995,0.005789995,0.19415419,0.19044511,-0.0037090778,stable
1777,1777,0.99676573,0.97327,0.97388995,0.0006199479,0.0006199479,0.24956535,0.2593446,0.00977926,stable
4437,4437,0.9967661,0.97246,0.96875,-0.003709972,0.003709972,0.25947762,0.17424175,-0.085235864,stable
3267,3267,0.996767,0.97292,0.97222996,-0.000690043,0.000690043,0.22438335,0.21570595,-0.008677408,stable
5621,5621,0.9967674,0.97486997,0.97394997,-0.0009199977,0.0009199977,0.291323,0.25976014,-0.031562865,stable
3565,3565,0.99676883,0.97076,0.9705,-0.00025999546,0.00025999546,0.2315234,0.21265082,-0.018872574,stable
1324,1324,0.99677,0.9711,0.96764,-0.00345999,0.00345999,0.20813538,0.15596366,-0.052171722,stable
3583,3583,0.9967712,0.97124,0.97146,0.00022000074,0.00022000074,0.20818804,0.1975088,-0.010679245,stable
2621,2621,0.99677503,0.97064,0.9716,0.0009599924,0.0009599924,0.19094594,0.20408605,0.013140112,stable
766,766,0.9967755,0.97077,0.97191,0.0011399984,0.0011399984,0.20718424,0.22138429,0.014200047,stable
5718,5718,0.99677634,0.97268,0.97168,-0.0009999871,0.0009999871,0.21125086,0.20828317,-0.0029676855,stable
5007,5007,0.99677646,0.97121,0.98026997,0.009059966,0.009059966,0.20456894,0.20705196,0.0024830252,stable
1823,1823,0.99677736,0.98016995,0.97656995,-0.0036000013,0.0036000013,0.21924554,0.20425645,-0.014989093,stable
1374,1374,0.99677896,0.97318,0.97275996,-0.00042003393,0.00042003393,0.21029559,0.20891432,-0.0013812631,stable
3952,3952,0.9967796,0.98034996,0.97955,-0.00079995394,0.00079995394,0.22236523,0.21488696,-0.007478267,stable
692,692,0.99678046,0.98091996,0.98161,0.000690043,0.000690043,0.23762497,0.21593414,-0.02169083,stable
2862,2862,0.9967809,0.97257996,0.97244,-0.0001399517,0.0001399517,0.25122476,0.23268494,-0.018539816,stable
3553,3553,0.99678105,0.97157997,0.9783,0.0067200065,0.0067200065,0.19900054,0.19588803,-0.0031125098,stable
3835,3835,0.996782,0.98279,0.98644996,0.0036599636,0.0036599636,0.21379411,0.19610284,-0.01769127,stable
3111,3111,0.9967825,0.97125,0.97064996,-0.00060003996,0.00060003996,0.21985461,0.20932633,-0.010528281,stable
1985,1985,0.9967834,0.98219997,0.98525995,0.0030599833,0.0030599833,0.17975259,0.17695867,-0.002793923,stable
2092,2092,0.99678594,0.97392,0.9741,0.00018000603,0.00018000603,0.2717293,0.25822893,-0.013500363,stable
1627,1627,0.9967863,0.97938997,0.97916996,-0.00022000074,0.00022000074,0.18296875,0.18218617,-0.0007825792,stable
1889,1889,0.9967863,0.96983,0.97277,0.002939999,0.002939999,0.18896186,0.21595562,0.026993752,stable
1299,1299,0.9967876,0.98025995,0.98460996,0.0043500066,0.0043500066,0.1490839,0.15826796,0.0091840625,stable
4095,4095,0.99678874,0.97115,0.97208995,0.00093996525,0.00093996525,0.22176984,0.22695027,0.0051804334,stable
4659,4659,0.99678904,0.97154,0.97797996,0.006439984,0.006439984,0.21651578,0.20294423,-0.0135715455,stable
3156,3156,0.9967891,0.98705995,0.98692,-0.0001399517,0.0001399517,0.21094498,0.20178835,-0.009156629,stable
5648,5648,0.9967899,0.97230995,0.97066,-0.0016499758,0.0016499758,0.21273421,0.19693168,-0.015802532,stable
3773,3773,0.99679244,0.97133,0.97628,0.004949987,0.004949987,0.21695171,0.2058494,-0.011102319,stable
4581,4581,0.99679244,0.97291,0.97239995,-0.00051003695,0.00051003695,0.2559763,0.23914903,-0.016827255,stable
6029,6029,0.9967946,0.96813995,0.97205997,0.0039200187,0.0039200187,0.16086592,0.21827586,0.057409942,stable
1529,1529,0.99679583,0.97167,0.97270995,0.0010399818,0.0010399818,0.2069803,0.22506031,0.018080011,stable
4161,4161,0.99679685,0.96994996,0.97046,0.00051003695,0.00051003695,0.176829,0.19113988,0.0143108815,stable
713,713,0.9967983,0.97135997,0.97147995,0.00011998415,0.00011998415,0.19873475,0.1919836,-0.00675115,stable
715,715,0.9967983,0.97529,0.97396,-0.001330018,0.001330018,0.3029428,0.26107126,-0.041871548,stable
2739,2739,0.996799,0.97287,0.97287995,9.953976e-06,9.953976e-06,0.22656031,0.22185168,-0.004708633,stable
5793,5793,0.99680024,0.96993,0.97214997,0.002219975,0.002219975,0.18681523,0.19865793,0.011842698,stable
3972,3972,0.99680185,0.97319996,0.97233,-0.0008699894,0.0008699894,0.25175202,0.21638454,-0.035367474,stable
2313,2313,0.99680376,0.9859,0.98617995,0.00027996302,0.00027996302,0.194256,0.1887355,-0.005520493,stable
84,84,0.99680525,0.97103,0.97735995,0.0063299537,0.0063299537,0.20420408,0.21332781,0.009123728,stable
5706,5706,0.9968053,0.014789999,0.0152199995,0.00043000001,0.00043000001,0.0022230651,0.0020027354,-0.00022032973,stable
1598,1598,0.9968059,0.97968,0.97208,-0.0076000094,0.0076000094,0.21056035,0.20027581,-0.010284543,stable
789,789,0.99680847,0.97283,0.97297996,0.00014996529,0.00014996529,0.23473112,0.2340848,-0.00064632297,stable
4874,4874,0.996809,0.97413,0.97384995,-0.00028002262,0.00028002262,0.23256628,0.22118093,-0.011385351,stable
5438,5438,0.99680984,0.97283995,0.97160995,-0.0012300014,0.0012300014,0.24802934,0.24251223,-0.00551711,stable
5372,5372,0.9968107,0.97292995,0.98187995,0.008949995,0.008949995,0.29053897,0.28892532,-0.0016136467,stable
533,533,0.99681306,0.9705,0.97146,0.0009599924,0.0009599924,0.18944725,0.20395347,0.014506221,stable
2506,2506,0.9968146,0.97054,0.97077,0.00023001432,0.00023001432,0.19742431,0.20504236,0.0076180547,stable
1945,1945,0.99682,0.97858995,0.97907996,0.0004900098,0.0004900098,0.20181689,0.19110726,-0.010709628,stable
2977,2977,0.9968213,0.97151,0.97301996,0.0015099645,0.0015099645,0.19955887,0.20803976,0.008480892,stable
1341,1341,0.99682224,0.97871995,0.98070997,0.0019900203,0.0019900203,0.26036158,0.24382429,-0.016537294,stable
2117,2117,0.9968227,0.97644997,0.97621995,-0.00023001432,0.00023001432,0.17890105,0.18717347,0.008272424,stable
3924,3924,0.9968231,0.97145,0.97195995,0.00050997734,0.00050997734,0.22296107,0.22673337,0.0037723035,stable
2320,2320,0.99682343,0.97406,0.97304,-0.0010200143,0.0010200143,0.2808388,0.25807452,-0.022764266,stable
5302,5302,0.99682355,0.97145,0.96799,-0.00345999,0.00345999,0.19656703,0.14760928,-0.04895775,stable
4535,4535,0.9968239,0.97416997,0.97321,-0.0009599924,0.0009599924,0.25756922,0.23197007,-0.025599152,stable
5362,5362,0.99682474,0.9719,0.97165996,-0.0002400279,0.0002400279,0.23249137,0.22094148,-0.01154989,stable
1685,1685,0.9968273,0.9726,0.97361,0.0010100007,0.0010100007,0.22605702,0.23087753,0.0048205107,stable
3168,3168,0.99682754,0.96952,0.9695,-1.9967556e-05,1.9967556e-05,0.16098654,0.16286272,0.0018761754,stable
3025,3025,0.99682796,0.9695,0.96966,0.00015997887,0.00015997887,0.19204119,0.19013113,-0.0019100606,stable
4952,4952,0.9968314,0.97358,0.97214997,-0.0014300346,0.0014300346,0.28425112,0.25510672,-0.029144406,stable
352,352,0.9968321,0.97813,0.97732997,-0.00080001354,0.00080001354,0.22151485,0.21581532,-0.0056995302,stable
864,864,0.9968329,0.00102,0.00078,-0.00023999996,0.00023999996,3.495382e-05,2.2215643e-05,-1.2738177e-05,stable
731,731,0.9968352,0.96935,0.97843,0.009079993,0.009079993,0.1812489,0.18002588,-0.0012230277,stable
4977,4977,0.9968368,0.97181,0.97203,0.00022000074,0.00022000074,0.23308839,0.2322403,-0.0008480847,stable
5607,5607,0.9968381,0.01676,0.00797,-0.008789999,0.008789999,0.00027166205,0.00013595527,-0.00013570678,stable
4306,4306,0.9968392,0.008979999,0.01473,0.0057500005,0.0057500005,0.0003685064,0.0008921975,0.00052369107,stable
2053,2053,0.99684215,0.97157997,0.97077,-0.0008099675,0.0008099675,0.20885995,0.20299356,-0.0058663934,stable
2492,2492,0.9968426,0.97363997,0.97331995,-0.00032001734,0.00032001734,0.2647577,0.24987441,-0.01488328,stable
1126,1126,0.99684465,0.97240996,0.97305,0.0006400347,0.0006400347,0.22095948,0.22812656,0.007167071,stable
5823,5823,0.99684536,0.98841,0.98784,-0.0005699992,0.0005699992,0.21780871,0.22107656,0.0032678545,stable
447,447,0.99684733,0.97196996,0.97252,0.00055003166,0.00055003166,0.20795767,0.20939204,0.0014343709,stable
4991,4991,0.9968486,0.97107,0.97682995,0.0057599545,0.0057599545,0.19722383,0.18319675,-0.014027074,stable
3021,3021,0.99684876,0.97336996,0.97283995,-0.0005300045,0.0005300045,0.215305,0.22733739,0.01203239,stable
5262,5262,0.9968554,0.97104996,0.96769,-0.0033599734,0.0033599734,0.19051225,0.15580195,-0.034710303,stable
1114,1114,0.9968571,0.96923,0.96981996,0.0005899668,0.0005899668,0.19029877,0.19659124,0.0062924773,stable
6143,6143,0.9968599,0.97244,0.97315997,0.0007199645,0.0007199645,0.21173087,0.21506612,0.0033352524,stable
3169,3169,0.99686,0.9727,0.97266996,-3.0040741e-05,3.0040741e-05,0.2319697,0.22219148,-0.0097782165,stable
4641,4641,0.99686,0.97317,0.97275996,-0.00041002035,0.00041002035,0.25972617,0.216276,-0.04345016,stable
356,356,0.9968603,0.97129995,0.97240996,0.0011100173,0.0011100173,0.22558472,0.23069781,0.005113095,stable
598,598,0.9968606,0.97247,0.97264,0.00016999245,0.00016999245,0.21906148,0.21723214,-0.001829341,stable
2812,2812,0.9968668,0.97005,0.97031,0.00025999546,0.00025999546,0.18657976,0.18806882,0.0014890581,stable
948,948,0.9968672,0.96922,0.96799,-0.0012300014,0.0012300014,0.1924613,0.17002389,-0.022437409,stable
3265,3265,0.99686897,0.00881,0.00049,-0.00832,0.00832,0.00030203862,1.2857765e-05,-0.00028918087,stable
597,597,0.99686956,0.96891,0.96786,-0.0010499954,0.0010499954,0.1565153,0.15319473,-0.0033205748,stable
5067,5067,0.99687016,0.98425996,0.98612,0.0018600225,0.0018600225,0.15491723,0.18363328,0.028716058,stable
4002,4002,0.9968702,0.97902,0.9777,-0.0013200045,0.0013200045,0.2065024,0.18897308,-0.017529309,stable
1554,1554,0.99687207,0.97248995,0.97247,-1.9967556e-05,1.9967556e-05,0.22158071,0.21352941,-0.008051306,stable
1413,1413,0.9968727,0.97424996,0.97252995,-0.0017200112,0.0017200112,0.2390702,0.21039023,-0.028679982,stable
2454,2454,0.9968749,0.98737997,0.98196995,-0.0054100156,0.0054100156,0.19801508,0.20193268,0.0039176047,stable
1897,1897,0.99687827,0.97161996,0.97156996,-5.0008297e-05,5.0008297e-05,0.20183875,0.18952644,-0.012312308,stable
3665,3665,0.99688077,0.97349,0.97358996,9.995699e-05,9.995699e-05,0.23897201,0.23377882,-0.005193189,stable
622,622,0.99688196,0.96892995,0.96979,0.0008600354,0.0008600354,0.18925238,0.19304304,0.0037906617,stable
2902,2902,0.9968829,0.97314,0.98341,0.0102699995,0.0102699995,0.20854074,0.20757847,-0.0009622723,stable
1961,1961,0.99688417,0.97490996,0.97479,-0.00011998415,0.00011998415,0.30937192,0.3054296,-0.003942311,stable
158,158,0.9968844,0.97393,0.97371,-0.00022000074,0.00022000074,0.25656545,0.23232517,-0.024240285,stable
635,635,0.99688625,0.97113997,0.96968997,-0.0014500022,0.0014500022,0.19291593,0.17109129,-0.021824643,stable
1479,1479,0.99689364,0.01725,0.01749,0.00023999996,0.00023999996,0.0028602404,0.0032354607,0.00037522032,stable
4740,4740,0.9968945,0.96717995,0.96849996,0.0013200045,0.0013200045,0.15915595,0.17244987,0.013293922,stable
4934,4934,0.9968952,0.98041,0.97843,-0.0019800067,0.0019800067,0.22206695,0.1849466,-0.037120357,stable
3775,3775,0.9968967,0.97393996,0.97432,0.00038003922,0.00038003922,0.28278878,0.2732407,-0.009548098,stable
2274,2274,0.99689674,0.97111,0.97227997,0.0011699796,0.0011699796,0.20237234,0.21323317,0.010860831,stable
5500,5500,0.9969025,0.96971,0.97053,0.0008199811,0.0008199811,0.19960652,0.20463102,0.0050244927,stable
3549,3549,0.9969033,0.97182995,0.97084,-0.0009899735,0.0009899735,0.21149637,0.19466653,-0.016829833,stable
4944,4944,0.9969033,0.9719,0.97224,0.0003399849,0.0003399849,0.24669972,0.23726718,-0.009432539,stable
205,205,0.9969035,0.97448,0.97493,0.00045001507,0.00045001507,0.29642662,0.28759617,-0.008830458,stable
2075,2075,0.99690354,0.97628,0.97933,0.0030500293,0.0030500293,0.20412551,0.19232483,-0.011800677,stable
4636,4636,0.99690455,0.96773,0.9673,-0.0004299879,0.0004299879,0.16677985,0.15405123,-0.012728617,stable
1855,1855,0.9969047,0.97151995,0.97321,0.0016900301,0.0016900301,0.22192226,0.24112323,0.019200966,stable
4405,4405,0.996906,0.97448,0.97472,0.0002400279,0.0002400279,0.2905677,0.2810427,-0.009525001,stable
5316,5316,0.99691033,0.009,0.014939999,0.0059399996,0.0059399996,0.0005336943,0.0010616534,0.0005279591,stable
696,696,0.99691117,0.97207,0.97147,-0.00059998035,0.00059998035,0.23584573,0.22336617,-0.012479559,stable
1630,1630,0.99691224,0.97102,0.97090995,-0.000110030174,0.000110030174,0.19123465,0.20078163,0.00954698,stable
3217,3217,0.99691343,0.97371,0.97295,-0.0007600188,0.0007600188,0.23172429,0.21390198,-0.01782231,stable
5504,5504,0.99691534,0.97235996,0.97226,-9.995699e-05,9.995699e-05,0.2550258,0.25330377,-0.0017220378,stable
2378,2378,0.99691653,0.97068995,0.97161996,0.0009300113,0.0009300113,0.18396859,0.18397664,8.046627e-06,stable
1505,1505,0.99691725,0.9734,0.97378,0.0003799796,0.0003799796,0.24615566,0.24110875,-0.005046919,stable
4569,4569,0.99691725,0.96633,0.96801996,0.0016899705,0.0016899705,0.1462508,0.15669587,0.010445073,stable
3601,3601,0.99691767,0.97242,0.97345996,0.0010399818,0.0010399818,0.22118276,0.22952402,0.008341253,stable
2443,2443,0.9969198,0.97191995,0.97293997,0.0010200143,0.0010200143,0.22143863,0.22636823,0.004929602,stable
2241,2241,0.99692005,0.96952,0.98494,0.01542002,0.01542002,0.19353831,0.16399197,-0.029546335,stable
2502,2502,0.9969207,0.97214997,0.97179997,-0.00034999847,0.00034999847,0.2256267,0.2003568,-0.02526991,stable
4406,4406,0.9969208,0.97243,0.97225,-0.00018000603,0.00018000603,0.24034259,0.24187051,0.0015279204,stable
347,347,0.996922,0.97696996,0.98622996,0.009259999,0.009259999,0.16471562,0.17833172,0.0136161,stable
235,235,0.9969236,0.97138,0.97141,2.9981136e-05,2.9981136e-05,0.20069543,0.1964975,-0.0041979253,stable
4937,4937,0.9969262,0.97155,0.97244996,0.00089997053,0.00089997053,0.22891393,0.22338578,-0.005528152,stable
1875,1875,0.9969281,0.97424996,0.97455996,0.00031000376,0.00031000376,0.2496155,0.25015396,0.00053845346,stable
3796,3796,0.99692976,0.96914995,0.96990997,0.0007600188,0.0007600188,0.18689738,0.19084874,0.003951356,stable
4932,4932,0.9969307,0.98679,0.98661,-0.00018000603,0.00018000603,0.20321253,0.19737346,-0.0058390647,stable
4759,4759,0.9969319,0.97082996,0.97015,-0.0006799698,0.0006799698,0.21063611,0.1933262,-0.017309904,stable
5384,5384,0.99693346,0.97082996,0.97062,-0.00020998716,0.00020998716,0.19106878,0.19051228,-0.00055649877,stable
968,968,0.9969362,0.01014,0.0093,-0.0008399999,0.0008399999,0.0011019264,0.00090153044,-0.000200396,stable
89,89,0.9969366,0.98209,0.98459,0.0024999976,0.0024999976,0.1551229,0.18495406,0.029831156,stable
903,903,0.99693704,0.97262996,0.97231996,-0.00031000376,0.00031000376,0.23524566,0.23172374,-0.0035219193,stable
1506,1506,0.99693716,0.97189,0.97020996,-0.0016800165,0.0016800165,0.19291353,0.17417523,-0.0187383,stable
4926,4926,0.9969374,0.96961,0.97024,0.0006300211,0.0006300211,0.17849128,0.18379328,0.005301997,stable
3716,3716,0.99693817,0.97189,0.97212,0.00023001432,0.00023001432,0.22372012,0.2250612,0.0013410747,stable
4444,4444,0.9969394,0.98169,0.98206997,0.0003799796,0.0003799796,0.25490004,0.25293726,-0.001962781,stable
1750,1750,0.9969405,0.97590995,0.97612,0.00021004677,0.00021004677,0.3800366,0.37249354,-0.007543057,stable
586,586,0.9969423,0.97050995,0.96971,-0.00079995394,0.00079995394,0.1965296,0.18024483,-0.016284764,stable
2460,2460,0.99694335,0.98131996,0.98001,-0.0013099909,0.0013099909,0.23914902,0.23104003,-0.008108988,stable
6049,6049,0.99694407,0.97055995,0.96971,-0.00084996223,0.00084996223,0.18766472,0.18011722,-0.0075474977,stable
4845,4845,0.99694633,0.97269,0.97252,-0.00016999245,0.00016999245,0.22017282,0.21220258,-0.007970244,stable
5515,5515,0.9969471,0.013719999,0.01284,-0.00087999925,0.00087999925,0.0004045904,0.0004722697,6.76793e-05,stable
1657,1657,0.99694777,0.97064,0.97242,0.0017799735,0.0017799735,0.19627519,0.20661356,0.010338366,stable
2917,2917,0.9969524,0.97157997,0.97179997,0.00022000074,0.00022000074,0.21942566,0.20689884,-0.012526825,stable
2546,2546,0.9969528,0.97564,0.97572,7.998943e-05,7.998943e-05,0.19614671,0.18711607,-0.00903064,stable
4005,4005,0.99695295,0.97129,0.97183996,0.00054997206,0.00054997206,0.20810631,0.20328304,-0.0048232675,stable
3728,3728,0.9969535,0.98775995,0.99008995,0.0023300052,0.0023300052,0.27406126,0.2709948,-0.0030664504,stable
3153,3153,0.99695534,0.97394997,0.98102,0.007070005,0.007070005,0.2355473,0.24023433,0.004687026,stable
5686,5686,0.9969568,0.97393996,0.97336996,-0.0005699992,0.0005699992,0.24214816,0.23506984,-0.00707832,stable
5651,5651,0.9969572,0.00157,0.00094,-0.00062999997,0.00062999997,5.5212186e-05,3.0893167e-05,-2.4319019e-05,stable
673,673,0.99695754,0.98012996,0.98177,0.0016400218,0.0016400218,0.20600566,0.23859932,0.032593653,stable
5452,5452,0.9969576,0.01756,0.01785,0.0002900008,0.0002900008,0.0076500815,0.0065994738,-0.0010506078,stable
3861,3861,0.9969592,0.014699999,0.00851,-0.006189999,0.006189999,0.00020201674,0.00017458649,-2.7430258e-05,stable
4174,4174,0.9969645,0.97723997,0.97444,-0.0027999878,0.0027999878,0.18713292,0.19909155,0.011958629,stable
2255,2255,0.9969694,0.97777,0.97796,0.00019001961,0.00019001961,0.19955634,0.18709275,-0.012463585,stable
392,392,0.9969738,0.9711,0.97217995,0.0010799766,0.0010799766,0.20804441,0.20216236,-0.0058820546,stable
1040,1040,0.9969754,0.97239995,0.97100997,-0.0013899803,0.0013899803,0.21396028,0.18790004,-0.026060238,stable
6132,6132,0.9969754,0.97033995,0.97185,0.0015100241,0.0015100241,0.19318357,0.21164902,0.018465444,stable
3416,3416,0.99697566,0.97379,0.97287,-0.0009199977,0.0009199977,0.2384371,0.22021611,-0.01822099,stable
5974,5974,0.99697757,0.97163,0.97121,-0.00041997433,0.00041997433,0.2352649,0.21526957,-0.019995332,stable
5416,5416,0.9969801,0.98219997,0.98140997,-0.00078999996,0.00078999996,0.24677673,0.24115476,-0.0056219697,stable
1851,1851,0.9969818,0.01656,0.014719999,-0.00184,0.00184,0.0005154522,0.00033376896,-0.00018168322,stable
2797,2797,0.9969837,0.97236997,0.97186,-0.00050997734,0.00050997734,0.20497687,0.19387512,-0.0111017525,stable
2022,2022,0.9969839,0.96892995,0.97077996,0.001850009,0.001850009,0.19183148,0.20580605,0.013974562,stable
4192,4192,0.99698436,0.97020996,0.97202,0.0018100142,0.0018100142,0.1860873,0.19610363,0.010016337,stable
70,70,0.9969857,0.96993995,0.97911996,0.009180009,0.009180009,0.18191661,0.18645784,0.004541233,stable
2419,2419,0.99698627,0.97173,0.97084,-0.00089001656,0.00089001656,0.19316536,0.18256648,-0.010598883,stable
2471,2471,0.9969866,0.97969997,0.97248,-0.00721997,0.00721997,0.21452898,0.21747726,0.0029482841,stable
80,80,0.9969879,0.009699999,0.01342,0.0037200004,0.0037200004,0.0001542756,0.00076902396,0.00061474834,stable
609,609,0.9969887,0.97112995,0.96733,-0.003799975,0.003799975,0.19328289,0.1538707,-0.039412186,stable
3995,3995,0.9969914,0.98152,0.98095,-0.0005699992,0.0005699992,0.2368088,0.22476046,-0.012048349,stable
417,417,0.99699306,0.97371,0.97389996,0.00018996,0.00018996,0.29560438,0.28859138,-0.007012993,stable
698,698,0.99699366,0.97146,0.97174996,0.0002899766,0.0002899766,0.22914046,0.22530136,-0.0038391054,stable
112,112,0.9969937,0.97155,0.97103995,-0.00051003695,0.00051003695,0.22923702,0.20999359,-0.019243434,stable
4049,4049,0.9969944,0.98113996,0.98243,0.0012900233,0.0012900233,0.21050511,0.2035832,-0.006921917,stable
5983,5983,0.99699855,0.97088,0.97055,-0.0003299713,0.0003299713,0.19165683,0.17841862,-0.0132382065,stable
3102,3102,0.99699897,0.0036799998,0.00096,-0.0027199998,0.0027199998,6.1482e-05,4.5729998e-05,-1.5752004e-05,stable
5223,5223,0.9970006,0.97041,0.97168,0.0012699962,0.0012699962,0.1675623,0.18576834,0.01820603,stable
5664,5664,0.9970026,0.97159,0.97169,0.000100016594,0.000100016594,0.21022086,0.20916378,-0.0010570735,stable
4893,4893,0.99700344,0.01756,0.014269999,-0.0032900004,0.0032900004,0.0017610962,0.00088382186,-0.0008772743,stable
185,185,0.99700385,0.97519,0.97494,-0.00024998188,0.00024998188,0.26786613,0.24793112,-0.019935012,stable
2872,2872,0.99700487,0.98105997,0.98129,0.00023001432,0.00023001432,0.25825313,0.25224584,-0.006007284,stable
1127,1127,0.99700594,0.97195995,0.97205997,0.000100016594,0.000100016594,0.22237213,0.21332705,-0.009045079,stable
1107,1107,0.9970067,0.97633,0.97060996,-0.0057200193,0.0057200193,0.16508234,0.18171504,0.016632706,stable
4068,4068,0.99700904,0.97325,0.97315997,-9.000301e-05,9.000301e-05,0.25512618,0.23318073,-0.021945447,stable
5183,5183,0.9970097,0.97312,0.97265,-0.00046998262,0.00046998262,0.23905921,0.22884548,-0.010213733,stable
2447,2447,0.9970132,0.97098,0.97102,3.9994717e-05,3.9994717e-05,0.21207061,0.19585459,-0.016216025,stable
6113,6113,0.9970145,0.96993995,0.97059,0.00065004826,0.00065004826,0.21225011,0.20695628,-0.005293831,stable
4970,4970,0.9970175,0.97097,0.97069997,-0.00027000904,0.00027000904,0.20659284,0.19786105,-0.008731797,stable
3314,3314,0.99701893,0.00466,0.00143,-0.0032300001,0.0032300001,5.3209304e-05,3.9977916e-05,-1.3231387e-05,stable
3487,3487,0.9970199,0.97044,0.96994996,-0.0004900098,0.0004900098,0.19343585,0.17693602,-0.016499832,stable
4587,4587,0.99702,0.97362,0.97326,-0.00036001205,0.00036001205,0.25663182,0.2421882,-0.014443621,stable
1499,1499,0.99702007,0.98863995,0.98749995,-0.0011399984,0.0011399984,0.21637535,0.20591386,-0.010461494,stable
5772,5772,0.9970201,0.97088,0.97068995,-0.00019001961,0.00019001961,0.2135373,0.20824642,-0.005290881,stable
937,937,0.9970219,0.97322,0.97231996,-0.00090003014,0.00090003014,0.20722449,0.21642853,0.009204045,stable
2849,2849,0.9970219,0.97164,0.97086,-0.0007799864,0.0007799864,0.22309163,0.2060478,-0.017043829,stable
3001,3001,0.9970248,0.97347,0.97229,-0.0011799932,0.0011799932,0.24651203,0.21194786,-0.034564167,stable
1572,1572,0.99702644,0.9812,0.9869,0.005699992,0.005699992,0.1922781,0.18784057,-0.004437536,stable
5295,5295,0.9970268,0.97169995,0.97042,-0.0012799501,0.0012799501,0.19449025,0.19513555,0.0006452948,stable
3593,3593,0.99702823,0.97103995,0.97214997,0.0011100173,0.0011100173,0.17910984,0.18683766,0.0077278167,stable
3774,3774,0.99702966,0.97173995,0.97181,7.003546e-05,7.003546e-05,0.20344535,0.20026666,-0.003178686,stable
957,957,0.9970298,0.98029995,0.98051995,0.00022000074,0.00022000074,0.20995516,0.19661832,-0.013336837,stable
5801,5801,0.9970317,0.97375,0.97266,-0.0010899901,0.0010899901,0.2568693,0.2170216,-0.039847687,stable
1336,1336,0.9970318,0.97177,0.97173995,-3.0040741e-05,3.0040741e-05,0.26105696,0.25203526,-0.009021699,stable
4139,4139,0.9970363,0.96983,0.96897,-0.0008599758,0.0008599758,0.18183413,0.17635715,-0.0054769814,stable
4189,4189,0.9970369,0.97805,0.97805,0.0,0.0,0.1866755,0.18993118,0.0032556802,stable
3791,3791,0.99703836,0.97283995,0.97182995,-0.0010100007,0.0010100007,0.2273294,0.21103616,-0.016293243,stable
3322,3322,0.99703926,0.01809,0.01777,-0.00032000057,0.00032000057,0.0038592645,0.003733301,-0.00012596347,stable
5042,5042,0.9970399,0.96975,0.96866995,-0.0010800362,0.0010800362,0.19231375,0.16808045,-0.024233297,stable
697,697,0.99704075,0.97137,0.97261,0.001240015,0.001240015,0.22992383,0.22540863,-0.004515201,stable
3380,3380,0.9970432,0.97261995,0.97248,-0.0001399517,0.0001399517,0.19883893,0.18953814,-0.009300798,stable
4155,4155,0.9970436,0.97431,0.97344,-0.0008699894,0.0008699894,0.29215056,0.2712743,-0.020876259,stable
5595,5595,0.99704367,0.96832997,0.96990997,0.0015799999,0.0015799999,0.1720573,0.1835521,0.0114948,stable
5892,5892,0.9970447,0.98883,0.98862,-0.00020998716,0.00020998716,0.2347237,0.22861634,-0.00610736,stable
1288,1288,0.9970453,0.97142,0.97174996,0.0003299713,0.0003299713,0.19089763,0.20016266,0.009265035,stable
5072,5072,0.99704576,0.97924995,0.98001,0.0007600188,0.0007600188,0.21008472,0.21484922,0.0047644973,stable
3413,3413,0.9970482,0.96392995,0.96734995,0.0034199953,0.0034199953,0.13176,0.15590896,0.024148956,stable
3877,3877,0.99704903,0.98113,0.98017997,-0.00095003843,0.00095003843,0.21486734,0.1987876,-0.016079739,stable
3077,3077,0.9970493,0.97977,0.97874,-0.0010300279,0.0010300279,0.19480719,0.17722858,-0.017578602,stable
1344,1344,0.99705005,0.979,0.98498,0.005980015,0.005980015,0.18451777,0.17372265,-0.010795116,stable
4205,4205,0.9970512,0.97341996,0.97419,0.0007700324,0.0007700324,0.24232242,0.23318,-0.009142414,stable
2473,2473,0.99705136,0.96985996,0.97148997,0.0016300082,0.0016300082,0.1935291,0.21142943,0.017900333,stable
4157,4157,0.9970521,0.01711,0.0152199995,-0.00189,0.00189,0.0028378011,0.0012960988,-0.0015417023,stable
4436,4436,0.9970541,0.0014099999,0.0049799997,0.0035699997,0.0035699997,3.4879693e-05,3.6089536e-05,1.2098426e-06,stable
5871,5871,0.9970546,0.97875,0.97977996,0.0010299683,0.0010299683,0.18582225,0.20399296,0.018170714,stable
3330,3330,0.99705493,0.97989,0.98429996,0.004409969,0.004409969,0.21540119,0.22362447,0.00822328,stable
1205,1205,0.9970558,0.97168,0.96919,-0.002489984,0.002489984,0.22209704,0.18795384,-0.034143195,stable
644,644,0.997056,0.97352,0.97439,0.0008699894,0.0008699894,0.27256283,0.2734955,0.0009326637,stable
671,671,0.99705625,0.97244996,0.97429997,0.001850009,0.001850009,0.26178676,0.26789737,0.0061106086,stable
117,117,0.99705637,0.97467995,0.97489995,0.00022000074,0.00022000074,0.14321485,0.13929093,-0.003923923,stable
2887,2887,0.9970567,0.97226995,0.97173,-0.0005399585,0.0005399585,0.23079112,0.20247018,-0.028320938,stable
1207,1207,0.9970583,0.9812,0.98890996,0.00770998,0.00770998,0.2385655,0.22606288,-0.012502626,stable
492,492,0.9970587,0.96882,0.96843,-0.0003899932,0.0003899932,0.17703761,0.16733415,-0.009703457,stable
230,230,0.9970597,0.98964995,0.98836,-0.0012899637,0.0012899637,0.25608507,0.22920816,-0.026876912,stable
3806,3806,0.99706006,0.98056996,0.98086995,0.00029999018,0.00029999018,0.22743644,0.2241557,-0.003280744,stable
1036,1036,0.9970617,0.98903,0.98901,-2.002716e-05,2.002716e-05,0.2987638,0.2728788,-0.025885016,stable
5450,5450,0.99706274,0.00857,0.01509,0.0065200003,0.0065200003,0.0006938008,0.0023670718,0.001673271,stable
2109,2109,0.9970634,0.97387,0.97393,6.0021877e-05,6.0021877e-05,0.30084854,0.28745148,-0.013397068,stable
5647,5647,0.99706554,0.97224,0.97450995,0.0022699833,0.0022699833,0.2208821,0.21658953,-0.0042925775,stable
2358,2358,0.99706733,0.96915996,0.97090995,0.0017499924,0.0017499924,0.19125797,0.18515354,-0.0061044246,stable
2577,2577,0.99706817,0.96851,0.97814995,0.009639978,0.009639978,0.1567261,0.16519731,0.008471206,stable
3571,3571,0.9970683,0.97182995,0.97240996,0.0005800128,0.0005800128,0.19939546,0.2046348,0.0052393377,stable
548,548,0.9970692,0.97315997,0.97653997,0.0033800006,0.0033800006,0.24713777,0.23525535,-0.011882424,stable
68,68,0.99707,0.9695,0.96906996,-0.0004300475,0.0004300475,0.18176323,0.17641199,-0.0053512454,stable
5357,5357,0.99707055,0.97088,0.97134,0.00046002865,0.00046002865,0.19257025,0.19038902,-0.002181232,stable
5120,5120,0.99707174,0.98543996,0.98630995,0.0008699894,0.0008699894,0.2022949,0.2081228,0.0058279037,stable
4710,4710,0.997073,0.97281,0.9719,-0.0009099841,0.0009099841,0.22660609,0.21172412,-0.0148819685,stable
2374,2374,0.9970738,0.97552997,0.97524995,-0.00028002262,0.00028002262,0.35477507,0.32766032,-0.027114749,stable
4126,4126,0.9970752,0.97244996,0.97217,-0.00027996302,0.00027996302,0.19654536,0.19466582,-0.0018795431,stable
517,517,0.99707556,0.96935,0.97106,0.0017099977,0.0017099977,0.1647921,0.18970889,0.024916783,stable
3235,3235,0.99707776,0.97134995,0.97231996,0.000970006,0.000970006,0.18329675,0.18724008,0.003943324,stable
925,925,0.997079,0.97994,0.97957,-0.00037002563,0.00037002563,0.20183472,0.20153968,-0.000295043,stable
2553,2553,0.9970815,0.97165996,0.97233,0.0006700158,0.0006700158,0.24432532,0.24180919,-0.0025161356,stable
4310,4310,0.9970819,0.97090995,0.97081995,-9.000301e-05,9.000301e-05,0.19004406,0.19632791,0.0062838495,stable
905,905,0.9970821,0.97161996,0.97003996,-0.0015799999,0.0015799999,0.20333414,0.18028203,-0.023052111,stable
2565,2565,0.9970848,0.97208995,0.98130995,0.009220004,0.009220004,0.2446716,0.23532322,-0.009348378,stable
290,290,0.997085,0.98003995,0.97966,-0.0003799796,0.0003799796,0.25256023,0.23936142,-0.013198808,stable
5233,5233,0.9970852,0.97006,0.97029,0.00023001432,0.00023001432,0.20020673,0.18948449,-0.010722235,stable
1521,1521,0.99708533,0.97007,0.96818,-0.0018900037,0.0018900037,0.18926796,0.16120215,-0.028065816,stable
3183,3183,0.99708724,0.97435,0.97505,0.00069999695,0.00069999695,0.26290005,0.25571078,-0.007189274,stable
4612,4612,0.99708873,0.98179996,0.98247,0.0006700158,0.0006700158,0.26195383,0.24876241,-0.013191417,stable
849,849,0.9970888,0.012639999,0.00926,-0.0033799997,0.0033799997,0.0014418756,0.0013023489,-0.00013952667,stable
3931,3931,0.9970889,0.9727,0.9726,-0.000100016594,0.000100016594,0.24094011,0.23886542,-0.0020746887,stable
981,981,0.9970892,0.97932,0.97914,-0.00018000603,0.00018000603,0.1996089,0.20187233,0.0022634268,stable
5803,5803,0.99708927,0.96532,0.96575,0.0004299879,0.0004299879,0.14546196,0.14522177,-0.00024019182,stable
2773,2773,0.9970896,0.97239,0.97051996,-0.0018700361,0.0018700361,0.20716108,0.17422108,-0.03294,stable
2080,2080,0.9970899,0.97326,0.97340995,0.00014996529,0.00014996529,0.26535577,0.24253061,-0.022825152,stable
1489,1489,0.99709034,0.96896,0.96856,-0.00040000677,0.00040000677,0.16923286,0.16596787,-0.0032649934,stable
1122,1122,0.9970905,0.97248,0.97269,0.00020998716,0.00020998716,0.21727253,0.19874682,-0.01852572,stable
5860,5860,0.9970905,0.00065999996,0.00061,-4.9999973e-05,4.9999973e-05,2.3333363e-05,2.1226735e-05,-2.106628e-06,stable
55,55,0.9970938,0.97524,0.97459,-0.00064998865,0.00064998865,0.34223878,0.30111745,-0.041121334,stable
1894,1894,0.99709404,0.97304,0.97178,-0.0012599826,0.0012599826,0.22033995,0.19939683,-0.02094312,stable
4914,4914,0.99709547,0.97309995,0.97185,-0.001249969,0.001249969,0.23882605,0.21243949,-0.026386559,stable
539,539,0.9970958,0.97198,0.97151,-0.00046998262,0.00046998262,0.23961481,0.21991077,-0.019704044,stable
5940,5940,0.9970963,0.9712,0.97012997,-0.0010700226,0.0010700226,0.1869859,0.18127115,-0.0057147443,stable
133,133,0.99709713,0.97265,0.97257,-7.998943e-05,7.998943e-05,0.21112737,0.21182606,0.00069868565,stable
1161,1161,0.9970994,0.97099996,0.97086996,-0.00012999773,0.00012999773,0.22405295,0.21587765,-0.008175299,stable
1977,1977,0.9970995,0.96871996,0.96832997,-0.0003899932,0.0003899932,0.17266557,0.17114373,-0.0015218407,stable
501,501,0.9971,0.96988,0.9719,0.0020200014,0.0020200014,0.18575716,0.20719472,0.021437556,stable
1090,1090,0.99710107,0.97991997,0.97973996,-0.00018000603,0.00018000603,0.23126297,0.20986001,-0.021402955,stable
1975,1975,0.9971011,0.98319,0.98885995,0.0056699514,0.0056699514,0.27052706,0.26233482,-0.008192241,stable
3723,3723,0.9971013,0.97621,0.98142,0.0052099824,0.0052099824,0.18957038,0.18554948,-0.0040208995,stable
2666,2666,0.9971017,0.97044,0.97062,0.00018000603,0.00018000603,0.19089285,0.19665939,0.0057665408,stable
2634,2634,0.99710727,0.9711,0.97077996,-0.00032001734,0.00032001734,0.20027344,0.19528961,-0.0049838275,stable
3152,3152,0.99710745,0.0083099995,0.0090499995,0.00074000005,0.00074000005,0.000101228405,0.0004717429,0.00037051452,stable
2695,2695,0.9971098,0.97063,0.97185,0.0012199879,0.0012199879,0.20768148,0.20563793,-0.0020435452,stable
244,244,0.99711055,0.97756,0.98488,0.007319987,0.007319987,0.19521956,0.19576012,0.0005405545,stable
3022,3022,0.9971106,0.97148997,0.97011995,-0.0013700128,0.0013700128,0.20873111,0.17826603,-0.030465081,stable
131,131,0.9971118,0.97473997,0.97475,1.001358e-05,1.001358e-05,0.243783,0.23753369,-0.0062493086,stable
350,350,0.99711263,0.97139996,0.97217995,0.0007799864,0.0007799864,0.21243672,0.2079282,-0.004508525,stable
992,992,0.99711704,0.98548996,0.986,0.00051003695,0.00051003695,0.19009846,0.20428722,0.014188752,stable
2490,2490,0.9971178,0.98223996,0.98124,-0.0009999871,0.0009999871,0.259745,0.23623393,-0.023511067,stable
4187,4187,0.99712056,0.97091997,0.97135997,0.0004400015,0.0004400015,0.18517593,0.18478963,-0.0003862977,stable
6016,6016,0.99712074,0.97055995,0.97142,0.0008600354,0.0008600354,0.20081742,0.20639406,0.0055766404,stable
5756,5756,0.99712366,0.98788995,0.98809,0.00020003319,0.00020003319,0.22517855,0.2175982,-0.007580355,stable
3993,3993,0.9971259,0.97503,0.97393996,-0.0010900497,0.0010900497,0.27716166,0.2538224,-0.023339272,stable
3273,3273,0.9971273,0.00802,0.00052999996,-0.0074899998,0.0074899998,0.000105237006,2.4267096e-05,-8.096991e-05,stable
3811,3811,0.9971274,0.97133,0.972,0.0006700158,0.0006700158,0.19870722,0.19174214,-0.006965086,stable
309,309,0.99712986,0.00107,0.00539,0.0043200003,0.0043200003,3.0740695e-05,4.085943e-05,1.0118736e-05,stable
1525,1525,0.99713165,0.97032,0.97116,0.00084000826,0.00084000826,0.20086104,0.20276953,0.001908496,stable
4682,4682,0.9971317,0.97032,0.97161996,0.0012999773,0.0012999773,0.17988987,0.19293901,0.013049141,stable
37,37,0.9971328,0.97023,0.96932,-0.0009099841,0.0009099841,0.20358413,0.18450947,-0.019074664,stable
5033,5033,0.9971329,0.97085,0.97107,0.00022000074,0.00022000074,0.20575102,0.2194234,0.013672382,stable
4924,4924,0.9971335,0.97313,0.97362,0.0004900098,0.0004900098,0.24955148,0.25926262,0.009711146,stable
3978,3978,0.99713355,0.97266996,0.97204,-0.0006299615,0.0006299615,0.22554849,0.2064101,-0.019138396,stable
771,771,0.9971336,0.97341996,0.97428,0.0008600354,0.0008600354,0.26488343,0.27057448,0.0056910515,stable
2790,2790,0.99713373,0.97823,0.97876,0.0005300045,0.0005300045,0.22063206,0.21321665,-0.007415414,stable
36,36,0.9971354,0.97353,0.97309995,-0.0004300475,0.0004300475,0.22347116,0.21642238,-0.0070487857,stable
923,923,0.9971364,0.97296,0.97165996,-0.0013000369,0.0013000369,0.22410758,0.21886906,-0.005238518,stable
1169,1169,0.99713737,0.97059995,0.97156,0.000960052,0.000960052,0.19498356,0.20535344,0.010369882,stable
1005,1005,0.9971385,0.97147,0.97126997,-0.00020003319,0.00020003319,0.21631196,0.20340995,-0.0129020065,stable
6063,6063,0.9971389,0.97157997,0.97182995,0.00024998188,0.00024998188,0.1971219,0.19245324,-0.004668668,stable
4084,4084,0.9971421,0.98485,0.98361,-0.001240015,0.001240015,0.19360687,0.1863748,-0.00723207,stable
2292,2292,0.99714446,0.96918,0.96768,-0.0015000105,0.0015000105,0.1628806,0.14399983,-0.01888077,stable
6115,6115,0.99714744,0.98677,0.98784,0.0010700226,0.0010700226,0.21203227,0.22081847,0.0087862015,stable
3459,3459,0.99714935,0.9866,0.98603,-0.0005699992,0.0005699992,0.19866566,0.18968129,-0.008984372,stable
3911,3911,0.99714947,0.97049,0.97147995,0.0009899735,0.0009899735,0.19460171,0.1941948,-0.0004069209,stable
2889,2889,0.99715024,0.98028,0.98111,0.0008299947,0.0008299947,0.20390168,0.19556321,-0.008338466,stable
1330,1330,0.99715114,0.97182995,0.97126997,-0.00055998564,0.00055998564,0.21366118,0.2028829,-0.010778278,stable
2058,2058,0.9971519,0.97581,0.97679996,0.0009899735,0.0009899735,0.18961558,0.17512158,-0.014494002,stable
3147,3147,0.9971522,0.97897,0.98026997,0.0012999773,0.0012999773,0.1915398,0.17821555,-0.013324246,stable
2823,2823,0.9971538,0.97907996,0.98139995,0.0023199916,0.0023199916,0.28429693,0.24424197,-0.040054962,stable
5665,5665,0.9971542,0.97084,0.98578995,0.014949977,0.014949977,0.23164576,0.19863583,-0.03300993,stable
2746,2746,0.9971571,0.99083,0.98925,-0.0015799999,0.0015799999,0.28761515,0.2463867,-0.041228443,stable
4240,4240,0.99715745,0.97068,0.96898997,-0.0016900301,0.0016900301,0.19082695,0.17807645,-0.012750506,stable
1355,1355,0.99715877,0.97428,0.97464997,0.00036996603,0.00036996603,0.30404127,0.2976937,-0.006347567,stable
3524,3524,0.9971591,0.97129,0.97029996,-0.0009900331,0.0009900331,0.22326827,0.20079285,-0.022475421,stable
1672,1672,0.99716115,0.98045,0.98166996,0.0012199879,0.0012199879,0.2548024,0.24718462,-0.0076177865,stable
4918,4918,0.9971616,0.0016399999,0.00087999995,-0.00075999997,0.00075999997,2.965218e-05,2.4935704e-05,-4.716476e-06,stable
1034,1034,0.99716806,0.97392,0.9738,-0.00011998415,0.00011998415,0.26824856,0.2588848,-0.0093637705,stable
1546,1546,0.9971683,0.96993,0.96984,-9.000301e-05,9.000301e-05,0.18810089,0.17922989,-0.008871004,stable
2233,2233,0.9971696,0.97072,0.97777,0.007049978,0.007049978,0.18261215,0.18586689,0.0032547414,stable
1632,1632,0.9971718,0.97211,0.97172,-0.0003899932,0.0003899932,0.21969031,0.21263255,-0.007057756,stable
3137,3137,0.99717265,0.98797,0.98864996,0.0006799698,0.0006799698,0.23450287,0.23000374,-0.0044991225,stable
3963,3963,0.99717283,0.97442997,0.97449,6.0021877e-05,6.0021877e-05,0.28678125,0.2707871,-0.015994161,stable
709,709,0.99717575,0.97423,0.97372997,-0.00050002337,0.00050002337,0.2541582,0.2325755,-0.021582693,stable
4021,4021,0.9971764,0.97116,0.97100997,-0.00015002489,0.00015002489,0.1983932,0.18994996,-0.008443236,stable
1315,1315,0.9971771,0.97123,0.97160995,0.0003799796,0.0003799796,0.21713148,0.21280344,-0.0043280423,stable
4913,4913,0.99717784,0.96922,0.96955997,0.0003399849,0.0003399849,0.1732787,0.17219685,-0.0010818541,stable
4426,4426,0.9971795,0.97301,0.97198,-0.0010300279,0.0010300279,0.22993886,0.207026,-0.02291286,stable
2515,2515,0.9971796,0.97326,0.97323,-2.9981136e-05,2.9981136e-05,0.24726297,0.23904265,-0.008220315,stable
5373,5373,0.9971808,0.98203,0.98763996,0.005609989,0.005609989,0.22356637,0.20727402,-0.016292349,stable
3130,3130,0.99718153,0.972,0.97327995,0.0012799501,0.0012799501,0.2218821,0.23899695,0.017114848,stable
2799,2799,0.99718225,0.97281,0.97309995,0.0002899766,0.0002899766,0.21198297,0.21979402,0.0078110546,stable
1527,1527,0.9971838,0.98099995,0.98951995,0.008520007,0.008520007,0.2305747,0.2358535,0.005278796,stable
3104,3104,0.99718463,0.97301,0.97230995,-0.00070005655,0.00070005655,0.22854452,0.21234652,-0.016197994,stable
5272,5272,0.99718475,0.98004997,0.97843,-0.0016199946,0.0016199946,0.22000171,0.1919285,-0.028073207,stable
641,641,0.99718595,0.98824996,0.98951995,0.0012699962,0.0012699962,0.23720345,0.24457222,0.007368773,stable
5253,5253,0.9971894,0.97191,0.97205997,0.00014996529,0.00014996529,0.20346344,0.20153986,-0.001923576,stable
2396,2396,0.9971901,0.97009,0.97031,0.00022000074,0.00022000074,0.19026412,0.18880874,-0.0014553815,stable
577,577,0.9971907,0.01246,0.01236,-9.999983e-05,9.999983e-05,0.0005608786,0.000366154,-0.00019472459,stable
2376,2376,0.9971924,0.97037995,0.97028,-9.995699e-05,9.995699e-05,0.19170672,0.18562761,-0.0060791075,stable
3445,3445,0.99719673,0.00948,0.00125,-0.00823,0.00823,0.00017460597,4.3345735e-05,-0.00013126024,stable
3442,3442,0.9972031,0.97143,0.96944,-0.0019900203,0.0019900203,0.20171757,0.17136487,-0.030352697,stable
2379,2379,0.99720335,0.97415996,0.97428,0.000120043755,0.000120043755,0.28106192,0.26734197,-0.013719946,stable
5669,5669,0.9972037,0.97293997,0.98059,0.0076500177,0.0076500177,0.2245525,0.22555351,0.0010010153,stable
3626,3626,0.997205,0.97497,0.97428,-0.00068998337,0.00068998337,0.24817134,0.23621464,-0.011956707,stable
1249,1249,0.9972073,0.97268,0.97253996,-0.00014001131,0.00014001131,0.23777409,0.2337487,-0.004025385,stable
3124,3124,0.99720794,0.97073996,0.96955997,-0.0011799932,0.0011799932,0.21361789,0.18036005,-0.033257842,stable
4652,4652,0.9972092,0.97204,0.98102,0.008979976,0.008979976,0.24261142,0.23449928,-0.008112147,stable
964,964,0.9972099,0.96791,0.96797997,6.997585e-05,6.997585e-05,0.15003385,0.14707592,-0.0029579252,stable
1082,1082,0.9972119,0.97161996,0.97073996,-0.000880003,0.000880003,0.20963734,0.1996953,-0.00994204,stable
4469,4469,0.99721307,0.00097,0.00142,0.00045,0.00045,2.859201e-05,2.3680333e-05,-4.911677e-06,stable
5680,5680,0.9972135,0.97003996,0.96989995,-0.00014001131,0.00014001131,0.19269285,0.18792324,-0.0047696084,stable
4135,4135,0.9972136,0.98143,0.98175997,0.0003299713,0.0003299713,0.2380993,0.23898397,0.00088466704,stable
3696,3696,0.99721366,0.97955996,0.98718995,0.0076299906,0.0076299906,0.21024753,0.20853984,-0.001707688,stable
5739,5739,0.9972156,0.97036,0.97056997,0.00020998716,0.00020998716,0.19835052,0.20016004,0.0018095225,stable
1167,1167,0.99721897,0.97394997,0.97371995,-0.00023001432,0.00023001432,0.2564561,0.24376883,-0.012687281,stable
5283,5283,0.9972223,0.97191,0.97178,-0.00012999773,0.00012999773,0.24689426,0.2381341,-0.008760154,stable
3959,3959,0.99722445,0.97113997,0.97034997,-0.00078999996,0.00078999996,0.19574223,0.18101977,-0.0147224665,stable
5809,5809,0.99722475,0.97152996,0.98727,0.015740037,0.015740037,0.21976222,0.2131928,-0.0065694153,stable
3727,3727,0.9972259,0.97336996,0.97353995,0.00016999245,0.00016999245,0.25893593,0.23973511,-0.019200817,stable
5242,5242,0.9972267,0.97321,0.97172,-0.0014899969,0.0014899969,0.22852136,0.21690796,-0.011613399,stable
2474,2474,0.9972303,0.97089,0.97063,-0.00025999546,0.00025999546,0.2100155,0.2010239,-0.008991599,stable
4846,4846,0.9972316,0.97143,0.97103995,-0.0003900528,0.0003900528,0.20932163,0.19429295,-0.015028685,stable
5606,5606,0.9972316,0.97021997,0.97212,0.0019000173,0.0019000173,0.20883065,0.21125923,0.0024285764,stable
3701,3701,0.99723184,0.0155,0.00052,-0.0149799995,0.0149799995,0.0009908067,1.6896809e-05,-0.0009739099,stable
2199,2199,0.99723256,0.97308,0.9781,0.0050200224,0.0050200224,0.22931431,0.2130048,-0.016309515,stable
2157,2157,0.997233,0.98082,0.98078996,-3.0040741e-05,3.0040741e-05,0.23873919,0.23418637,-0.0045528263,stable
5107,5107,0.99723387,0.97255,0.97846997,0.005919993,0.005919993,0.2363346,0.23797086,0.0016362518,stable
4803,4803,0.99723446,0.97315997,0.97321,5.0008297e-05,5.0008297e-05,0.24077034,0.23465918,-0.00611116,stable
3300,3300,0.99724144,0.0063099996,0.0007,-0.0056099994,0.0056099994,5.9655933e-05,2.608563e-05,-3.35703e-05,stable
3525,3525,0.9972425,0.97352,0.97332996,-0.00019001961,0.00019001961,0.26194787,0.25255907,-0.009388804,stable
1773,1773,0.9972427,0.96992,0.97033995,0.00041997433,0.00041997433,0.19831781,0.19394848,-0.0043693334,stable
2190,2190,0.9972435,0.96993,0.97068,0.00075000525,0.00075000525,0.18319212,0.18366414,0.00047202408,stable
3684,3684,0.9972436,0.98147,0.98762995,0.006159961,0.006159961,0.20318273,0.1841589,-0.01902382,stable
6012,6012,0.9972443,0.97740996,0.97714996,-0.00025999546,0.00025999546,0.14875844,0.15793811,0.009179667,stable
4373,4373,0.99724585,0.97169995,0.97546,0.0037600398,0.0037600398,0.2262973,0.21984117,-0.0064561367,stable
1633,1633,0.99724835,0.97304,0.97225,-0.00078999996,0.00078999996,0.22386378,0.20140138,-0.022462398,stable
2723,2723,0.99724936,0.97077996,0.97075,-2.9981136e-05,2.9981136e-05,0.19248156,0.18612319,-0.00635837,stable
4252,4252,0.99724936,0.97213995,0.97279,0.00065004826,0.00065004826,0.2346196,0.23849294,0.0038733333,stable
4276,4276,0.9972496,0.97094995,0.97112,0.00017005205,0.00017005205,0.21620913,0.21359804,-0.0026110858,stable
44,44,0.99724996,0.00058,0.00052,-5.999999e-05,5.999999e-05,1.8611396e-05,1.8973298e-05,3.619025e-07,stable
1965,1965,0.997252,0.96927,0.97007996,0.0008099675,0.0008099675,0.18400595,0.17540246,-0.008603483,stable
854,854,0.99725294,0.9729,0.97284997,-5.0008297e-05,5.0008297e-05,0.22219603,0.22515997,0.0029639453,stable
1679,1679,0.9972538,0.96892995,0.9679,-0.0010299683,0.0010299683,0.16928965,0.15512547,-0.01416418,stable
2373,2373,0.997255,0.97187996,0.97189,1.001358e-05,1.001358e-05,0.2237684,0.2159957,-0.007772699,stable
2164,2164,0.9972553,0.97227997,0.97179997,-0.0004799962,0.0004799962,0.2260707,0.20889293,-0.017177776,stable
4326,4326,0.9972553,0.97315997,0.97257996,-0.0005800128,0.0005800128,0.24171749,0.22571506,-0.016002432,stable
4411,4411,0.9972558,0.97027,0.97132,0.0010499954,0.0010499954,0.19171649,0.20174281,0.010026321,stable
4616,4616,0.9972564,0.015179999,0.01088,-0.004299999,0.004299999,0.0011712248,0.0008283113,-0.00034291344,stable
5141,5141,0.99725986,0.97239995,0.97148997,-0.0009099841,0.0009099841,0.22831757,0.20323306,-0.02508451,stable
5579,5579,0.99726015,0.97123,0.97236997,0.0011399984,0.0011399984,0.21282868,0.23163259,0.01880391,stable
1417,1417,0.9972615,0.0101499995,0.0119199995,0.00177,0.00177,0.0007459637,0.0008105262,6.456248e-05,stable
4247,4247,0.9972631,0.97018,0.97064,0.00046002865,0.00046002865,0.192283,0.1846039,-0.007679105,stable
1403,1403,0.99726343,0.97392,0.98063,0.006709993,0.006709993,0.26620516,0.26625338,4.8220158e-05,stable
2122,2122,0.9972638,0.97113997,0.97108,-5.9962273e-05,5.9962273e-05,0.19893257,0.19566655,-0.0032660216,stable
1159,1159,0.99726444,0.97244,0.97305,0.00060999393,0.00060999393,0.20754609,0.22618781,0.018641725,stable
3819,3819,0.99726546,0.96888995,0.97897,0.0100800395,0.0100800395,0.17670062,0.19529131,0.018590689,stable
932,932,0.9972682,0.97277,0.97327,0.00050002337,0.00050002337,0.2661079,0.26052424,-0.005583644,stable
3732,3732,0.9972702,0.97247,0.97352,0.0010499954,0.0010499954,0.23442034,0.2334663,-0.00095404685,stable
685,685,0.9972706,0.97317,0.97275996,-0.00041002035,0.00041002035,0.24404311,0.23932905,-0.004714057,stable
735,735,0.9972708,0.008959999,0.01697,0.00801,0.00801,0.00023954803,0.0017486513,0.0015091032,stable
3474,3474,0.99727154,0.98701,0.98583996,-0.0011700392,0.0011700392,0.19905451,0.18597199,-0.013082519,stable
4325,4325,0.9972719,0.98814,0.98841,0.00027000904,0.00027000904,0.25223598,0.23906341,-0.013172567,stable
5845,5845,0.9972734,0.97331995,0.97608995,0.0027700067,0.0027700067,0.17156515,0.16365981,-0.007905334,stable
499,499,0.99727345,0.97137,0.97099,-0.0003799796,0.0003799796,0.22512874,0.20848538,-0.01664336,stable
4367,4367,0.9972746,0.97256,0.97187,-0.00068998337,0.00068998337,0.22402368,0.21323125,-0.010792434,stable
4749,4749,0.9972756,0.96954995,0.97072,0.0011700392,0.0011700392,0.19281183,0.20609541,0.013283581,stable
2312,2312,0.9972762,0.97113997,0.97142,0.00028002262,0.00028002262,0.20466621,0.20660324,0.0019370317,stable
2480,2480,0.9972769,0.97274,0.97230995,-0.0004300475,0.0004300475,0.23464008,0.22684266,-0.00779742,stable
5626,5626,0.9972769,0.97032,0.97205997,0.0017399788,0.0017399788,0.2150614,0.22505008,0.0099886805,stable
2337,2337,0.9972776,0.97091997,0.97126997,0.00034999847,0.00034999847,0.2207034,0.22489315,0.0041897595,stable
4784,4784,0.9972776,0.97073996,0.97009,-0.00064998865,0.00064998865,0.20391312,0.18058594,-0.023327187,stable
4630,4630,0.9972782,0.9884,0.98809,-0.00031000376,0.00031000376,0.21446347,0.21383734,-0.0006261319,stable
2249,2249,0.9972818,0.98792,0.98661995,-0.0013000369,0.0013000369,0.22159065,0.19214301,-0.029447645,stable
590,590,0.99728286,0.97336,0.97252,-0.00084000826,0.00084000826,0.24214043,0.22302417,-0.019116253,stable
820,820,0.9972832,0.96950996,0.97106,0.0015500188,0.0015500188,0.18299405,0.19216195,0.009167895,stable
3982,3982,0.9972893,0.98609,0.98482996,-0.0012600422,0.0012600422,0.2141563,0.19126299,-0.02289331,stable
638,638,0.9972898,0.97258997,0.97322,0.0006300211,0.0006300211,0.27344695,0.2693981,-0.004048854,stable
4112,4112,0.99728984,0.97128,0.97211,0.0008299947,0.0008299947,0.19947535,0.20673394,0.007258594,stable
2675,2675,0.99729055,0.97271997,0.97194,-0.0007799864,0.0007799864,0.22846754,0.20876007,-0.019707471,stable
3636,3636,0.9972906,0.97369,0.97429997,0.00060999393,0.00060999393,0.28730774,0.2863816,-0.00092613697,stable
1375,1375,0.99729097,0.97208,0.97170997,-0.00037002563,0.00037002563,0.22366816,0.22548458,0.0018164217,stable
3663,3663,0.99729145,0.9756,0.97498,-0.0006200075,0.0006200075,0.31227866,0.29392898,-0.018349677,stable
5152,5152,0.99729323,0.97495997,0.97423,-0.0007299781,0.0007299781,0.26545468,0.25009352,-0.01536116,stable
114,114,0.9972934,0.00131,0.00144,0.00013000006,0.00013000006,5.0634917e-05,4.764425e-05,-2.990666e-06,stable
6102,6102,0.99729717,0.97376996,0.97315997,-0.00060999393,0.00060999393,0.24874476,0.23624228,-0.012502477,stable
663,663,0.99729735,0.01733,0.01769,0.00035999902,0.00035999902,0.0070409924,0.006859468,-0.00018152455,stable
4412,4412,0.9972992,0.97394997,0.97407997,0.00012999773,0.00012999773,0.24112831,0.24271882,0.0015905052,stable
6005,6005,0.99730104,0.97005,0.96931,-0.00073999166,0.00073999166,0.19336039,0.17775546,-0.015604928,stable
3785,3785,0.9973049,0.97971,0.97932,-0.0003899932,0.0003899932,0.22902359,0.2092587,-0.019764885,stable
502,502,0.9973053,0.97046995,0.96998,-0.0004899502,0.0004899502,0.17090827,0.17916219,0.008253917,stable
6095,6095,0.9973062,0.00868,0.00851,-0.0001699999,0.0001699999,0.000945053,0.00039995284,-0.0005451002,stable
5021,5021,0.99730814,0.00851,0.0009,-0.00761,0.00761,0.0009329895,2.4108138e-05,-0.00090888137,stable
194,194,0.9973097,0.96844,0.97014,0.0016999841,0.0016999841,0.16518974,0.17926906,0.014079317,stable
1035,1035,0.9973102,0.98662996,0.98643,-0.00019997358,0.00019997358,0.20905273,0.2009488,-0.008103922,stable
4571,4571,0.9973109,0.97876996,0.97972,0.00095003843,0.00095003843,0.20631418,0.18318444,-0.023129731,stable
2235,2235,0.9973118,0.96983,0.97018,0.00034999847,0.00034999847,0.17153628,0.17634875,0.004812464,stable
723,723,0.99731207,0.97178,0.97100997,-0.0007700324,0.0007700324,0.21500894,0.1920175,-0.022991449,stable
550,550,0.9973123,0.97273,0.97297996,0.00024998188,0.00024998188,0.24217406,0.25570628,0.013532221,stable
1369,1369,0.997313,0.97181,0.97173995,-7.003546e-05,7.003546e-05,0.21158007,0.20525098,-0.0063290894,stable
3441,3441,0.9973147,0.97148997,0.96966,-0.0018299818,0.0018299818,0.20832992,0.17951742,-0.028812498,stable
4330,4330,0.9973147,0.96838,0.97032,0.001940012,0.001940012,0.15894878,0.175371,0.016422227,stable
2800,2800,0.99731505,0.9715,0.97182,0.00032001734,0.00032001734,0.2158977,0.20938769,-0.0065100044,stable
3535,3535,0.9973152,0.98829997,0.98854,0.0002400279,0.0002400279,0.2401723,0.22981167,-0.010360628,stable
1885,1885,0.9973167,0.97146,0.97173995,0.00027996302,0.00027996302,0.21700965,0.21326564,-0.0037440062,stable
5341,5341,0.99731714,0.97203,0.97196996,-6.0021877e-05,6.0021877e-05,0.25178686,0.23378396,-0.018002898,stable
3426,3426,0.9973173,0.97258997,0.97792995,0.00533998,0.00533998,0.23978452,0.2273028,-0.012481719,stable
4133,4133,0.9973185,0.97169995,0.97113997,-0.00055998564,0.00055998564,0.22920261,0.22031781,-0.008884802,stable
3643,3643,0.9973218,0.01666,0.013789999,-0.00287,0.00287,0.0011249873,0.0008630081,-0.00026197918,stable
3236,3236,0.99732256,0.96910995,0.96959996,0.0004900098,0.0004900098,0.17200457,0.18230695,0.01030238,stable
4487,4487,0.9973227,0.97995996,0.97879,-0.0011699796,0.0011699796,0.21379343,0.22322972,0.009436294,stable
544,544,0.9973242,0.97936,0.98016,0.00080001354,0.00080001354,0.22125109,0.21789199,-0.0033590943,stable
3669,3669,0.9973296,0.97060996,0.97068995,7.998943e-05,7.998943e-05,0.18748388,0.18868506,0.0012011826,stable
359,359,0.9973312,0.97133,0.97146,0.00012999773,0.00012999773,0.20330565,0.20391162,0.0006059706,stable
611,611,0.99733126,0.97345,0.97318,-0.00027000904,0.00027000904,0.27488878,0.2507733,-0.024115473,stable
5466,5466,0.9973328,0.97568995,0.97696996,0.0012800097,0.0012800097,0.18938968,0.19349006,0.0041003823,stable
96,96,0.99733293,0.97147,0.96987,-0.0016000271,0.0016000271,0.22284406,0.18864624,-0.034197822,stable
4793,4793,0.9973342,0.98046,0.98055,9.000301e-05,9.000301e-05,0.20592842,0.20846398,0.0025355667,stable
31,31,0.9973348,0.97146,0.97107,-0.0003899932,0.0003899932,0.2298009,0.20588507,-0.023915827,stable
1372,1372,0.9973352,0.008839999,0.00604,-0.0027999994,0.0027999994,0.00013066227,6.174972e-05,-6.891255e-05,stable
2801,2801,0.9973369,0.016479999,0.01743,0.0009500012,0.0009500012,0.0015613873,0.0013577485,-0.0002036388,stable
1360,1360,0.99733746,0.97203,0.97202,-1.001358e-05,1.001358e-05,0.2825206,0.25915128,-0.023369312,stable
626,626,0.99733865,0.97119,0.97143,0.0002400279,0.0002400279,0.2073198,0.20460884,-0.0027109534,stable
2995,2995,0.99733895,0.97323,0.97277,-0.00046002865,0.00046002865,0.25886354,0.24339321,-0.015470326,stable
2088,2088,0.99733996,0.97183996,0.97164,-0.00019997358,0.00019997358,0.20766994,0.18771723,-0.019952714,stable
451,451,0.99734044,0.97023,0.96993,-0.00029999018,0.00029999018,0.19207925,0.1782328,-0.013846442,stable
6142,6142,0.997341,0.97112995,0.96704,-0.0040899515,0.0040899515,0.20661604,0.15397444,-0.0526416,stable
75,75,0.9973426,0.016959999,0.01688,-7.999875e-05,7.999875e-05,0.004100998,0.0024071971,-0.0016938008,stable
2557,2557,0.99734426,0.97073996,0.96852,-0.002219975,0.002219975,0.17446339,0.14935564,-0.025107756,stable
1768,1768,0.9973444,0.97196996,0.97143996,-0.0005300045,0.0005300045,0.21295092,0.19819175,-0.014759168,stable
10,10,0.99734807,0.97343,0.97341996,-1.001358e-05,1.001358e-05,0.23531602,0.23601902,0.0007029921,stable
5300,5300,0.99734807,0.011039999,0.00954,-0.0014999993,0.0014999993,0.0007458556,0.00064298185,-0.000102873775,stable
110,110,0.9973481,0.97269,0.97174996,-0.00094002485,0.00094002485,0.21433847,0.20364843,-0.010690033,stable
605,605,0.99735,0.97268,0.97247,-0.00020998716,0.00020998716,0.22890048,0.21888329,-0.010017186,stable
3338,3338,0.9973502,0.97388,0.97243,-0.0014500022,0.0014500022,0.24665558,0.22005682,-0.026598766,stable
412,412,0.9973515,0.97293997,0.97252995,-0.00041002035,0.00041002035,0.23786162,0.22494051,-0.01292111,stable
1507,1507,0.997352,0.97123,0.97102,-0.00020998716,0.00020998716,0.18749343,0.18598634,-0.0015070885,stable
5052,5052,0.9973527,0.0090499995,0.00955,0.0005000001,0.0005000001,0.00070002576,0.0006945519,-5.4738484e-06,stable
507,507,0.9973531,0.97595,0.97989,0.003939986,0.003939986,0.2114495,0.20173085,-0.009718657,stable
1033,1033,0.9973539,0.00928,0.01596,0.0066800006,0.0066800006,0.0006687936,0.0012210244,0.0005522308,stable
4705,4705,0.9973539,0.97862,0.97879,0.00016999245,0.00016999245,0.20201524,0.19967456,-0.0023406744,stable
3312,3312,0.99735403,0.01701,0.01636,-0.0006499998,0.0006499998,0.001281673,0.0014471153,0.00016544235,stable
493,493,0.99735534,0.00081,0.00153,0.00072,0.00072,3.7460853e-05,3.379031e-05,-3.6705424e-06,stable
3215,3215,0.9973557,0.97088,0.97049,-0.0003899932,0.0003899932,0.20674601,0.1970465,-0.009699509,stable
2124,2124,0.9973569,0.97422,0.97231996,-0.0019000173,0.0019000173,0.18321301,0.1666038,-0.016609207,stable
4402,4402,0.9973571,0.97163,0.97172,9.000301e-05,9.000301e-05,0.21562007,0.20794214,-0.0076779276,stable
5903,5903,0.9973582,0.97413,0.97334,-0.00078999996,0.00078999996,0.28854674,0.26783198,-0.02071476,stable
3858,3858,0.99735993,0.97217995,0.97138,-0.00079995394,0.00079995394,0.23144488,0.21909638,-0.012348503,stable
815,815,0.99736094,0.97362995,0.97279,-0.00083994865,0.00083994865,0.28077886,0.26721784,-0.01356101,stable
5576,5576,0.9973613,0.96988,0.96928,-0.00059998035,0.00059998035,0.18147244,0.17384267,-0.007629767,stable
4374,4374,0.99736136,0.01359,0.01545,0.0018600002,0.0018600002,0.0013508222,0.0011672829,-0.00018353923,stable
4993,4993,0.9973626,0.97001,0.96958995,-0.00042003393,0.00042003393,0.18613657,0.17880234,-0.0073342323,stable
5702,5702,0.9973633,0.96954,0.96835995,-0.0011800528,0.0011800528,0.1930925,0.17342904,-0.019663453,stable
3223,3223,0.99736625,0.97293997,0.97125,-0.0016899705,0.0016899705,0.23064476,0.20222427,-0.028420493,stable
5671,5671,0.9973674,0.97178,0.9759,0.0041199923,0.0041199923,0.22213371,0.2143726,-0.007761106,stable
578,578,0.99736756,0.97121996,0.96913,-0.0020899773,0.0020899773,0.19051914,0.16886441,-0.021654725,stable
4279,4279,0.99736965,0.97335,0.97340995,5.9962273e-05,5.9962273e-05,0.2584932,0.24188393,-0.016609281,stable
1683,1683,0.9973722,0.97933,0.97843,-0.00090003014,0.00090003014,0.18971138,0.17911175,-0.010599628,stable
5873,5873,0.9973725,0.973,0.97754997,0.00454998,0.00454998,0.17641789,0.18542078,0.009002894,stable
5251,5251,0.9973732,0.97104996,0.97103995,-1.001358e-05,1.001358e-05,0.20408408,0.19715261,-0.006931469,stable
415,415,0.9973733,0.97271997,0.97261995,-0.000100016594,0.000100016594,0.23336512,0.22653858,-0.006826535,stable
3680,3680,0.99737465,0.0046099997,0.00893,0.00432,0.00432,6.101607e-05,0.00016097499,9.995892e-05,stable
3249,3249,0.9973755,0.97155,0.97111,-0.0004400015,0.0004400015,0.20223194,0.18746354,-0.014768407,stable
1150,1150,0.9973768,0.97196996,0.97161996,-0.00034999847,0.00034999847,0.22116251,0.20318782,-0.01797469,stable
2171,2171,0.99737704,0.97339,0.97226,-0.0011299849,0.0011299849,0.26741907,0.24295314,-0.024465933,stable
1352,1352,0.99737847,0.97353,0.97356,2.9981136e-05,2.9981136e-05,0.22685558,0.22611105,-0.0007445216,stable
1920,1920,0.99737847,0.98766,0.98784995,0.00018996,0.00018996,0.22269268,0.21264686,-0.010045826,stable
796,796,0.9973805,0.97033,0.9709,0.0005699992,0.0005699992,0.18455768,0.17704628,-0.0075113922,stable
3573,3573,0.997382,0.97326,0.97392,0.00066000223,0.00066000223,0.26587364,0.2679904,0.0021167696,stable
5413,5413,0.9973837,0.9733,0.98063,0.0073300004,0.0073300004,0.22700429,0.22436185,-0.0026424378,stable
2040,2040,0.99738663,0.97152996,0.97084,-0.00068998337,0.00068998337,0.23031406,0.20929961,-0.021014452,stable
3260,3260,0.99738765,0.97089,0.97112995,0.0002399683,0.0002399683,0.19340175,0.19472912,0.0013273656,stable
1296,1296,0.9973885,0.97266,0.97309,0.0004299879,0.0004299879,0.24905236,0.24517003,-0.0038823336,stable
5628,5628,0.9973917,0.98958,0.98903996,-0.0005400181,0.0005400181,0.2628495,0.24362984,-0.019219667,stable
4130,4130,0.9973928,0.97170997,0.97266996,0.0009599924,0.0009599924,0.24720688,0.23936512,-0.007841766,stable
851,851,0.9973941,0.97261995,0.97209996,-0.0005199909,0.0005199909,0.22281815,0.21191403,-0.010904118,stable
2128,2128,0.9973941,0.0010899999,0.0025499999,0.0014599999,0.0014599999,4.1692274e-05,5.721463e-05,1.5522357e-05,stable
568,568,0.9973949,0.01141,0.00986,-0.0015500002,0.0015500002,0.0009507306,0.00057361054,-0.00037712004,stable
1589,1589,0.99739563,0.97437996,0.98546,0.011080027,0.011080027,0.18683511,0.18274851,-0.0040865988,stable
2244,2244,0.9973966,0.98960996,0.98353,-0.006079972,0.006079972,0.21590602,0.23264694,0.016740918,stable
4361,4361,0.9973967,0.97107,0.97129995,0.00022995472,0.00022995472,0.19914246,0.19565175,-0.0034907013,stable
1363,1363,0.99739754,0.98204,0.98867995,0.0066399574,0.0066399574,0.30602288,0.267306,-0.038716882,stable
471,471,0.9974006,0.98715997,0.98726,0.000100016594,0.000100016594,0.20805511,0.20178568,-0.006269425,stable
800,800,0.99740094,0.00574,0.0029799999,-0.00276,0.00276,5.8133566e-05,3.584695e-05,-2.2286615e-05,stable
5140,5140,0.9974015,0.97450995,0.97366995,-0.00084000826,0.00084000826,0.28404933,0.2601582,-0.023891121,stable
3879,3879,0.99740267,0.97362995,0.97353,-9.995699e-05,9.995699e-05,0.24852788,0.25290748,0.0043796003,stable
2822,2822,0.997403,0.98623997,0.98827,0.002030015,0.002030015,0.20722555,0.20872386,0.0014983118,stable
2002,2002,0.99740326,0.97907996,0.97954,0.00046002865,0.00046002865,0.22610575,0.2125236,-0.013582155,stable
1580,1580,0.99740374,0.97919,0.96871,-0.010479987,0.010479987,0.20894347,0.18255906,-0.026384413,stable
303,303,0.9974041,0.97216,0.98034,0.008180022,0.008180022,0.20780422,0.2184459,0.010641679,stable
3848,3848,0.99740493,0.9701,0.96848,-0.0016199946,0.0016199946,0.18206747,0.16342713,-0.01864034,stable
3642,3642,0.99740505,0.97234,0.97732997,0.0049899817,0.0049899817,0.21682858,0.21314922,-0.003679365,stable
4521,4521,0.9974062,0.97242,0.97139996,-0.0010200143,0.0010200143,0.2149713,0.20328882,-0.011682481,stable
3855,3855,0.9974066,0.97372997,0.97348,-0.00024998188,0.00024998188,0.24889135,0.24448808,-0.004403278,stable
2368,2368,0.9974072,0.97388995,0.97305,-0.00083994865,0.00083994865,0.23341812,0.2317319,-0.0016862154,stable
113,113,0.997408,0.97879,0.98170996,0.002919972,0.002919972,0.1879755,0.19050953,0.0025340319,stable
998,998,0.9974091,0.96971995,0.97050995,0.00078999996,0.00078999996,0.18048726,0.17736222,-0.0031250417,stable
5957,5957,0.9974091,0.97339,0.97207,-0.0013200045,0.0013200045,0.23911506,0.22975934,-0.009355724,stable
3869,3869,0.9974138,0.97323,0.97347,0.0002399683,0.0002399683,0.24722503,0.24649215,-0.0007328838,stable
3304,3304,0.99741435,0.98077995,0.9737,-0.007079959,0.007079959,0.23753211,0.22723864,-0.010293469,stable
3289,3289,0.9974145,0.97021997,0.97001,-0.00020998716,0.00020998716,0.18219273,0.171005,-0.011187732,stable
907,907,0.9974148,0.9874,0.98666,-0.00073999166,0.00073999166,0.22826816,0.21037693,-0.017891228,stable
2656,2656,0.99741626,0.96932,0.97012997,0.0008099675,0.0008099675,0.17824683,0.17286675,-0.005380079,stable
4239,4239,0.9974167,0.97116,0.97147,0.00031000376,0.00031000376,0.2187673,0.21808279,-0.00068451464,stable
1480,1480,0.9974174,0.97858995,0.97844,-0.00014996529,0.00014996529,0.18626128,0.18973586,0.0034745783,stable
2132,2132,0.99741757,0.96908,0.96834,-0.00073999166,0.00073999166,0.16201076,0.15551776,-0.006493002,stable
1783,1783,0.9974185,0.9741,0.97432,0.00022000074,0.00022000074,0.23509462,0.23973362,0.0046389997,stable
5030,5030,0.99741864,0.98179996,0.98115,-0.00064998865,0.00064998865,0.24100372,0.22644593,-0.014557794,stable
1045,1045,0.99741936,0.97198,0.97064,-0.001339972,0.001339972,0.19837704,0.17872949,-0.019647554,stable
4083,4083,0.9974209,0.97257996,0.97319996,0.0006200075,0.0006200075,0.26225755,0.25146735,-0.010790199,stable
1929,1929,0.99742347,0.97384995,0.97358,-0.00026994944,0.00026994944,0.2473132,0.23462167,-0.012691528,stable
3962,3962,0.99742377,0.97082996,0.97172,0.00089001656,0.00089001656,0.18549323,0.19471805,0.009224817,stable
4935,4935,0.9974264,0.98048997,0.98104995,0.00055998564,0.00055998564,0.23990683,0.2380426,-0.0018642396,stable
2962,2962,0.9974272,0.01732,0.00975,-0.0075699994,0.0075699994,0.00159449,0.00061379874,-0.0009806913,stable
5083,5083,0.99742746,0.9687,0.97754997,0.008849978,0.008849978,0.16526553,0.18273816,0.017472625,stable
6034,6034,0.99743086,0.98702997,0.98726,0.00023001432,0.00023001432,0.23819643,0.21842478,-0.01977165,stable
2095,2095,0.9974316,0.97414,0.97383,-0.00031000376,0.00031000376,0.28697994,0.26427475,-0.022705197,stable
1436,1436,0.9974319,0.96954995,0.97078997,0.001240015,0.001240015,0.16245513,0.18578589,0.023330763,stable
3816,3816,0.9974326,0.98897,0.98890996,-6.0021877e-05,6.0021877e-05,0.24527623,0.24992351,0.0046472847,stable
5311,5311,0.99743366,0.97102,0.97126997,0.00024998188,0.00024998188,0.22508164,0.2173325,-0.0077491403,stable
6082,6082,0.9974345,0.96840996,0.9686,0.00019001961,0.00019001961,0.16878957,0.16297853,-0.0058110356,stable
1514,1514,0.9974347,0.96858996,0.97016996,0.0015799999,0.0015799999,0.16059247,0.17700374,0.016411275,stable
896,896,0.9974351,0.97234,0.973,0.00066000223,0.00066000223,0.24917251,0.25632894,0.0071564317,stable
2263,2263,0.9974355,0.98042995,0.97995996,-0.00046998262,0.00046998262,0.21733597,0.20317845,-0.014157519,stable
584,584,0.9974357,0.97156996,0.97100997,-0.00055998564,0.00055998564,0.24177377,0.22397445,-0.017799318,stable
1801,1801,0.99743617,0.96972996,0.96987,0.00014001131,0.00014001131,0.17763348,0.1808453,0.003211826,stable
1124,1124,0.9974365,0.98204,0.98942995,0.0073899627,0.0073899627,0.24031328,0.22942914,-0.010884136,stable
6015,6015,0.9974369,0.97172,0.97086,-0.0008599758,0.0008599758,0.20433596,0.18826966,-0.016066298,stable
643,643,0.9974393,0.96998,0.96936,-0.0006200075,0.0006200075,0.18721196,0.17163226,-0.0155797005,stable
5144,5144,0.99743956,0.97046995,0.97141,0.00094002485,0.00094002485,0.1933825,0.20868608,0.015303582,stable
460,460,0.9974415,0.972,0.97195995,-4.005432e-05,4.005432e-05,0.25895992,0.22871277,-0.030247152,stable
1877,1877,0.99744153,0.98045,0.98074996,0.00029999018,0.00029999018,0.20256767,0.19788462,-0.0046830475,stable
2280,2280,0.99744433,0.96981996,0.97782,0.008000016,0.008000016,0.18256539,0.19016394,0.007598549,stable
3792,3792,0.99744654,0.97634995,0.97498995,-0.0013599992,0.0013599992,0.32095313,0.28428322,-0.03666991,stable
4506,4506,0.9974471,0.97128,0.97234,0.001060009,0.001060009,0.20310721,0.21016856,0.0070613474,stable
4074,4074,0.99744844,0.008909999,0.016479999,0.0075699994,0.0075699994,0.00024266205,0.0015047793,0.0012621173,stable
5005,5005,0.9974495,0.01375,0.01596,0.0022100005,0.0022100005,0.00026895193,0.0005980618,0.00032910984,stable
5350,5350,0.99745166,0.96998996,0.97082996,0.00084000826,0.00084000826,0.17013082,0.17834425,0.008213431,stable
1116,1116,0.9974532,0.9709,0.97094995,4.9948692e-05,4.9948692e-05,0.2169724,0.21331617,-0.0036562234,stable
5875,5875,0.9974534,0.01407,0.01066,-0.0034099994,0.0034099994,0.0011953526,0.00068765774,-0.0005076949,stable
1109,1109,0.997455,0.97454,0.97318,-0.0013599992,0.0013599992,0.26750007,0.2409732,-0.026526868,stable
3122,3122,0.99745774,0.00087999995,0.00067,-0.00020999997,0.00020999997,3.4969868e-05,1.7591132e-05,-1.7378736e-05,stable
3797,3797,0.99745816,0.00045999998,0.00049,3.0000025e-05,3.0000025e-05,1.4694314e-05,1.8198863e-05,3.5045496e-06,stable
2850,2850,0.99745846,0.97433996,0.97388,-0.00045996904,0.00045996904,0.2677215,0.24457794,-0.02314356,stable
232,232,0.99746066,0.97168,0.97865,0.0069699883,0.0069699883,0.19828136,0.19390449,-0.0043768734,stable
5347,5347,0.9974623,0.97687995,0.97651,-0.00036996603,0.00036996603,0.18933935,0.18098608,-0.008353278,stable
3509,3509,0.9974654,0.97195995,0.97117996,-0.0007799864,0.0007799864,0.2018898,0.19317855,-0.008711249,stable
3151,3151,0.99746555,0.97558,0.97749996,0.0019199848,0.0019199848,0.17471054,0.17831011,0.0035995692,stable
442,442,0.9974678,0.97365,0.97358,-6.997585e-05,6.997585e-05,0.27753487,0.27028206,-0.0072528124,stable
3676,3676,0.9974692,0.97277,0.97315997,0.0003899932,0.0003899932,0.21533999,0.21332897,-0.002011016,stable
5195,5195,0.9974699,0.0142,0.013049999,-0.0011500008,0.0011500008,0.0009855399,0.0007315539,-0.00025398599,stable
3897,3897,0.9974719,0.97314,0.9722,-0.00094002485,0.00094002485,0.25022343,0.22646523,-0.023758203,stable
5814,5814,0.99747294,0.98608,0.98530996,-0.0007700324,0.0007700324,0.18505652,0.16572058,-0.01933594,stable
2189,2189,0.9974749,0.98003995,0.98074996,0.0007100105,0.0007100105,0.23171815,0.22362359,-0.008094564,stable
5960,5960,0.99747497,0.97881997,0.9798,0.0009800196,0.0009800196,0.19773492,0.20269608,0.004961163,stable
3374,3374,0.9974751,0.96945995,0.96988,0.00042003393,0.00042003393,0.1733615,0.16558488,-0.007776618,stable
2239,2239,0.9974752,0.97037,0.96941996,-0.00095003843,0.00095003843,0.21096337,0.19009008,-0.020873293,stable
3375,3375,0.9974779,0.0010299999,0.00113,0.00010000006,0.00010000006,3.7911774e-05,3.548942e-05,-2.4223555e-06,stable
1712,1712,0.99747825,0.97246,0.97176,-0.00069999695,0.00069999695,0.19823593,0.20229156,0.004055634,stable
918,918,0.9974799,0.97230995,0.97214997,-0.00015997887,0.00015997887,0.22895004,0.22665516,-0.0022948831,stable
2266,2266,0.9974804,0.97168,0.97046,-0.0012199879,0.0012199879,0.20849994,0.19269034,-0.015809596,stable
1640,1640,0.99748087,0.97246,0.97284997,0.0003899932,0.0003899932,0.22175106,0.21211395,-0.009637117,stable
4923,4923,0.99748296,0.97100997,0.97204995,0.0010399818,0.0010399818,0.20682187,0.20733957,0.00051769614,stable
913,913,0.9974867,0.97213,0.97204,-9.000301e-05,9.000301e-05,0.21380919,0.20096534,-0.012843847,stable
5136,5136,0.9974878,0.010489999,0.01254,0.0020500002,0.0020500002,0.0002822018,0.0003475586,6.535681e-05,stable
2264,2264,0.9974897,0.008479999,0.01036,0.0018800003,0.0018800003,0.0008428441,0.0017164147,0.0008735706,stable
672,672,0.9974904,0.0016099999,0.0034599998,0.0018499999,0.0018499999,6.030895e-05,4.0257204e-05,-2.0051746e-05,stable
4744,4744,0.9974909,0.99101996,0.9912,0.00018000603,0.00018000603,0.30970702,0.29888564,-0.010821372,stable
2402,2402,0.9974925,0.96971,0.97154,0.0018299818,0.0018299818,0.17543578,0.18840347,0.012967691,stable
3281,3281,0.99749506,0.96876997,0.96942997,0.00066000223,0.00066000223,0.16871344,0.17847644,0.009763002,stable
5456,5456,0.99749553,0.00088999997,0.01167,0.01078,0.01078,2.9778026e-05,0.00085592514,0.0008261471,stable
6117,6117,0.99749553,0.97217,0.97143996,-0.0007300377,0.0007300377,0.22760098,0.21524814,-0.012352839,stable
4670,4670,0.99749935,0.97226995,0.97192997,-0.0003399849,0.0003399849,0.23584017,0.21752541,-0.018314764,stable
2351,2351,0.99749947,0.97165,0.97251,0.0008599758,0.0008599758,0.22746722,0.2171308,-0.010336429,stable
3032,3032,0.9974998,0.97014,0.97011995,-2.002716e-05,2.002716e-05,0.19852555,0.18527463,-0.013250917,stable
5933,5933,0.9974998,0.97413,0.97401,-0.00011998415,0.00011998415,0.24846058,0.23950815,-0.008952424,stable
5250,5250,0.99750364,0.97257,0.97208995,-0.0004800558,0.0004800558,0.21742468,0.19668563,-0.020739049,stable
396,396,0.99750453,0.97243,0.97230995,-0.000120043755,0.000120043755,0.2178255,0.21190496,-0.0059205443,stable
3085,3085,0.9975052,0.97415996,0.974,-0.00015997887,0.00015997887,0.2779419,0.27967006,0.0017281473,stable
3602,3602,0.99750656,0.00841,0.0013199999,-0.0070900004,0.0070900004,0.00030332326,2.0442185e-05,-0.00028288108,stable
3199,3199,0.997507,0.97366,0.97397,0.00031000376,0.00031000376,0.26073292,0.25793627,-0.00279665,stable
2888,2888,0.9975071,0.00948,0.01184,0.0023600003,0.0023600003,0.0007746916,0.00094762404,0.00017293246,stable
505,505,0.9975072,0.97404,0.97968,0.00564003,0.00564003,0.2620585,0.25414208,-0.007916421,stable
1466,1466,0.9975072,0.97849,0.98006,0.0015699863,0.0015699863,0.20963584,0.1832067,-0.026429132,stable
5273,5273,0.9975089,0.96972996,0.96778,-0.001949966,0.001949966,0.19005239,0.16045341,-0.029598981,stable
4640,4640,0.9975094,0.98016995,0.97857,-0.0015999675,0.0015999675,0.2092017,0.20552307,-0.0036786199,stable
3853,3853,0.997511,0.96834,0.96928996,0.0009499788,0.0009499788,0.16618788,0.16326712,-0.0029207617,stable
2590,2590,0.9975123,0.97134995,0.97121996,-0.00012999773,0.00012999773,0.23078789,0.2230712,-0.0077166855,stable
4053,4053,0.99751246,0.97361,0.97378,0.00016999245,0.00016999245,0.27719226,0.2744,-0.002792269,stable
2186,2186,0.99751306,0.96896,0.96968997,0.0007299781,0.0007299781,0.16818123,0.18183668,0.013655454,stable
3343,3343,0.9975133,0.97365,0.97723997,0.0035899878,0.0035899878,0.23803036,0.22780824,-0.010222122,stable
805,805,0.9975148,0.97212,0.97235996,0.0002399683,0.0002399683,0.20999168,0.21550794,0.005516261,stable
2322,2322,0.99751496,0.97138,0.97165,0.00027000904,0.00027000904,0.20968883,0.20460962,-0.00507921,stable
4722,4722,0.99751633,0.98758,0.98778,0.00019997358,0.00019997358,0.21729566,0.20303984,-0.014255822,stable
1231,1231,0.99751824,0.97233,0.97155,-0.0007799864,0.0007799864,0.23155859,0.2060654,-0.02549319,stable
848,848,0.99751836,0.00834,0.00803,-0.00031000003,0.00031000003,0.00017340768,0.00012247982,-5.092786e-05,stable
4038,4038,0.99751854,0.97792995,0.98039997,0.0024700165,0.0024700165,0.24670398,0.22318122,-0.023522764,stable
1900,1900,0.9975194,0.97362,0.97423,0.00060999393,0.00060999393,0.2743103,0.2656957,-0.0086146,stable
928,928,0.9975195,0.00102,0.01151,0.010489999,0.010489999,4.052346e-05,0.00023757314,0.00019704968,stable
5895,5895,0.9975198,0.98741996,0.98809,0.0006700158,0.0006700158,0.24792883,0.22769077,-0.020238057,stable
1091,1091,0.9975204,0.01632,0.00985,-0.0064699994,0.0064699994,0.0017129284,0.0008472752,-0.0008656532,stable
314,314,0.99752104,0.98789996,0.98864996,0.00075000525,0.00075000525,0.26453862,0.26554102,0.0010024011,stable
4389,4389,0.99752176,0.00266,0.00163,-0.00103,0.00103,6.734128e-05,5.1216924e-05,-1.6124355e-05,stable
677,677,0.9975222,0.008669999,0.00064,-0.008029999,0.008029999,0.00037133123,1.90934e-05,-0.00035223784,stable
6014,6014,0.99752295,0.97015995,0.96937996,-0.0007799864,0.0007799864,0.19903578,0.18877159,-0.010264188,stable
4064,4064,0.99752355,0.98052996,0.97933996,-0.0011900067,0.0011900067,0.23508984,0.21180233,-0.023287505,stable
491,491,0.9975244,0.97159,0.97112995,-0.00046002865,0.00046002865,0.21298914,0.19914527,-0.013843864,stable
3394,3394,0.99752444,0.97287,0.97420996,0.001339972,0.001339972,0.21792917,0.2440239,0.026094735,stable
2737,2737,0.99752474,0.97134,0.97116995,-0.00017005205,0.00017005205,0.22492832,0.1972605,-0.02766782,stable
4294,4294,0.99752486,0.0087399995,0.00853,-0.00020999927,0.00020999927,0.0002481178,0.00018235283,-6.576498e-05,stable
920,920,0.9975255,0.98222995,0.98989,0.0076600313,0.0076600313,0.25484622,0.24545647,-0.009389743,stable
6090,6090,0.9975264,0.98828,0.98581,-0.0024700165,0.0024700165,0.21853529,0.17074594,-0.04778935,stable
1242,1242,0.99752986,0.97321,0.97393,0.0007200241,0.0007200241,0.26023886,0.25836352,-0.0018753409,stable
3955,3955,0.9975301,0.97358,0.97497,0.0013899803,0.0013899803,0.14866537,0.16614875,0.017483383,stable
4912,4912,0.99753034,0.97214997,0.97275996,0.00060999393,0.00060999393,0.20575668,0.20064206,-0.005114615,stable
5200,5200,0.9975316,0.97352,0.97343,-9.000301e-05,9.000301e-05,0.25033835,0.24710102,-0.003237322,stable
3421,3421,0.997532,0.97207,0.98449,0.012419999,0.012419999,0.23900941,0.2218771,-0.017132312,stable
14,14,0.99753475,0.98687,0.98655,-0.00032001734,0.00032001734,0.25139406,0.22958398,-0.021810085,stable
2210,2210,0.9975366,0.96862,0.96941996,0.00079995394,0.00079995394,0.1784173,0.18063386,0.0022165626,stable
3359,3359,0.99753684,0.98042995,0.98024,-0.00018996,0.00018996,0.23254819,0.23166062,-0.00088757277,stable
2765,2765,0.99753976,0.97274,0.98889995,0.016159952,0.016159952,0.2231302,0.2087956,-0.014334589,stable
1648,1648,0.99754006,0.97059995,0.96908,-0.001519978,0.001519978,0.18822588,0.16284488,-0.025380999,stable
1318,1318,0.997541,0.97622997,0.97525996,-0.000970006,0.000970006,0.2973433,0.27174807,-0.025595248,stable
5640,5640,0.9975423,0.97388995,0.97375995,-0.00012999773,0.00012999773,0.25828305,0.24396773,-0.014315322,stable
4218,4218,0.9975426,0.9698,0.96993995,0.0001399517,0.0001399517,0.19171742,0.18598025,-0.0057371706,stable
2965,2965,0.9975427,0.016099999,0.01504,-0.0010599988,0.0010599988,0.0018149941,0.0019014709,8.647679e-05,stable
3496,3496,0.9975428,0.014529999,0.014649999,0.00011999998,0.00011999998,0.0014501045,0.0012876324,-0.00016247213,stable
2214,2214,0.99754345,0.98749,0.98804,0.00054997206,0.00054997206,0.21847086,0.22176942,0.0032985657,stable
3522,3522,0.9975449,0.98186,0.98199,0.00012999773,0.00012999773,0.24299608,0.24783272,0.004836634,stable
4153,4153,0.99754536,0.00999,0.01432,0.00433,0.00433,0.0007879933,0.0014233264,0.0006353331,stable
3414,3414,0.99754655,0.97211,0.97156996,-0.0005400181,0.0005400181,0.23017225,0.22161414,-0.008558109,stable
2469,2469,0.9975475,0.98731995,0.98595995,-0.0013599992,0.0013599992,0.21279699,0.19153464,-0.021262348,stable
4685,4685,0.99754786,0.96932,0.96876997,-0.00055003166,0.00055003166,0.17618531,0.16429387,-0.01189144,stable
5287,5287,0.99755216,0.98986,0.9885,-0.0013599992,0.0013599992,0.24365744,0.2328169,-0.010840535,stable
4346,4346,0.9975538,0.00059,0.00034,-0.00025,0.00025,1.9714551e-05,8.927701e-06,-1.078685e-05,stable
1958,1958,0.9975551,0.97436,0.97393996,-0.00042003393,0.00042003393,0.27697822,0.26353398,-0.013444245,stable
630,630,0.9975554,0.97049,0.96984,-0.00064998865,0.00064998865,0.18021484,0.16799898,-0.012215853,stable
5414,5414,0.9975563,0.97203,0.97268,0.00064998865,0.00064998865,0.20417969,0.21114546,0.0069657713,stable
4512,4512,0.9975571,0.97227997,0.97277,0.0004900098,0.0004900098,0.22905406,0.22833008,-0.0007239878,stable
5419,5419,0.99755895,0.97972995,0.98085,0.0011200309,0.0011200309,0.2631751,0.25418216,-0.00899294,stable
2163,2163,0.99755913,0.96909,0.96831,-0.0007799864,0.0007799864,0.16998011,0.15824127,-0.011738837,stable
1695,1695,0.9975604,0.97003996,0.96989995,-0.00014001131,0.00014001131,0.16647857,0.18144602,0.014967442,stable
1438,1438,0.99756086,0.97353,0.97437,0.00084000826,0.00084000826,0.2521774,0.26922575,0.017048359,stable
5636,5636,0.997561,0.97099996,0.96968997,-0.0013099909,0.0013099909,0.17056711,0.1700123,-0.00055481493,stable
2442,2442,0.99756134,0.97317,0.97352,0.00034999847,0.00034999847,0.23730351,0.22954293,-0.0077605844,stable
3610,3610,0.99756205,0.97117996,0.97112995,-5.0008297e-05,5.0008297e-05,0.19358277,0.19204046,-0.0015423149,stable
2540,2540,0.99756694,0.97225,0.98082995,0.008579969,0.008579969,0.16741769,0.18337557,0.015957877,stable
4094,4094,0.99756813,0.97046,0.97818,0.0077199936,0.0077199936,0.20212947,0.18505715,-0.01707232,stable
4811,4811,0.99756825,0.97599995,0.98169,0.005690038,0.005690038,0.16144933,0.20527929,0.043829963,stable
558,558,0.99756896,0.01773,0.01697,-0.0007600002,0.0007600002,0.0053805443,0.005020505,-0.00036003953,stable
1214,1214,0.99756944,0.96895,0.96897995,2.9981136e-05,2.9981136e-05,0.16269629,0.15262984,-0.01006645,stable
4835,4835,0.9975699,0.0154099995,0.01093,-0.0044799997,0.0044799997,0.0013498622,0.0010571326,-0.0002927296,stable
5119,5119,0.9975699,0.0123,0.0115,-0.0007999996,0.0007999996,0.0010639492,0.00066605833,-0.00039789086,stable
4741,4741,0.9975709,0.97879,0.98348,0.0046899915,0.0046899915,0.2145748,0.21036182,-0.0042129755,stable
5212,5212,0.99757206,0.97494996,0.97584,0.00089001656,0.00089001656,0.2790108,0.27003706,-0.0089737475,stable
5929,5929,0.9975726,0.97256,0.97088,-0.0016800165,0.0016800165,0.206295,0.17814536,-0.028149635,stable
2699,2699,0.9975732,0.98178995,0.98850995,0.0067200065,0.0067200065,0.23002028,0.22789001,-0.00213027,stable
4079,4079,0.9975736,0.01629,0.01582,-0.0004699994,0.0004699994,0.0013164363,0.0011217807,-0.00019465561,stable
3686,3686,0.99757445,0.96998996,0.97012997,0.00014001131,0.00014001131,0.16914874,0.16641738,-0.002731368,stable
2353,2353,0.9975766,0.97274995,0.97146,-0.0012899637,0.0012899637,0.23073019,0.21233816,-0.018392026,stable
2488,2488,0.9975774,0.97392,0.9722,-0.0017200112,0.0017200112,0.23723605,0.22271292,-0.014523134,stable
4800,4800,0.9975779,0.97129995,0.97161996,0.00032001734,0.00032001734,0.2049444,0.20266365,-0.0022807568,stable
2394,2394,0.9975796,0.97218996,0.9727,0.00051003695,0.00051003695,0.22227988,0.22207099,-0.00020888448,stable
3719,3719,0.99757963,0.97415996,0.97347,-0.00068998337,0.00068998337,0.25110507,0.23616312,-0.014941946,stable
4819,4819,0.9975811,0.97167,0.97117996,-0.0004900098,0.0004900098,0.21193954,0.19919729,-0.012742251,stable
2594,2594,0.9975819,0.97134,0.97097,-0.00037002563,0.00037002563,0.20319892,0.18738003,-0.015818894,stable
2680,2680,0.99758196,0.97314996,0.97589,0.0027400255,0.0027400255,0.22982876,0.21481723,-0.015011534,stable
707,707,0.99758315,0.96987,0.96914,-0.0007299781,0.0007299781,0.18442999,0.1819377,-0.0024922937,stable
1408,1408,0.9975858,0.0164,0.016789999,0.00038999878,0.00038999878,0.0018676888,0.002160147,0.00029245822,stable
5028,5028,0.99758637,0.97441,0.97446996,5.9962273e-05,5.9962273e-05,0.25921592,0.25011608,-0.009099841,stable
1261,1261,0.9975864,0.01604,0.008979999,-0.0070599997,0.0070599997,0.0012047705,0.00030897837,-0.00089579215,stable
5187,5187,0.9975866,0.96998,0.97002,3.9994717e-05,3.9994717e-05,0.18414761,0.17538254,-0.008765072,stable
3585,3585,0.9975871,0.97451997,0.97404,-0.0004799962,0.0004799962,0.23227832,0.22953765,-0.0027406663,stable
1878,1878,0.9975872,0.97955,0.98139,0.0018399954,0.0018399954,0.24572894,0.22593364,-0.019795299,stable
3940,3940,0.9975872,0.97303,0.97271997,-0.00031000376,0.00031000376,0.25859678,0.22694832,-0.031648457,stable
66,66,0.99758774,0.97129995,0.97204995,0.00075000525,0.00075000525,0.221904,0.2137753,-0.008128688,stable
4861,4861,0.99758935,0.97130996,0.96953,-0.0017799735,0.0017799735,0.19728209,0.16827437,-0.029007718,stable
5560,5560,0.9975895,0.0087,0.00856,-0.00014000013,0.00014000013,0.0005594812,0.00044170098,-0.00011778023,stable
882,882,0.9975897,0.97349,0.97278,-0.0007100105,0.0007100105,0.22684664,0.21226974,-0.014576897,stable
3381,3381,0.99759054,0.97181,0.97182995,1.9967556e-05,1.9967556e-05,0.23789302,0.22311677,-0.014776245,stable
2623,2623,0.9975916,0.97388995,0.97501,0.0011200309,0.0011200309,0.18353912,0.17623031,-0.007308811,stable
2091,2091,0.9975918,0.97542,0.97511995,-0.00030004978,0.00030004978,0.28590563,0.2842425,-0.0016631186,stable
787,787,0.99759465,0.97226995,0.97266996,0.00040000677,0.00040000677,0.22747585,0.23094064,0.0034647882,stable
4818,4818,0.9975951,0.97426,0.97335,-0.0009099841,0.0009099841,0.31224614,0.268556,-0.043690145,stable
1286,1286,0.99759614,0.97239995,0.97194,-0.00045996904,0.00045996904,0.23044449,0.2217975,-0.008646995,stable
1940,1940,0.9975972,0.9734,0.97235996,-0.0010400414,0.0010400414,0.24961866,0.22544964,-0.024169028,stable
1000,1000,0.997599,0.98094,0.98052996,-0.00041002035,0.00041002035,0.22992991,0.21846232,-0.011467591,stable
833,833,0.9975996,0.97318,0.97287995,-0.00030004978,0.00030004978,0.26646727,0.24930242,-0.017164856,stable
4061,4061,0.9976009,0.01594,0.01349,-0.0024499996,0.0024499996,0.0008355018,0.00057470816,-0.00026079366,stable
5085,5085,0.99760115,0.98485,0.98521,0.00036001205,0.00036001205,0.20046186,0.16742201,-0.033039853,stable
2021,2021,0.99760383,0.96976995,0.96862,-0.0011499524,0.0011499524,0.18456133,0.17262074,-0.011940584,stable
4954,4954,0.99760485,0.97069997,0.97031,-0.0003899932,0.0003899932,0.20733938,0.18574847,-0.021590903,stable
258,258,0.99760526,0.00072999997,0.00064,-8.999999e-05,8.999999e-05,2.6432966e-05,2.1188645e-05,-5.244321e-06,stable
92,92,0.9976053,0.97358996,0.97318,-0.00040996075,0.00040996075,0.24325597,0.23688827,-0.0063676983,stable
645,645,0.9976053,0.97102,0.97116,0.00014001131,0.00014001131,0.21205011,0.2099626,-0.0020875037,stable
3313,3313,0.9976069,0.98616,0.98446995,-0.0016900301,0.0016900301,0.19594388,0.17156973,-0.024374142,stable
2561,2561,0.997607,0.97273,0.97286,0.00012999773,0.00012999773,0.2426452,0.23590654,-0.0067386627,stable
2667,2667,0.9976071,0.97086,0.97056997,-0.0002900362,0.0002900362,0.2031985,0.19593917,-0.007259339,stable
3402,3402,0.9976078,0.97216,0.97236997,0.00020998716,0.00020998716,0.24032843,0.24712026,0.00679183,stable
3074,3074,0.9976088,0.97143,0.97176,0.0003299713,0.0003299713,0.23460355,0.23653546,0.0019319057,stable
572,572,0.9976128,0.97894996,0.97743,-0.001519978,0.001519978,0.18689214,0.17543963,-0.011452511,stable
3801,3801,0.9976134,0.97086996,0.97130996,0.0004400015,0.0004400015,0.20933375,0.21174991,0.0024161637,stable
4046,4046,0.9976141,0.98775,0.98761,-0.00014001131,0.00014001131,0.2440521,0.22299764,-0.021054462,stable
494,494,0.9976157,0.97831,0.97559,-0.0027199984,0.0027199984,0.21648027,0.20085151,-0.015628755,stable
5455,5455,0.9976157,0.98118997,0.98525,0.00406003,0.00406003,0.16423199,0.17905882,0.014826834,stable
2941,2941,0.9976171,0.97305,0.97214997,-0.00090003014,0.00090003014,0.23626292,0.2117116,-0.024551317,stable
3358,3358,0.99762166,0.97108,0.97103995,-4.005432e-05,4.005432e-05,0.22522882,0.21029104,-0.014937773,stable
4349,4349,0.99762255,0.97230995,0.97892,0.006610036,0.006610036,0.21856427,0.2126993,-0.005864978,stable
2916,2916,0.99762404,0.00856,0.00993,0.0013699997,0.0013699997,0.00032075882,0.0010302463,0.0007094875,stable
3698,3698,0.9976264,0.00821,0.00854,0.00033000018,0.00033000018,0.00016216158,0.0004227629,0.00026060134,stable
4718,4718,0.99762815,0.98658997,0.98714995,0.00055998564,0.00055998564,0.19497125,0.1882273,-0.0067439526,stable
2743,2743,0.997629,0.97617996,0.97981,0.003630042,0.003630042,0.21108969,0.19575386,-0.015335828,stable
3244,3244,0.99763066,0.98295,0.98121995,-0.0017300248,0.0017300248,0.23597558,0.23959109,0.0036155134,stable
3898,3898,0.99763143,0.97233,0.98051995,0.008189976,0.008189976,0.23251484,0.22801651,-0.0044983327,stable
4887,4887,0.99763167,0.9805,0.9801,-0.00040000677,0.00040000677,0.246568,0.22574277,-0.020825222,stable
384,384,0.9976318,0.97161996,0.97113997,-0.0004799962,0.0004799962,0.22126472,0.19953492,-0.021729797,stable
2048,2048,0.9976318,0.97345996,0.97125995,-0.0022000074,0.0022000074,0.23095083,0.20322089,-0.027729943,stable
1419,1419,0.9976324,0.98960996,0.9751,-0.014509976,0.014509976,0.2690299,0.26788858,-0.0011413097,stable
6086,6086,0.9976331,0.96809995,0.97687,0.008770049,0.008770049,0.15818942,0.1718698,0.013680384,stable
346,346,0.99763393,0.97191995,0.97187996,-3.9994717e-05,3.9994717e-05,0.21397382,0.21260554,-0.0013682842,stable
4086,4086,0.99763393,0.97046,0.97129995,0.00083994865,0.00083994865,0.18512519,0.19400124,0.0088760555,stable
5203,5203,0.9976342,0.97168,0.97156,-0.00011998415,0.00011998415,0.21409549,0.2013731,-0.012722388,stable
58,58,0.9976368,0.9702,0.97007,-0.00012999773,0.00012999773,0.20790637,0.20698756,-0.0009188056,stable
3498,3498,0.9976376,0.98792,0.98728997,-0.0006300211,0.0006300211,0.20834261,0.19801386,-0.010328755,stable
4563,4563,0.9976382,0.97275996,0.9723,-0.00045996904,0.00045996904,0.24623078,0.22675268,-0.019478098,stable
1015,1015,0.99763834,0.97099,0.97056997,-0.00042003393,0.00042003393,0.19587064,0.19533661,-0.0005340278,stable
2363,2363,0.9976399,0.97331,0.97125995,-0.0020500422,0.0020500422,0.21800426,0.17916077,-0.038843483,stable
5368,5368,0.9976404,0.97094,0.96990997,-0.0010300279,0.0010300279,0.2068577,0.17916848,-0.027689219,stable
1078,1078,0.99764264,0.008789999,0.00083,-0.007959999,0.007959999,0.00040733343,3.163959e-05,-0.00037569384,stable
1187,1187,0.9976446,0.97172,0.97277,0.0010499954,0.0010499954,0.19722703,0.21375254,0.016525507,stable
2352,2352,0.9976448,0.97608,0.98613,0.010049999,0.010049999,0.2098547,0.1899603,-0.019894406,stable
587,587,0.99764526,0.97815996,0.98789996,0.009739995,0.009739995,0.17911665,0.19806463,0.018947974,stable
5853,5853,0.9976456,0.97205997,0.97248,0.00042003393,0.00042003393,0.21865581,0.20717673,-0.01147908,stable
1309,1309,0.9976461,0.97112,0.98043996,0.009319961,0.009319961,0.24914679,0.24401382,-0.005132973,stable
3672,3672,0.99764746,0.97862995,0.97862995,0.0,0.0,0.18072695,0.18479362,0.004066676,stable
4245,4245,0.99764955,0.9736,0.97142,-0.0021799803,0.0021799803,0.1414491,0.11603114,-0.025417954,stable
4365,4365,0.9976512,0.98070997,0.98072,1.001358e-05,1.001358e-05,0.23078905,0.21246547,-0.018323585,stable
4678,4678,0.99765205,0.97628,0.97248,-0.003799975,0.003799975,0.22422501,0.23070343,0.006478414,stable
157,157,0.9976529,0.97340995,0.97361,0.00020003319,0.00020003319,0.24904667,0.2503685,0.0013218373,stable
3009,3009,0.9976536,0.97582996,0.98026997,0.0044400096,0.0044400096,0.2693512,0.25767362,-0.011677593,stable
1442,1442,0.9976546,0.97284997,0.97257996,-0.00027000904,0.00027000904,0.25806102,0.24470362,-0.013357401,stable
5043,5043,0.9976547,0.97347,0.97248,-0.0009899735,0.0009899735,0.24784483,0.23761734,-0.0102274865,stable
4494,4494,0.99765474,0.97299,0.97301996,2.9981136e-05,2.9981136e-05,0.23713197,0.21913151,-0.018000454,stable
2854,2854,0.9976559,0.97049,0.97032,-0.00016999245,0.00016999245,0.18944089,0.1959961,0.0065552145,stable
2119,2119,0.9976567,0.97011995,0.97006,-5.9962273e-05,5.9962273e-05,0.19516139,0.18461302,-0.010548368,stable
1274,1274,0.99765706,0.97209996,0.97137,-0.0007299781,0.0007299781,0.22989625,0.21678956,-0.013106689,stable
3621,3621,0.99765813,0.97033995,0.97133,0.0009900331,0.0009900331,0.18955895,0.20106429,0.011505336,stable
4524,4524,0.99765944,0.97116995,0.97064,-0.0005299449,0.0005299449,0.21339269,0.20476581,-0.008626878,stable
2960,2960,0.99765956,0.98305,0.98477,0.0017200112,0.0017200112,0.27911192,0.25933585,-0.019776076,stable
5219,5219,0.9976608,0.97704995,0.97846997,0.001420021,0.001420021,0.17421187,0.17985117,0.0056392998,stable
2910,2910,0.9976611,0.97073996,0.97108996,0.00034999847,0.00034999847,0.1913965,0.18881607,-0.002580434,stable
5518,5518,0.9976614,0.016889999,0.0165,-0.00038999878,0.00038999878,0.0018030968,0.0012401233,-0.00056297355,stable
1108,1108,0.9976629,0.986,0.98626995,0.00026994944,0.00026994944,0.19580191,0.18640862,-0.00939329,stable
4906,4906,0.9976634,0.97204,0.97169995,-0.0003400445,0.0003400445,0.21624242,0.21075043,-0.005491987,stable
3346,3346,0.9976638,0.98014,0.98174,0.0016000271,0.0016000271,0.23558812,0.23243596,-0.0031521618,stable
5660,5660,0.9976641,0.97564995,0.98172,0.006070018,0.006070018,0.1582116,0.17300361,0.01479201,stable
2232,2232,0.99766433,0.00695,0.01505,0.008099999,0.008099999,8.668062e-05,0.0004728552,0.0003861746,stable
3452,3452,0.99766433,0.96959996,0.96887,-0.0007299781,0.0007299781,0.16396596,0.15057306,-0.013392895,stable
5446,5446,0.9976649,0.97459996,0.97432995,-0.00027000904,0.00027000904,0.26139757,0.24413812,-0.017259449,stable
4955,4955,0.99766684,0.00068999996,0.00078,9.0000045e-05,9.0000045e-05,2.2109221e-05,1.9981793e-05,-2.1274282e-06,stable
1927,1927,0.9976686,0.97258997,0.97328997,0.00069999695,0.00069999695,0.21359338,0.21958742,0.005994037,stable
5745,5745,0.99767023,0.98892,0.98936,0.0004400015,0.0004400015,0.23793507,0.2372864,-0.00064866245,stable
2133,2133,0.9976703,0.97856,0.97928,0.0007200241,0.0007200241,0.21152708,0.21575171,0.004224628,stable
4191,4191,0.99767053,0.97213,0.97185,-0.00028002262,0.00028002262,0.21080358,0.20385925,-0.0069443285,stable
5317,5317,0.9976741,0.98775995,0.98960996,0.001850009,0.001850009,0.22535242,0.22601265,0.00066022575,stable
6126,6126,0.99767476,0.97098,0.97093,-5.0008297e-05,5.0008297e-05,0.19039156,0.17638305,-0.014008507,stable
3912,3912,0.9976751,0.9905,0.99131995,0.0008199811,0.0008199811,0.2628688,0.25843254,-0.0044362545,stable
426,426,0.9976755,0.98064,0.9809,0.00025999546,0.00025999546,0.21304578,0.2123614,-0.00068438053,stable
1547,1547,0.9976763,0.97383,0.97379,-3.9994717e-05,3.9994717e-05,0.26388207,0.25436914,-0.009512931,stable
3932,3932,0.9976774,0.97423,0.97383,-0.00040000677,0.00040000677,0.26910362,0.25985605,-0.009247571,stable
5432,5432,0.99767935,0.97119,0.97199,0.00080001354,0.00080001354,0.18746307,0.19278228,0.005319208,stable
5400,5400,0.9976805,0.97221,0.97212,-9.000301e-05,9.000301e-05,0.21483202,0.20315875,-0.011673272,stable
3400,3400,0.9976816,0.98844,0.98862,0.00018000603,0.00018000603,0.22938979,0.22660035,-0.0027894378,stable
5177,5177,0.99768233,0.98135,0.98907,0.0077199936,0.0077199936,0.28193375,0.2888998,0.0069660544,stable
5547,5547,0.99768275,0.00062999997,0.0012599999,0.00062999997,0.00062999997,1.9448851e-05,1.8865576e-05,-5.832753e-07,stable
2702,2702,0.9976829,0.97489995,0.97459,-0.00030994415,0.00030994415,0.29918438,0.2810528,-0.018131584,stable
6044,6044,0.99768364,0.00113,0.0063699996,0.00524,0.00524,4.9022427e-05,8.122259e-05,3.2200165e-05,stable
162,162,0.99768484,0.97102,0.98184997,0.010829985,0.010829985,0.19940707,0.19631693,-0.0030901432,stable
1907,1907,0.99768543,0.97336996,0.97371,0.0003400445,0.0003400445,0.23532793,0.2235843,-0.011743635,stable
4009,4009,0.9976855,0.00111,0.01616,0.0150500005,0.0150500005,3.5303165e-05,0.0019666487,0.0019313456,stable
6036,6036,0.9976857,0.97382,0.97268,-0.0011399984,0.0011399984,0.25060287,0.23046643,-0.020136446,stable
980,980,0.99768615,0.97182,0.97178,-3.9994717e-05,3.9994717e-05,0.21551467,0.21302593,-0.0024887472,stable
1133,1133,0.99768656,0.97107,0.97095996,-0.000110030174,0.000110030174,0.20123251,0.1905314,-0.010701105,stable
4979,4979,0.99768674,0.97401,0.97402,1.001358e-05,1.001358e-05,0.2639585,0.2656811,0.0017225742,stable
3730,3730,0.9976879,0.98972,0.99012,0.00040000677,0.00040000677,0.2928544,0.26941332,-0.023441076,stable
1311,1311,0.9976883,0.97426,0.97549,0.0012300014,0.0012300014,0.19829173,0.20176394,0.003472209,stable
2593,2593,0.9976901,0.98832995,0.9835,-0.004829943,0.004829943,0.24804404,0.21804948,-0.029994562,stable
1245,1245,0.9976903,0.97218996,0.97211,-7.998943e-05,7.998943e-05,0.20776518,0.20184961,-0.0059155673,stable
3517,3517,0.9976907,0.01692,0.0174,0.00047999993,0.00047999993,0.002504128,0.002182062,-0.00032206601,stable
3996,3996,0.9976912,0.97244,0.97264,0.00019997358,0.00019997358,0.23479652,0.2266532,-0.008143321,stable
2923,2923,0.9976913,0.97777,0.97852,0.00075000525,0.00075000525,0.20938933,0.20921609,-0.0001732409,stable
3184,3184,0.99769163,0.01767,0.01721,-0.0004600007,0.0004600007,0.0048780586,0.004077845,-0.0008002138,stable
988,988,0.9976926,0.97217995,0.97189,-0.0002899766,0.0002899766,0.22565961,0.20627263,-0.019386977,stable
732,732,0.9976928,0.97371,0.97281,-0.00090003014,0.00090003014,0.21998097,0.21604359,-0.0039373785,stable
2323,2323,0.99769443,0.97205997,0.97552997,0.0034700036,0.0034700036,0.23739062,0.21473359,-0.022657037,stable
1418,1418,0.9976945,0.97032,0.97113997,0.0008199811,0.0008199811,0.19616623,0.20381905,0.007652819,stable
4875,4875,0.99769485,0.97209996,0.97199,-0.00010997057,0.00010997057,0.22381401,0.21234314,-0.011470869,stable
5484,5484,0.9976969,0.015829999,0.00673,-0.009099999,0.009099999,0.0010251298,6.581244e-05,-0.0009593174,stable
4515,4515,0.9976988,0.97161996,0.97221,0.0005900264,0.0005900264,0.23858637,0.23534882,-0.0032375455,stable
2413,2413,0.99769926,0.0093,0.00882,-0.00047999993,0.00047999993,0.0005287133,0.00038795886,-0.00014075442,stable
3428,3428,0.99769974,0.96888995,0.96857995,-0.00031000376,0.00031000376,0.16403547,0.15833189,-0.0057035834,stable
4158,4158,0.99770015,0.00857,0.00871,0.00014000013,0.00014000013,0.0004259262,0.0005366405,0.00011071432,stable
4998,4998,0.9977025,0.97051996,0.97672,0.0062000155,0.0062000155,0.18862796,0.18206948,-0.006558478,stable
2399,2399,0.9977027,0.98016995,0.97212,-0.008049965,0.008049965,0.23792915,0.22265248,-0.01527667,stable
4113,4113,0.9977029,0.01042,0.010009999,-0.0004100008,0.0004100008,0.00040265694,0.0005020413,9.938437e-05,stable
1782,1782,0.99770373,0.97297996,0.97204,-0.00093996525,0.00093996525,0.2387999,0.199795,-0.039004907,stable
760,760,0.9977043,0.01143,0.01681,0.00538,0.00538,0.0013610042,0.0025519072,0.001190903,stable
5425,5425,0.99770445,0.97156996,0.97121,-0.00035995245,0.00035995245,0.19400355,0.19395128,-5.2273273e-05,stable
4368,4368,0.99770486,0.96958995,0.97076,0.0011700392,0.0011700392,0.20355819,0.20334321,-0.00021497905,stable
455,455,0.9977051,0.97358996,0.97318995,-0.00040000677,0.00040000677,0.24080366,0.2248064,-0.01599726,stable
4338,4338,0.99770784,0.97341996,0.97117996,-0.0022400022,0.0022400022,0.22121617,0.18686445,-0.03435172,stable
4531,4531,0.99770844,0.97246,0.97310996,0.00064998865,0.00064998865,0.25243723,0.2551111,0.0026738644,stable
545,545,0.99770856,0.97314,0.97261995,-0.0005200505,0.0005200505,0.20033228,0.19210589,-0.008226395,stable
2067,2067,0.9977093,0.00876,0.00094,-0.00782,0.00782,0.0004384405,3.336781e-05,-0.0004050727,stable
1501,1501,0.9977094,0.97064,0.97145,0.0008099675,0.0008099675,0.21478121,0.22725244,0.012471229,stable
4328,4328,0.99771327,0.98639,0.97055,-0.015839994,0.015839994,0.22147635,0.18434528,-0.03713107,stable
1067,1067,0.9977134,0.97086996,0.97151995,0.00064998865,0.00064998865,0.19828644,0.19885804,0.00057159364,stable
2286,2286,0.99771446,0.97227997,0.97098,-0.0012999773,0.0012999773,0.23015277,0.2161611,-0.013991669,stable
3035,3035,0.9977147,0.97141,0.96993995,-0.0014700294,0.0014700294,0.21382886,0.19920292,-0.014625937,stable
3363,3363,0.997715,0.97229,0.97261,0.00032001734,0.00032001734,0.21259929,0.21276039,0.00016109645,stable
2165,2165,0.99771905,0.97129995,0.9712,-9.995699e-05,9.995699e-05,0.18620011,0.18989316,0.0036930442,stable
1064,1064,0.99772143,0.97177,0.97200996,0.0002399683,0.0002399683,0.22468987,0.22384398,-0.0008458942,stable
4424,4424,0.9977219,0.97349,0.9737,0.00020998716,0.00020998716,0.24633516,0.2395388,-0.00679636,stable
1269,1269,0.9977223,0.97016996,0.96949,-0.0006799698,0.0006799698,0.20526382,0.18744488,-0.017818943,stable
2725,2725,0.99772394,0.97208995,0.97191,-0.00017994642,0.00017994642,0.22151814,0.22389816,0.0023800135,stable
3013,3013,0.9977257,0.97117996,0.97169995,0.0005199909,0.0005199909,0.21932083,0.21793498,-0.0013858527,stable
411,411,0.99772656,0.97309995,0.97239995,-0.00069999695,0.00069999695,0.2130985,0.2138906,0.000792101,stable
2942,2942,0.9977318,0.97348,0.97321,-0.00027000904,0.00027000904,0.22979903,0.2269161,-0.0028829277,stable
4549,4549,0.99773425,0.97309,0.9716,-0.0014899969,0.0014899969,0.23831595,0.21259077,-0.025725186,stable
4595,4595,0.99773633,0.96853,0.96958,0.0010499954,0.0010499954,0.17004327,0.18012369,0.010080412,stable
541,541,0.9977399,0.98059,0.97949,-0.0011000037,0.0011000037,0.20834911,0.19354211,-0.014807001,stable
6080,6080,0.9977422,0.00955,0.00113,-0.00842,0.00842,0.00018411338,3.652709e-05,-0.00014758628,stable
4034,4034,0.9977423,0.00077,0.00059,-0.00017999997,0.00017999997,2.4381374e-05,1.4989153e-05,-9.392221e-06,stable
1532,1532,0.99774337,0.97304,0.97308,3.9994717e-05,3.9994717e-05,0.22239132,0.21939714,-0.0029941797,stable
3339,3339,0.9977437,0.97994995,0.97867996,-0.0012699962,0.0012699962,0.20596312,0.21402343,0.008060306,stable
254,254,0.997744,0.97058,0.9712,0.0006200075,0.0006200075,0.19872406,0.19866566,-5.839765e-05,stable
2881,2881,0.9977447,0.97137,0.97076,-0.00060999393,0.00060999393,0.20164308,0.18443662,-0.01720646,stable
420,420,0.9977453,0.00857,0.0155299995,0.00696,0.00696,0.0006168453,0.0014425003,0.00082565495,stable
2613,2613,0.9977471,0.97301996,0.97374,0.0007200241,0.0007200241,0.2271885,0.232045,0.004856497,stable
5659,5659,0.9977472,0.97191995,0.97222,0.00030004978,0.00030004978,0.21195398,0.2122937,0.00033971667,stable
5092,5092,0.9977484,0.97125,0.97503996,0.0037899613,0.0037899613,0.20434643,0.20132211,-0.0030243248,stable
3132,3132,0.9977498,0.97200996,0.97165,-0.00035995245,0.00035995245,0.20909287,0.19681118,-0.012281686,stable
78,78,0.997751,0.00064,0.00075,0.00011000002,0.00011000002,2.2855767e-05,2.1734257e-05,-1.1215106e-06,stable
419,419,0.9977517,0.98039997,0.98699,0.0065900087,0.0065900087,0.19795376,0.18499784,-0.012955919,stable
5454,5454,0.9977535,0.97194,0.97156,-0.0003799796,0.0003799796,0.20893437,0.20393364,-0.0050007254,stable
3681,3681,0.9977577,0.97415996,0.97394997,-0.00020998716,0.00020998716,0.2527678,0.25056338,-0.0022044182,stable
4028,4028,0.99775785,0.97124,0.97072,-0.0005199909,0.0005199909,0.2003173,0.19491707,-0.0054002255,stable
846,846,0.99775803,0.00868,0.00846,-0.00021999981,0.00021999981,0.0013440689,0.001456864,0.00011279504,stable
2333,2333,0.99775803,0.98814,0.98844,0.00029999018,0.00029999018,0.23489471,0.21699628,-0.017898425,stable
4364,4364,0.9977581,0.01376,0.014029999,0.00026999973,0.00026999973,0.0007423747,0.0010051051,0.0002627304,stable
3144,3144,0.9977589,0.96942997,0.96928,-0.00014996529,0.00014996529,0.19505104,0.19405785,-0.0009931922,stable
1292,1292,0.9977595,0.98819995,0.98802996,-0.00016999245,0.00016999245,0.21099156,0.20317525,-0.007816315,stable
574,574,0.99775964,0.97270995,0.97179997,-0.0009099841,0.0009099841,0.26094696,0.22666687,-0.03428009,stable
5194,5194,0.9977597,0.0119199995,0.00216,-0.00976,0.00976,0.000114434755,4.2993768e-05,-7.144098e-05,stable
6076,6076,0.99776095,0.00093,0.00072999997,-0.00020000001,0.00020000001,3.0905238e-05,2.6334032e-05,-4.571206e-06,stable
3319,3319,0.9977611,0.01785,0.01695,-0.00090000033,0.00090000033,0.0023222363,0.0023148975,-7.338822e-06,stable
3420,3420,0.9977622,0.97281,0.97151995,-0.0012900233,0.0012900233,0.22678238,0.20354025,-0.02324213,stable
1271,1271,0.9977623,0.01046,0.01253,0.0020700004,0.0020700004,0.000828479,0.0009245318,9.605277e-05,stable
4725,4725,0.9977629,0.0097199995,0.0004,-0.009319999,0.009319999,0.00047591078,1.3281855e-05,-0.00046262893,stable
3951,3951,0.9977634,0.97327995,0.97186,-0.0014199615,0.0014199615,0.23610976,0.2038614,-0.032248363,stable
5477,5477,0.9977641,0.97024,0.97107,0.0008299947,0.0008299947,0.1957612,0.2021248,0.0063636005,stable
4649,4649,0.9977647,0.96761,0.96831995,0.0007099509,0.0007099509,0.16477332,0.1679291,0.0031557828,stable
4283,4283,0.99776506,0.98813,0.98835,0.00022000074,0.00022000074,0.24024828,0.23292933,-0.0073189437,stable
4756,4756,0.9977651,0.97775996,0.98415995,0.006399989,0.006399989,0.19148055,0.16040199,-0.031078562,stable
4264,4264,0.9977653,0.98038,0.9802,-0.00018000603,0.00018000603,0.24467695,0.23518242,-0.009494528,stable
270,270,0.99776566,0.0019699999,0.00737,0.0054,0.0054,5.2193354e-05,9.412704e-05,4.1933687e-05,stable
2054,2054,0.99776566,0.9755,0.97933996,0.0038399696,0.0038399696,0.16380106,0.19626147,0.032460406,stable
5663,5663,0.99776614,0.98103,0.98115,0.00011998415,0.00011998415,0.22926584,0.22075458,-0.00851126,stable
2738,2738,0.9977662,0.9729,0.97314996,0.00024998188,0.00024998188,0.250772,0.24391367,-0.006858334,stable
3243,3243,0.99776685,0.01545,0.0146699995,-0.00078000035,0.00078000035,0.0008796332,0.0010746573,0.00019502413,stable
1502,1502,0.997767,0.97011,0.96832997,-0.0017800331,0.0017800331,0.19324034,0.16593438,-0.02730596,stable
120,120,0.9977672,0.97172,0.97942996,0.00770998,0.00770998,0.22207427,0.2098355,-0.012238771,stable
353,353,0.99776804,0.97402,0.98019,0.006169975,0.006169975,0.22989313,0.22977443,-0.00011870265,stable
410,410,0.9977695,0.96761,0.96968997,0.0020799637,0.0020799637,0.1444359,0.16416545,0.019729555,stable
1300,1300,0.9977695,0.97125,0.97068995,-0.00056004524,0.00056004524,0.2103579,0.20688312,-0.0034747869,stable
5962,5962,0.9977695,0.98140997,0.98951995,0.008109987,0.008109987,0.21512705,0.22864778,0.0135207325,stable
2035,2035,0.9977696,0.97795,0.97914,0.0011900067,0.0011900067,0.192773,0.19272953,-4.3466687e-05,stable
5345,5345,0.99777174,0.97116995,0.97138,0.00021004677,0.00021004677,0.19255917,0.18986386,-0.0026953071,stable
4062,4062,0.99777204,0.98701,0.98788995,0.00087994337,0.00087994337,0.21668495,0.21607742,-0.00060753524,stable
5846,5846,0.99777293,0.96875995,0.96743995,-0.0013200045,0.0013200045,0.15443636,0.160603,0.006166637,stable
3742,3742,0.99777365,0.00883,0.01327,0.0044400003,0.0044400003,0.00079160056,0.0012929911,0.00050139055,stable
2528,2528,0.9977753,0.97703,0.98586,0.008830011,0.008830011,0.18690515,0.18548559,-0.0014195591,stable
768,768,0.99777746,0.97628,0.97218996,-0.004090011,0.004090011,0.24395202,0.2309321,-0.013019919,stable
2446,2446,0.99778074,0.97134,0.97007996,-0.0012600422,0.0012600422,0.20950085,0.18669632,-0.022804528,stable
1439,1439,0.9977828,0.97498,0.97783995,0.00285995,0.00285995,0.19302692,0.17894842,-0.014078498,stable
5865,5865,0.9977835,0.00074,0.0010299999,0.00028999994,0.00028999994,2.6987494e-05,3.106114e-05,4.073645e-06,stable
3691,3691,0.99778366,0.97129,0.97134,5.0008297e-05,5.0008297e-05,0.21404086,0.21081364,-0.003227219,stable
4948,4948,0.9977857,0.97388995,0.97356,-0.0003299713,0.0003299713,0.2351655,0.23731105,0.0021455437,stable
3989,3989,0.9977864,0.96968997,0.97064,0.00095003843,0.00095003843,0.17722589,0.17212307,-0.0051028132,stable
2968,2968,0.99778664,0.97318995,0.97244996,-0.00073999166,0.00073999166,0.2513489,0.24020796,-0.0111409575,stable
3683,3683,0.9977879,0.0134,0.01157,-0.0018299995,0.0018299995,0.0006176706,0.00075878075,0.00014111015,stable
3986,3986,0.997788,0.97397,0.97336996,-0.00060003996,0.00060003996,0.24638592,0.23179036,-0.014595553,stable
3810,3810,0.99778855,0.9892,0.98879,-0.00041002035,0.00041002035,0.28643256,0.2753739,-0.011058658,stable
4824,4824,0.9977889,0.97345,0.97393,0.0004799962,0.0004799962,0.25466317,0.24372232,-0.01094085,stable
4732,4732,0.99778986,0.97296,0.97037,-0.0025900006,0.0025900006,0.24044421,0.1944628,-0.045981407,stable
2145,2145,0.9977904,0.97165996,0.97165996,0.0,0.0,0.20495835,0.19869187,-0.0062664747,stable
830,830,0.99779075,0.97147995,0.97251,0.0010300279,0.0010300279,0.1982323,0.20168765,0.0034553558,stable
2003,2003,0.99779177,0.97243,0.97111,-0.0013200045,0.0013200045,0.23133212,0.20149022,-0.0298419,stable
4055,4055,0.9977927,0.0011,0.014959999,0.013859999,0.013859999,3.740022e-05,0.0008415295,0.0008041293,stable
3660,3660,0.99779534,0.00967,0.01066,0.0009900006,0.0009900006,0.00040211913,0.00048220923,8.00901e-05,stable
4613,4613,0.9977968,0.97537,0.97472,-0.00064998865,0.00064998865,0.20602195,0.19201171,-0.014010236,stable
5503,5503,0.99779683,0.98102,0.98257,0.0015500188,0.0015500188,0.26274535,0.2732264,0.01048106,stable
782,782,0.9977971,0.98109996,0.98124,0.00014001131,0.00014001131,0.25917488,0.24086355,-0.018311337,stable
798,798,0.99779713,0.97407997,0.97406,-1.9967556e-05,1.9967556e-05,0.28035262,0.27152428,-0.008828342,stable
4520,4520,0.9977977,0.97502,0.97756,0.0025399923,0.0025399923,0.21050136,0.20915954,-0.0013418198,stable
1787,1787,0.9977979,0.97367996,0.97327995,-0.00040000677,0.00040000677,0.29682833,0.27196074,-0.024867594,stable
5234,5234,0.9977985,0.9737,0.97327995,-0.00042003393,0.00042003393,0.23672752,0.22949491,-0.0072326064,stable
784,784,0.99779963,0.97282,0.97248995,-0.00033003092,0.00033003092,0.22400305,0.22529316,0.0012901127,stable
6136,6136,0.9978014,0.97411996,0.9733,-0.0008199811,0.0008199811,0.2530158,0.24487318,-0.008142605,stable
689,689,0.9978021,0.97208995,0.97674,0.0046500564,0.0046500564,0.20855682,0.2128542,0.0042973906,stable
4815,4815,0.99780256,0.98928,0.98996997,0.00068998337,0.00068998337,0.2384648,0.24212986,0.0036650598,stable
4743,4743,0.9978026,0.97141,0.97145,3.9994717e-05,3.9994717e-05,0.200672,0.19999932,-0.0006726831,stable
4829,4829,0.9978026,0.0012299999,0.0091699995,0.00794,0.00794,4.24404e-05,0.00053781114,0.0004953707,stable
4235,4235,0.99780387,0.96945,0.98104995,0.011599958,0.011599958,0.17334832,0.17159314,-0.001755178,stable
4556,4556,0.99780434,0.97602,0.97773,0.0017099977,0.0017099977,0.17982683,0.18104161,0.0012147874,stable
3031,3031,0.9978046,0.98015,0.98652,0.006370008,0.006370008,0.2034364,0.18775699,-0.015679419,stable
648,648,0.997805,0.97846997,0.97849,2.002716e-05,2.002716e-05,0.19284488,0.18811066,-0.004734218,stable
3068,3068,0.997805,0.97002,0.97498995,0.0049699545,0.0049699545,0.16972429,0.16773707,-0.0019872189,stable
3213,3213,0.9978065,0.97778,0.98125,0.0034700036,0.0034700036,0.24508019,0.23979849,-0.0052817017,stable
6001,6001,0.9978069,0.97681,0.97788,0.0010700226,0.0010700226,0.16747285,0.16452196,-0.0029508919,stable
5807,5807,0.9978082,0.97069997,0.97252,0.0018200278,0.0018200278,0.19844498,0.20655456,0.008109584,stable
1583,1583,0.9978085,0.00099,0.013169999,0.01218,0.01218,2.6907052e-05,0.0011178784,0.0010909713,stable
2305,2305,0.9978088,0.00196,0.00217,0.00020999997,0.00020999997,7.2723065e-05,5.6935743e-05,-1.5787322e-05,stable
3063,3063,0.99780893,0.97691995,0.97554,-0.0013799667,0.0013799667,0.18481132,0.14183736,-0.042973965,stable
3941,3941,0.99781144,0.98304,0.98271996,-0.00032001734,0.00032001734,0.22309937,0.2419449,0.018845528,stable
3969,3969,0.9978125,0.97130996,0.97129995,-1.001358e-05,1.001358e-05,0.21245542,0.2120157,-0.00043971837,stable
5891,5891,0.99781275,0.97382,0.97358996,-0.00023001432,0.00023001432,0.27694473,0.25693843,-0.020006299,stable
5742,5742,0.9978143,0.97393,0.97286,-0.0010700226,0.0010700226,0.26253477,0.24681829,-0.015716478,stable
4738,4738,0.99781513,0.00091,0.00078,-0.00013,0.00013,3.2320484e-05,2.9161454e-05,-3.1590298e-06,stable
2041,2041,0.99781597,0.98662996,0.98726,0.0006300211,0.0006300211,0.20149249,0.20280857,0.0013160855,stable
315,315,0.9978231,0.018269999,0.0175,-0.0007699989,0.0007699989,0.00924749,0.008850167,-0.00039732363,stable
1848,1848,0.9978237,0.97393,0.97367996,-0.00025004148,0.00025004148,0.26511183,0.25721258,-0.007899255,stable
5150,5150,0.9978248,0.00931,0.0087399995,-0.00057000015,0.00057000015,0.00036152793,0.0002758421,-8.568584e-05,stable
5022,5022,0.99782544,0.97787,0.98823,0.0103600025,0.0103600025,0.2453318,0.23486567,-0.010466129,stable
2950,2950,0.99782586,0.0148599995,0.01242,-0.00244,0.00244,0.00084077666,0.0006920474,-0.00014872925,stable
642,642,0.99782634,0.97099996,0.97046,-0.0005399585,0.0005399585,0.20659523,0.19863081,-0.007964417,stable
4456,4456,0.9978268,0.97037995,0.9662,-0.0041799545,0.0041799545,0.18400933,0.14150126,-0.042508066,stable
1248,1248,0.99782693,0.97211,0.972,-0.00010997057,0.00010997057,0.23220973,0.21845439,-0.013755336,stable
2452,2452,0.99782765,0.97251,0.97152996,-0.0009800196,0.0009800196,0.21640307,0.1993931,-0.017009974,stable
1910,1910,0.99783033,0.97287995,0.97222996,-0.00064998865,0.00064998865,0.22190323,0.21148472,-0.010418519,stable
5139,5139,0.99783194,0.01647,0.01127,-0.0052000005,0.0052000005,0.0015864343,0.00063955126,-0.00094688305,stable
5096,5096,0.9978329,0.97532,0.97472996,-0.0005900264,0.0005900264,0.3020201,0.29694816,-0.005071938,stable
1658,1658,0.9978342,0.97769,0.97819,0.00050002337,0.00050002337,0.18614586,0.18947092,0.00332506,stable
5741,5741,0.9978346,0.98959,0.98864996,-0.00094002485,0.00094002485,0.24966045,0.23231527,-0.017345175,stable
1626,1626,0.997836,0.97994995,0.98047,0.0005200505,0.0005200505,0.24706669,0.24182194,-0.005244747,stable
3119,3119,0.9978365,0.97326,0.97344,0.00018000603,0.00018000603,0.24004745,0.23850317,-0.0015442818,stable
3772,3772,0.99783665,0.97106,0.97133,0.00027000904,0.00027000904,0.20547968,0.20194302,-0.0035366565,stable
5115,5115,0.99783695,0.97015995,0.97208995,0.0019299984,0.0019299984,0.20074448,0.20991124,0.009166762,stable
4801,4801,0.99783766,0.97141,0.97072,-0.00068998337,0.00068998337,0.22168072,0.20653866,-0.015142053,stable
2180,2180,0.997838,0.97392,0.9744,0.0004799962,0.0004799962,0.28023347,0.26997307,-0.010260403,stable
4372,4372,0.99783856,0.97388995,0.97380996,-7.998943e-05,7.998943e-05,0.2612566,0.25282884,-0.008427769,stable
5427,5427,0.9978387,0.98297,0.98288,-9.000301e-05,9.000301e-05,0.23033871,0.2232025,-0.007136211,stable
2325,2325,0.9978409,0.97349,0.97343,-6.0021877e-05,6.0021877e-05,0.28673908,0.28760257,0.0008634925,stable
2571,2571,0.9978415,0.97383,0.97305995,-0.0007700324,0.0007700324,0.26113132,0.25914785,-0.0019834638,stable
4614,4614,0.9978416,0.97336996,0.97310996,-0.00025999546,0.00025999546,0.25574315,0.25796023,0.0022170842,stable
3046,3046,0.99784166,0.98047996,0.98175997,0.0012800097,0.0012800097,0.22786269,0.23220967,0.0043469816,stable
2935,2935,0.9978423,0.97325,0.97955996,0.006309986,0.006309986,0.18806085,0.18378818,-0.0042726696,stable
5698,5698,0.9978423,0.97261,0.97278,0.00016999245,0.00016999245,0.23295428,0.23827697,0.005322695,stable
1795,1795,0.9978439,0.97160995,0.97244,0.0008300543,0.0008300543,0.22988795,0.2306749,0.0007869452,stable
5980,5980,0.99784636,0.97213995,0.97194,-0.00019997358,0.00019997358,0.21092066,0.2062394,-0.0046812594,stable
3833,3833,0.9978472,0.97279,0.9722,-0.0005900264,0.0005900264,0.21718471,0.20646101,-0.010723695,stable
4423,4423,0.9978481,0.9823,0.99008995,0.0077899694,0.0077899694,0.25016773,0.2406757,-0.009492025,stable
4121,4121,0.9978498,0.017579999,0.01721,-0.00036999956,0.00036999956,0.00321327,0.0037598314,0.0005465613,stable
1295,1295,0.99785006,0.97688997,0.97757,0.0006800294,0.0006800294,0.1635399,0.17219089,0.008650988,stable
2283,2283,0.99785113,0.0168,0.016579999,-0.00022000074,0.00022000074,0.0010446141,0.00082764815,-0.00021696597,stable
4599,4599,0.9978513,0.97145,0.97142,-2.9981136e-05,2.9981136e-05,0.20830429,0.20267625,-0.0056280345,stable
4917,4917,0.9978515,0.97313,0.97258997,-0.0005400181,0.0005400181,0.26097488,0.240949,-0.02002588,stable
386,386,0.99785244,0.00099,0.00065,-0.00033999997,0.00033999997,2.614874e-05,1.3497373e-05,-1.2651367e-05,stable
3081,3081,0.9978554,0.97331995,0.97345996,0.00014001131,0.00014001131,0.22679313,0.22657754,-0.00021559,stable
272,272,0.9978568,0.97994,0.97973996,-0.00020003319,0.00020003319,0.19931802,0.19727406,-0.0020439625,stable
1351,1351,0.99785745,0.9715,0.97176,0.00025999546,0.00025999546,0.22479242,0.2245871,-0.0002053231,stable
3892,3892,0.99785995,0.98462,0.98981,0.005190015,0.005190015,0.28476128,0.28055024,-0.0042110384,stable
449,449,0.9978615,0.97165996,0.97163,-2.9981136e-05,2.9981136e-05,0.21654715,0.21461545,-0.0019316971,stable
742,742,0.9978615,0.97501,0.97483,-0.00018000603,0.00018000603,0.26928043,0.26977187,0.0004914403,stable
2983,2983,0.997863,0.97156,0.97103995,-0.0005200505,0.0005200505,0.19995835,0.1909087,-0.009049654,stable
2006,2006,0.997866,0.96882,0.97652996,0.00770998,0.00770998,0.15879332,0.15037751,-0.008415803,stable
4467,4467,0.99786794,0.009029999,0.00882,-0.00020999927,0.00020999927,0.00079800247,0.0006185118,-0.00017949066,stable
4376,4376,0.9978683,0.97362995,0.97275996,-0.0008699894,0.0008699894,0.25454253,0.23555623,-0.0189863,stable
2512,2512,0.99786866,0.97275996,0.97216,-0.00059998035,0.00059998035,0.21844457,0.19436297,-0.024081603,stable
3302,3302,0.99786866,0.97112995,0.97024995,-0.000880003,0.000880003,0.19953878,0.17690992,-0.022628859,stable
700,700,0.9978688,0.00062999997,0.01432,0.01369,0.01369,1.8680124e-05,0.0004013929,0.00038271278,stable
2082,2082,0.9978689,0.9734,0.97308,-0.00032001734,0.00032001734,0.2591794,0.25762102,-0.0015583932,stable
3283,3283,0.99787056,0.97914,0.98819,0.009050012,0.009050012,0.22242054,0.21134697,-0.011073574,stable
4237,4237,0.9978726,0.97685,0.97533995,-0.0015100241,0.0015100241,0.34233156,0.32203415,-0.020297408,stable
2548,2548,0.9978732,0.97191,0.97119,-0.0007200241,0.0007200241,0.20799047,0.19058913,-0.017401338,stable
119,119,0.9978745,0.00108,0.00115,7.000007e-05,7.000007e-05,3.7356214e-05,4.0841263e-05,3.485049e-06,stable
974,974,0.99787676,0.97832996,0.97821,-0.00011998415,0.00011998415,0.17297164,0.16535778,-0.0076138526,stable
814,814,0.99787724,0.00878,0.0166,0.00782,0.00782,0.0005018878,0.0019467307,0.0014448429,stable
2141,2141,0.99787927,0.97208995,0.97042996,-0.0016599894,0.0016599894,0.20129548,0.18744886,-0.013846621,stable
4023,4023,0.99788415,0.00136,0.00658,0.0052199997,0.0052199997,4.5015953e-05,7.739388e-05,3.2377928e-05,stable
1581,1581,0.9978844,0.00148,0.00143,-5.000003e-05,5.000003e-05,2.8479104e-05,2.8257744e-05,-2.213601e-07,stable
41,41,0.9978856,0.98089,0.979,-0.0018900037,0.0018900037,0.23538218,0.2228969,-0.012485281,stable
3332,3332,0.9978858,0.01571,0.00165,-0.01406,0.01406,0.0012086786,2.6919595e-05,-0.0011817589,stable
5787,5787,0.99788654,0.97207,0.97200996,-6.0021877e-05,6.0021877e-05,0.2163068,0.21081777,-0.0054890364,stable
23,23,0.9978868,0.97275996,0.97309,0.00033003092,0.00033003092,0.2503983,0.25240168,0.0020033717,stable
2720,2720,0.99788684,0.97262996,0.97141,-0.0012199879,0.0012199879,0.25171793,0.22578296,-0.025934964,stable
5154,5154,0.9978889,0.00059999997,0.00054,-5.999999e-05,5.999999e-05,1.7423718e-05,1.3282238e-05,-4.1414796e-06,stable
4219,4219,0.99789244,0.98002,0.98194,0.0019199848,0.0019199848,0.21644358,0.21937747,0.0029338896,stable
1585,1585,0.9978928,0.97251,0.97278,0.00027000904,0.00027000904,0.2572836,0.25263882,-0.0046447814,stable
4519,4519,0.99789315,0.97257996,0.97248995,-9.000301e-05,9.000301e-05,0.22687027,0.22883126,0.0019609928,stable
2070,2070,0.9978941,0.97091997,0.97066,-0.00025999546,0.00025999546,0.21524343,0.20760334,-0.0076400936,stable
1706,1706,0.9978949,0.013809999,0.00881,-0.005,0.005,0.0010673212,0.0007417833,-0.00032553787,stable
4272,4272,0.9978949,0.98844,0.98831,-0.00012999773,0.00012999773,0.2360294,0.2233888,-0.012640595,stable
3644,3644,0.9978986,0.0011999999,0.008599999,0.0073999995,0.0073999995,3.4048124e-05,0.00039673576,0.00036268763,stable
3344,3344,0.9978994,0.97098,0.96985996,-0.0011200309,0.0011200309,0.21161915,0.18798289,-0.023636267,stable
3866,3866,0.9978998,0.97489995,0.97502,0.000120043755,0.000120043755,0.2735869,0.2705315,-0.0030553937,stable
4193,4193,0.99790025,0.97143996,0.97064996,-0.00078999996,0.00078999996,0.18542652,0.17516558,-0.01026094,stable
1250,1250,0.9979005,0.96971995,0.96985996,0.00014001131,0.00014001131,0.18087453,0.18819661,0.007322088,stable
1832,1832,0.99790084,0.98127997,0.98706996,0.005789995,0.005789995,0.21697919,0.19962123,-0.01735796,stable
4356,4356,0.9979025,0.97108,0.97051996,-0.00056004524,0.00056004524,0.21542656,0.19557679,-0.019849777,stable
1830,1830,0.99790406,0.00902,0.01733,0.00831,0.00831,0.00044673448,0.004806672,0.0043599377,stable
3975,3975,0.9979046,0.97884995,0.97871,-0.0001399517,0.0001399517,0.20583262,0.20712839,0.0012957752,stable
4470,4470,0.9979055,0.97159,0.97151,-7.998943e-05,7.998943e-05,0.24800621,0.24388236,-0.0041238517,stable
5225,5225,0.9979062,0.01698,0.01702,4.0000305e-05,4.0000305e-05,0.0037860365,0.002998989,-0.00078704744,stable
1255,1255,0.99790806,0.01213,0.00968,-0.0024499996,0.0024499996,0.0022400855,0.0018854844,-0.00035460107,stable
2348,2348,0.9979094,0.98788,0.98705,-0.0008299947,0.0008299947,0.21866524,0.20851913,-0.010146111,stable
927,927,0.9979112,0.00102,0.0084999995,0.0074799997,0.0074799997,4.1211042e-05,0.00065415836,0.00061294733,stable
1942,1942,0.99791485,0.97997,0.98061997,0.00064998865,0.00064998865,0.19697714,0.21023066,0.013253525,stable
718,718,0.99791706,0.97239,0.97172,-0.0006700158,0.0006700158,0.2204886,0.20864043,-0.011848167,stable
4400,4400,0.99791735,0.97685,0.97784996,0.0009999871,0.0009999871,0.1652269,0.17361839,0.008391485,stable
2758,2758,0.9979178,0.017129999,0.00954,-0.0075899987,0.0075899987,0.001140019,0.0003963854,-0.0007436336,stable
5868,5868,0.99791837,0.0133,0.01074,-0.00256,0.00256,0.0005020818,0.0005346985,3.2616663e-05,stable
4012,4012,0.99791896,0.97262996,0.97867996,0.0060499907,0.0060499907,0.23346624,0.23142944,-0.002036795,stable
4899,4899,0.9979203,0.97892,0.98709,0.008170009,0.008170009,0.19974948,0.19842273,-0.0013267547,stable
2173,2173,0.99792075,0.008429999,0.01121,0.0027800007,0.0027800007,0.00016331369,0.000459487,0.00029617333,stable
3497,3497,0.9979224,0.97233,0.97141,-0.0009199977,0.0009199977,0.20975052,0.19902208,-0.010728434,stable
1188,1188,0.99792254,0.00172,0.00156,-0.00015999994,0.00015999994,6.954086e-05,5.6874866e-05,-1.2665994e-05,stable
5901,5901,0.99792325,0.0106999995,0.00895,-0.0017499998,0.0017499998,0.001514672,0.0013580313,-0.00015664066,stable
4642,4642,0.9979245,0.97108,0.97177,0.00068998337,0.00068998337,0.19937722,0.20043027,0.0010530502,stable
4344,4344,0.99792904,0.97226995,0.97216,-0.00010997057,0.00010997057,0.22026859,0.21562333,-0.004645258,stable
4375,4375,0.9979291,0.98203,0.98108995,-0.00094002485,0.00094002485,0.24249355,0.22873513,-0.013758421,stable
1629,1629,0.99792933,0.97686,0.97827995,0.0014199615,0.0014199615,0.1821625,0.18548769,0.0033251941,stable
181,181,0.9979309,0.97392,0.97340995,-0.00051003695,0.00051003695,0.28151217,0.26776975,-0.013742417,stable
5555,5555,0.99793243,0.97243,0.97268,0.00024998188,0.00024998188,0.22716543,0.22423628,-0.002929151,stable
65,65,0.99793327,0.97225,0.97274,0.0004900098,0.0004900098,0.23647383,0.23043604,-0.0060377866,stable
4657,4657,0.9979343,0.01568,0.0128,-0.0028800005,0.0028800005,0.001988756,0.0015668628,-0.0004218932,stable
3890,3890,0.9979346,0.97296,0.97264,-0.00032001734,0.00032001734,0.23335563,0.22370832,-0.00964731,stable
2882,2882,0.9979365,0.97097,0.97186,0.00089001656,0.00089001656,0.21331015,0.21399492,0.00068476796,stable
3248,3248,0.9979373,0.97284997,0.97419,0.0013400316,0.0013400316,0.23305777,0.23206453,-0.0009932369,stable
1013,1013,0.9979377,0.96961,0.96928996,-0.00032001734,0.00032001734,0.18215941,0.17869796,-0.0034614503,stable
3078,3078,0.9979377,0.97336996,0.9738,0.0004300475,0.0004300475,0.22099996,0.21949708,-0.0015028715,stable
1365,1365,0.9979391,0.98967,0.98923,-0.0004400015,0.0004400015,0.25818276,0.23405878,-0.024123982,stable
2354,2354,0.9979397,0.00825,0.00051,-0.00774,0.00774,0.0004872457,1.8802366e-05,-0.00046844335,stable
600,600,0.9979423,0.01404,0.01042,-0.0036199996,0.0036199996,0.0014291247,0.0011146697,-0.000314455,stable
1914,1914,0.99794304,0.97168,0.97116,-0.0005199909,0.0005199909,0.20504594,0.20226045,-0.002785489,stable
4795,4795,0.99794316,0.0138799995,0.00947,-0.0044099996,0.0044099996,0.000562688,0.00016874434,-0.00039394363,stable
5417,5417,0.99794364,0.97306997,0.97156996,-0.0015000105,0.0015000105,0.24413249,0.23071425,-0.013418242,stable
4255,4255,0.9979446,0.0019999999,0.0061999997,0.0042,0.0042,5.1082447e-05,6.507704e-05,1.3994591e-05,stable
2174,2174,0.99794513,0.00876,0.00916,0.00040000025,0.00040000025,0.00039763443,0.0005263523,0.00012871789,stable
2531,2531,0.99794745,0.96998996,0.97481996,0.004830003,0.004830003,0.2041902,0.18912302,-0.015067175,stable
4199,4199,0.99794865,0.97103,0.97336996,0.0023399591,0.0023399591,0.24646023,0.25083807,0.004377842,stable
1056,1056,0.9979487,0.97503996,0.97388,-0.001159966,0.001159966,0.2568802,0.24666382,-0.01021637,stable
1343,1343,0.99794877,0.97203,0.97225,0.00022000074,0.00022000074,0.21128812,0.21388695,0.0025988221,stable
3654,3654,0.9979504,0.98911,0.99043,0.0013200045,0.0013200045,0.26952076,0.2730971,0.0035763383,stable
2400,2400,0.99795353,0.00087999995,0.00248,0.0016000001,0.0016000001,2.9714713e-05,3.184546e-05,2.130746e-06,stable
5956,5956,0.99795425,0.01158,0.015689999,0.004109999,0.004109999,0.0012319549,0.0016570592,0.00042510428,stable
2033,2033,0.99795467,0.98960996,0.98968,7.003546e-05,7.003546e-05,0.25613925,0.24606961,-0.0100696385,stable
1441,1441,0.99795616,0.97789997,0.97911996,0.0012199879,0.0012199879,0.22615804,0.21320292,-0.012955114,stable
5259,5259,0.99795675,0.97208,0.97256,0.0004799962,0.0004799962,0.21730343,0.22717941,0.009875983,stable
1892,1892,0.9979568,0.0131399995,0.01062,-0.0025199996,0.0025199996,0.0007108274,0.0004797506,-0.00023107682,stable
3646,3646,0.9979569,0.98445,0.98432,-0.00012999773,0.00012999773,0.17248476,0.16152705,-0.010957703,stable
1476,1476,0.9979576,0.0088,0.01433,0.0055299997,0.0055299997,0.0009649177,0.0013380032,0.0003730855,stable
850,850,0.997958,0.98060995,0.98156,0.00095003843,0.00095003843,0.22650218,0.23123144,0.004729256,stable
1834,1834,0.9979581,0.98740995,0.98954,0.0021300316,0.0021300316,0.24600685,0.25243235,0.0064255,stable
3257,3257,0.9979589,0.97450995,0.97481,0.00030004978,0.00030004978,0.30580842,0.3011672,-0.004641235,stable
3709,3709,0.99795985,0.97129995,0.97235996,0.001060009,0.001060009,0.21670249,0.22504841,0.008345917,stable
2996,2996,0.9979619,0.97125,0.97143996,0.00018996,0.00018996,0.2219354,0.2148391,-0.0070963055,stable
3937,3937,0.9979619,0.00981,0.00427,-0.00554,0.00554,0.0004911247,4.3765547e-05,-0.00044735914,stable
5383,5383,0.9979627,0.00065,0.00065999996,9.99996e-06,9.99996e-06,1.6063008e-05,1.4814467e-05,-1.2485407e-06,stable
1160,1160,0.9979653,0.01389,0.01354,-0.00035000034,0.00035000034,0.00093561737,0.0007134531,-0.00022216426,stable
5239,5239,0.99796593,0.97442997,0.97463995,0.00020998716,0.00020998716,0.2878215,0.28411734,-0.0037041605,stable
4324,4324,0.9979669,0.96848,0.96822995,-0.00025004148,0.00025004148,0.16740179,0.15946971,-0.007932082,stable
3919,3919,0.99796724,0.97367996,0.97404,0.00036001205,0.00036001205,0.23797925,0.22878532,-0.009193927,stable
1612,1612,0.99796736,0.98544997,0.98828995,0.0028399825,0.0028399825,0.2351489,0.2288762,-0.0062727034,stable
1680,1680,0.9979678,0.97229,0.97323996,0.0009499788,0.0009499788,0.2451232,0.24856737,0.00344418,stable
3854,3854,0.99796796,0.97258997,0.97257996,-1.001358e-05,1.001358e-05,0.23806843,0.25079593,0.012727499,stable
3231,3231,0.99796844,0.97265,0.97207,-0.0005800128,0.0005800128,0.23041558,0.20566311,-0.024752468,stable
665,665,0.99796903,0.9723,0.97168,-0.0006200075,0.0006200075,0.23211226,0.22840078,-0.003711477,stable
4383,4383,0.99797034,0.97089,0.97178,0.00089001656,0.00089001656,0.22067472,0.21354122,-0.007133499,stable
2213,2213,0.9979719,0.97187996,0.97064,-0.0012399554,0.0012399554,0.21214898,0.19972001,-0.012428969,stable
3953,3953,0.997972,0.98787,0.98826,0.0003899932,0.0003899932,0.2172898,0.2189864,0.0016966015,stable
3083,3083,0.9979738,0.97319996,0.97284997,-0.00034999847,0.00034999847,0.23251386,0.21967801,-0.012835845,stable
2000,2000,0.9979772,0.97322,0.97327995,5.9962273e-05,5.9962273e-05,0.22229134,0.22353074,0.0012394041,stable
1704,1704,0.9979776,0.9716,0.97164,3.9994717e-05,3.9994717e-05,0.23012175,0.22762172,-0.0025000274,stable
165,165,0.99797773,0.01124,0.014459999,0.0032199994,0.0032199994,0.00023838498,0.0004602785,0.00022189353,stable
5294,5294,0.99797773,0.96908,0.96807,-0.0010100007,0.0010100007,0.19223785,0.18803437,-0.0042034835,stable
1320,1320,0.99797785,0.96988,0.97042,0.0005400181,0.0005400181,0.18325613,0.17923883,-0.0040173084,stable
5049,5049,0.9979783,0.9723,0.97036,-0.001940012,0.001940012,0.21425335,0.1875416,-0.026711747,stable
5472,5472,0.99797845,0.98946,0.98965997,0.00019997358,0.00019997358,0.2536516,0.24308492,-0.010566667,stable
191,191,0.9979788,0.015249999,0.0013799999,-0.013869999,0.013869999,0.0013621352,4.1911924e-05,-0.0013202232,stable
740,740,0.9979809,0.97681,0.97205997,-0.0047500134,0.0047500134,0.20452373,0.20094539,-0.003578335,stable
2391,2391,0.997981,0.00868,0.00769,-0.0009900001,0.0009900001,0.0001230093,6.316896e-05,-5.9840342e-05,stable
752,752,0.9979824,0.97095996,0.97134995,0.0003899932,0.0003899932,0.2211693,0.21989529,-0.0012740046,stable
3362,3362,0.99798334,0.01786,0.016859999,-0.0010000002,0.0010000002,0.0014985354,0.0013537876,-0.00014474778,stable
4231,4231,0.99798423,0.97072,0.97156996,0.00084996223,0.00084996223,0.19517502,0.19227561,-0.0028994083,stable
5047,5047,0.99798465,0.97091997,0.97103,0.000110030174,0.000110030174,0.18988732,0.18490554,-0.004981771,stable
889,889,0.99798477,0.97275996,0.97375,0.0009900331,0.0009900331,0.27205908,0.26694885,-0.005110234,stable
1651,1651,0.9979851,0.01695,0.01385,-0.0031000003,0.0031000003,0.0017272237,0.0012935182,-0.0004337055,stable
3758,3758,0.9979868,0.97332996,0.97265,-0.0006799698,0.0006799698,0.2359761,0.23229949,-0.0036766082,stable
3657,3657,0.99798703,0.97216,0.97216,0.0,0.0,0.22629376,0.22371738,-0.002576381,stable
1162,1162,0.9979881,0.97378,0.9734,-0.0003799796,0.0003799796,0.26411134,0.25045827,-0.01365307,stable
3711,3711,0.99798906,0.97018,0.97011,-6.997585e-05,6.997585e-05,0.19299708,0.18576019,-0.007236898,stable
2943,2943,0.99799323,0.00876,0.00873,-2.9999763e-05,2.9999763e-05,0.0003159584,0.0005247373,0.00020877889,stable
273,273,0.9979937,0.013499999,0.01304,-0.00045999978,0.00045999978,0.00053405325,0.00066221174,0.00012815848,stable
4466,4466,0.9979961,0.97209996,0.97305,0.00095003843,0.00095003843,0.25362745,0.24339247,-0.010234982,stable
3377,3377,0.9979967,0.9726,0.97208,-0.0005199909,0.0005199909,0.23530129,0.22120589,-0.014095396,stable
3759,3759,0.9979973,0.9729,0.9773,0.004400015,0.004400015,0.21557726,0.1947531,-0.020824164,stable
245,245,0.99799824,0.97049,0.97037,-0.00011998415,0.00011998415,0.20498098,0.19391607,-0.011064917,stable
3968,3968,0.9979987,0.97327995,0.97371995,0.0004400015,0.0004400015,0.22408515,0.21265177,-0.011433378,stable
1121,1121,0.998,0.96958,0.96892995,-0.00065004826,0.00065004826,0.17188054,0.174298,0.00241746,stable
2192,2192,0.998002,0.97042996,0.97037,-5.9962273e-05,5.9962273e-05,0.1892149,0.18487406,-0.0043408424,stable
1212,1212,0.99800205,0.98949,0.98890996,-0.0005800128,0.0005800128,0.27967983,0.24582839,-0.033851445,stable
4768,4768,0.9980022,0.98076,0.98140997,0.00064998865,0.00064998865,0.23211785,0.24268366,0.010565817,stable
6064,6064,0.9980029,0.017409999,0.01702,-0.00038999878,0.00038999878,0.010151177,0.0074684336,-0.0026827431,stable
3603,3603,0.9980062,0.97318,0.97343,0.00024998188,0.00024998188,0.23133808,0.22187455,-0.009463534,stable
5430,5430,0.99800676,0.97315997,0.97233,-0.0008299947,0.0008299947,0.231178,0.21196753,-0.019210473,stable
5061,5061,0.99800736,0.97903997,0.9783,-0.00073999166,0.00073999166,0.18101214,0.1665314,-0.01448074,stable
916,916,0.9980074,0.97152996,0.97196996,0.0004400015,0.0004400015,0.22857961,0.21988073,-0.008698881,stable
5163,5163,0.99800885,0.00852,0.00068,-0.00784,0.00784,0.00027061798,1.7259106e-05,-0.00025335888,stable
813,813,0.99800974,0.0011199999,0.00083,-0.00028999994,0.00028999994,3.808227e-05,2.8223623e-05,-9.858648e-06,stable
1037,1037,0.99801046,0.96845996,0.96722996,-0.0012300014,0.0012300014,0.15810551,0.14173979,-0.016365722,stable
3422,3422,0.99801064,0.97288996,0.97212,-0.0007699728,0.0007699728,0.20288768,0.19441867,-0.008469015,stable
1180,1180,0.99801123,0.97573,0.97538996,-0.0003400445,0.0003400445,0.20220077,0.19246969,-0.009731084,stable
593,593,0.9980129,0.98936,0.9887,-0.00066000223,0.00066000223,0.25558895,0.2400327,-0.015556246,stable
3685,3685,0.998013,0.96402997,0.96761996,0.0035899878,0.0035899878,0.13069735,0.15777192,0.02707456,stable
526,526,0.9980149,0.97256,0.97274,0.00018000603,0.00018000603,0.23361695,0.23152946,-0.0020874888,stable
5221,5221,0.99801505,0.97713995,0.97647995,-0.00066000223,0.00066000223,0.18261954,0.15997022,-0.022649318,stable
2178,2178,0.9980165,0.00894,0.01697,0.008029999,0.008029999,0.0008200187,0.0028675126,0.002047494,stable
1494,1494,0.9980176,0.97255,0.97161996,-0.0009300113,0.0009300113,0.22331077,0.21159992,-0.011710852,stable
3485,3485,0.9980177,0.97651,0.97525996,-0.0012500286,0.0012500286,0.24327432,0.217213,-0.026061311,stable
1473,1473,0.998019,0.97186,0.97091997,-0.00094002485,0.00094002485,0.20453641,0.1857525,-0.018783912,stable
1933,1933,0.998019,0.97287,0.97173995,-0.0011300445,0.0011300445,0.23324521,0.21245037,-0.020794839,stable
1425,1425,0.9980191,0.00881,0.00689,-0.0019199997,0.0019199997,0.00014464649,5.9827227e-05,-8.481926e-05,stable
3754,3754,0.9980191,0.98348,0.98907995,0.0055999756,0.0055999756,0.2380201,0.22866808,-0.009352028,stable
4984,4984,0.99801946,0.01344,0.01077,-0.0026700003,0.0026700003,0.00039822975,0.00012548905,-0.0002727407,stable
4488,4488,0.9980226,0.008359999,0.00072999997,-0.0076299994,0.0076299994,0.00036956434,1.4460899e-05,-0.00035510343,stable
6045,6045,0.9980236,0.97168,0.97191,0.00023001432,0.00023001432,0.20002034,0.19951098,-0.0005093664,stable
4242,4242,0.99802434,0.00968,0.01419,0.0045099994,0.0045099994,0.0003510424,0.0006439212,0.0002928788,stable
1028,1028,0.9980255,0.97243,0.9719,-0.0005300045,0.0005300045,0.22888593,0.21504699,-0.013838947,stable
1600,1600,0.99802566,0.0094099995,0.00907,-0.0003399998,0.0003399998,0.0008251315,0.0003292335,-0.00049589796,stable
4694,4694,0.9980278,0.01726,0.0173,4.0000305e-05,4.0000305e-05,0.0066303615,0.0066072727,-2.3088884e-05,stable
3100,3100,0.99802864,0.96782,0.97745997,0.009639978,0.009639978,0.15940525,0.17417003,0.014764786,stable
141,141,0.99802995,0.97198,0.96906996,-0.002910018,0.002910018,0.2033285,0.158584,-0.044744506,stable
5564,5564,0.9980313,0.0150999995,0.013979999,-0.0011200001,0.0011200001,0.0014963457,0.0010680172,-0.00042832852,stable
4435,4435,0.99803233,0.97028,0.97086996,0.0005899668,0.0005899668,0.20512675,0.20418492,-0.0009418279,stable
2719,2719,0.9980327,0.01649,0.01627,-0.00021999888,0.00021999888,0.0010803434,0.0010636701,-1.6673235e-05,stable
3942,3942,0.99803317,0.97247,0.97217995,-0.0002900362,0.0002900362,0.20839173,0.21393535,0.0055436194,stable
977,977,0.9980337,0.97756,0.98197997,0.0044199824,0.0044199824,0.1707232,0.13111532,-0.039607882,stable
365,365,0.998034,0.97318,0.97240996,-0.0007700324,0.0007700324,0.24051909,0.22469261,-0.015826479,stable
1301,1301,0.9980353,0.98971,0.98912996,-0.0005800128,0.0005800128,0.25687253,0.24281892,-0.014053613,stable
3288,3288,0.9980366,0.98095,0.97911996,-0.0018300414,0.0018300414,0.247705,0.23735538,-0.010349616,stable
2685,2685,0.9980368,0.97102,0.97081,-0.00020998716,0.00020998716,0.20212007,0.18976094,-0.012359127,stable
1147,1147,0.9980387,0.0179,0.01771,-0.00018999912,0.00018999912,0.0069658775,0.0051527275,-0.00181315,stable
5104,5104,0.9980415,0.98528,0.98630995,0.0010299683,0.0010299683,0.2606049,0.24984276,-0.010762125,stable
674,674,0.99804187,0.96879995,0.96984,0.0010400414,0.0010400414,0.16770495,0.16810027,0.0003953129,stable
5460,5460,0.998042,0.01066,0.00923,-0.0014300002,0.0014300002,0.0005276059,0.00033021605,-0.00019738983,stable
873,873,0.99804235,0.98832,0.98780996,-0.00051003695,0.00051003695,0.23305328,0.22649656,-0.0065567195,stable
1113,1113,0.9980437,0.97106,0.97418,0.0031200051,0.0031200051,0.21721262,0.21731289,0.000100269914,stable
3608,3608,0.99804515,0.00935,0.0089,-0.00045000017,0.00045000017,0.00080440735,0.00041083686,-0.0003935705,stable
2390,2390,0.99804544,0.009269999,0.01589,0.006620001,0.006620001,0.0012444399,0.0014172009,0.00017276104,stable
3666,3666,0.99804676,0.016139999,0.01016,-0.005979999,0.005979999,0.0007560269,0.000106427964,-0.0006495989,stable
5284,5284,0.99804676,0.97001,0.96866,-0.0013499856,0.0013499856,0.1872475,0.16849194,-0.018755555,stable
1008,1008,0.9980472,0.97394997,0.97358996,-0.00036001205,0.00036001205,0.22753769,0.22439311,-0.0031445771,stable
1158,1158,0.9980477,0.97404,0.9734,-0.0006399751,0.0006399751,0.28168634,0.2500948,-0.031591535,stable
5936,5936,0.9980493,0.96996,0.96876997,-0.0011900067,0.0011900067,0.18682562,0.16207716,-0.02474846,stable
4037,4037,0.9980495,0.97064,0.97388995,0.0032499433,0.0032499433,0.17874211,0.16752651,-0.011215597,stable
5207,5207,0.9980532,0.97256,0.97315997,0.00059998035,0.00059998035,0.225495,0.22344345,-0.0020515472,stable
307,307,0.99805367,0.00098,0.00065999996,-0.00032000005,0.00032000005,2.3436185e-05,1.6135558e-05,-7.3006267e-06,stable
5278,5278,0.9980544,0.01763,0.01364,-0.00399,0.00399,0.001982168,0.0013947268,-0.00058744126,stable
3174,3174,0.9980546,0.96807,0.96643996,-0.0016300082,0.0016300082,0.1559477,0.12932295,-0.026624754,stable
1717,1717,0.998055,0.98753995,0.98823,0.000690043,0.000690043,0.24236338,0.23398645,-0.008376926,stable
190,190,0.99805725,0.0012899999,0.00904,0.00775,0.00775,6.8254405e-05,0.00038224275,0.00031398836,stable
1258,1258,0.9980582,0.97164,0.97225,0.00060999393,0.00060999393,0.21822426,0.22765277,0.009428516,stable
653,653,0.99805963,0.97261995,0.9727,8.004904e-05,8.004904e-05,0.2526147,0.24626783,-0.0063468814,stable
1157,1157,0.9980601,0.00839,0.0083099995,-8.000061e-05,8.000061e-05,0.00016107231,0.00016968248,8.6101645e-06,stable
3390,3390,0.9980604,0.01791,0.01487,-0.0030399999,0.0030399999,0.0020776424,0.0007867709,-0.0012908715,stable
5946,5946,0.99806094,0.01205,0.01064,-0.00141,0.00141,0.00047366705,0.00035065186,-0.0001230152,stable
4381,4381,0.9980614,0.01691,0.016169999,-0.000740001,0.000740001,0.0006293696,0.00051262596,-0.00011674361,stable
1655,1655,0.9980619,0.97099,0.97181,0.0008199811,0.0008199811,0.22524956,0.22802688,0.0027773231,stable
2544,2544,0.99806225,0.0026399998,0.00077,-0.0018699998,0.0018699998,3.637863e-05,2.7395547e-05,-8.983085e-06,stable
144,144,0.9980628,0.01723,0.01681,-0.0004200004,0.0004200004,0.0012323011,0.0012037655,-2.8535607e-05,stable
2745,2745,0.99806476,0.97959,0.97518,-0.0044100285,0.0044100285,0.22749834,0.21680123,-0.0106971115,stable
5721,5721,0.9980652,0.97116,0.97266,0.0015000105,0.0015000105,0.23612423,0.25628236,0.020158127,stable
193,193,0.99806744,0.97191,0.97182995,-8.004904e-05,8.004904e-05,0.2324153,0.22889504,-0.0035202652,stable
4901,4901,0.99806845,0.97354996,0.97292,-0.0006299615,0.0006299615,0.2534205,0.23926273,-0.014157772,stable
5469,5469,0.9980686,0.97198,0.98443997,0.012459993,0.012459993,0.21547164,0.20580624,-0.0096654,stable
2748,2748,0.99806935,0.01685,0.012829999,-0.004020001,0.004020001,0.0013031594,0.0010285806,-0.0002745788,stable
2927,2927,0.99807155,0.97091997,0.97848,0.0075600147,0.0075600147,0.20895824,0.2039639,-0.004994333,stable
5395,5395,0.99807334,0.01327,0.01456,0.00129,0.00129,0.0006240362,0.0007376651,0.00011362892,stable
5351,5351,0.99807405,0.97288996,0.97356,0.0006700158,0.0006700158,0.22199097,0.21866244,-0.003328532,stable
4396,4396,0.9980769,0.96923995,0.97064996,0.0014100075,0.0014100075,0.20008038,0.21117039,0.01109001,stable
5271,5271,0.99807745,0.97854,0.97832,-0.00022000074,0.00022000074,0.23586512,0.22429106,-0.01157406,stable
832,832,0.9980794,0.97111,0.9704,-0.0007100105,0.0007100105,0.20487456,0.1989484,-0.005926162,stable
2032,2032,0.9980799,0.97415996,0.97371995,-0.0004400015,0.0004400015,0.23030023,0.22491324,-0.0053869933,stable
5424,5424,0.99808013,0.01716,0.01728,0.00011999905,0.00011999905,0.0012004063,0.0016138986,0.0004134922,stable
3807,3807,0.99808073,0.0138799995,0.0015199999,-0.012359999,0.012359999,0.00047601768,4.6381487e-05,-0.0004296362,stable
5837,5837,0.99808073,0.97200996,0.97185,-0.00015997887,0.00015997887,0.22395983,0.21737278,-0.0065870583,stable
1105,1105,0.99808174,0.01279,0.00826,-0.0045300005,0.0045300005,0.001050047,0.0002224578,-0.0008275892,stable
3521,3521,0.99808204,0.97385997,0.9737,-0.00015997887,0.00015997887,0.24711421,0.23715386,-0.009960353,stable
4451,4451,0.9980837,0.97266996,0.97214997,-0.0005199909,0.0005199909,0.22686407,0.21766232,-0.00920175,stable
5487,5487,0.99808407,0.0012299999,0.00097,-0.00025999994,0.00025999994,3.2520966e-05,3.2369437e-05,-1.515291e-07,stable
5736,5736,0.9980879,0.97266,0.97191,-0.00075000525,0.00075000525,0.24271257,0.2142383,-0.028474271,stable
1772,1772,0.9980886,0.97852,0.98069,0.0021700263,0.0021700263,0.21294425,0.22707988,0.014135629,stable
1404,1404,0.9980894,0.00111,0.00877,0.00766,0.00766,4.371866e-05,0.0004138722,0.00037015355,stable
1074,1074,0.9980896,0.97235,0.97258997,0.0002399683,0.0002399683,0.2193837,0.2184197,-0.0009640008,stable
2074,2074,0.99809015,0.97097,0.97115,0.00018000603,0.00018000603,0.22635634,0.20993634,-0.016420007,stable
708,708,0.9980902,0.97893,0.98129,0.0023599863,0.0023599863,0.2209075,0.2230122,0.0021046996,stable
5810,5810,0.9980902,0.97274,0.97281,6.997585e-05,6.997585e-05,0.23726878,0.237996,0.00072722137,stable
4166,4166,0.99809057,0.97353,0.97251,-0.0010200143,0.0010200143,0.2487248,0.22434166,-0.024383143,stable
5255,5255,0.99809116,0.00194,0.01605,0.01411,0.01411,0.00010093019,0.0011119779,0.0010110476,stable
5062,5062,0.9980929,0.97404,0.97325,-0.00078999996,0.00078999996,0.23745923,0.23213163,-0.0053275973,stable
189,189,0.9980937,0.016579999,0.01677,0.00019000098,0.00019000098,0.007405296,0.0043939585,-0.0030113375,stable
1267,1267,0.99809426,0.0094099995,0.01003,0.00062000006,0.00062000006,0.00082094193,0.0009763284,0.00015538646,stable
4393,4393,0.99809486,0.00125,0.0041799997,0.0029299997,0.0029299997,2.996313e-05,3.726227e-05,7.2991406e-06,stable
4384,4384,0.9980959,0.97445995,0.97433996,-0.00011998415,0.00011998415,0.2465681,0.2438085,-0.0027596056,stable
1838,1838,0.9980968,0.97331995,0.97323,-8.994341e-05,8.994341e-05,0.23901823,0.23110375,-0.007914484,stable
2664,2664,0.99809957,0.00714,0.00889,0.0017500003,0.0017500003,9.541385e-05,0.00019336352,9.794967e-05,stable
1410,1410,0.99809986,0.97159,0.97255,0.0009599924,0.0009599924,0.20771399,0.22229406,0.014580071,stable
1134,1134,0.9981009,0.97292,0.97235,-0.0005699992,0.0005699992,0.21403421,0.20947215,-0.004562065,stable
416,416,0.998101,0.96827996,0.9662,-0.0020799637,0.0020799637,0.1737681,0.14244504,-0.03132306,stable
4377,4377,0.9981012,0.97585,0.97392,-0.0019299984,0.0019299984,0.21314062,0.19543241,-0.017708212,stable
2385,2385,0.998102,0.00075,0.00099,0.00023999996,0.00023999996,2.8846893e-05,1.8074066e-05,-1.07728265e-05,stable
152,152,0.9981023,0.97384,0.97468996,0.00084996223,0.00084996223,0.29542693,0.28137282,-0.01405412,stable
1869,1869,0.99810255,0.9833,0.98898995,0.0056899786,0.0056899786,0.23577175,0.24939558,0.013623834,stable
1770,1770,0.9981029,0.97164,0.97244996,0.0008099675,0.0008099675,0.23428796,0.22449224,-0.009795725,stable
1118,1118,0.9981037,0.01219,0.01562,0.0034299996,0.0034299996,0.0014139508,0.0014776345,6.368372e-05,stable
3355,3355,0.99810517,0.97033995,0.96971,-0.0006299615,0.0006299615,0.20279469,0.17691292,-0.025881767,stable
3367,3367,0.9981053,0.00912,0.00118,-0.00794,0.00794,0.00014853328,2.9822868e-05,-0.000118710406,stable
4295,4295,0.99810743,0.01487,0.0091699995,-0.0057000006,0.0057000006,0.00080228935,0.00028896655,-0.00051332277,stable
2870,2870,0.99810815,0.97275996,0.97255,-0.00020998716,0.00020998716,0.27100453,0.25422072,-0.016783804,stable
5532,5532,0.9981117,0.00099,0.00084999995,-0.00014000002,0.00014000002,3.9572933e-05,3.0417306e-05,-9.155627e-06,stable
4513,4513,0.99811256,0.97116,0.97042996,-0.0007300377,0.0007300377,0.2070207,0.19673501,-0.01028569,stable
4446,4446,0.99811304,0.98564,0.98644996,0.0008099675,0.0008099675,0.18734574,0.18560597,-0.0017397702,stable
2859,2859,0.99811375,0.01778,0.01793,0.00014999881,0.00014999881,0.0044963937,0.0061747525,0.0016783588,stable
2759,2759,0.99811494,0.97054,0.96985996,-0.0006800294,0.0006800294,0.18034175,0.17250806,-0.007833689,stable
4301,4301,0.9981153,0.98159,0.99091995,0.009329975,0.009329975,0.31195363,0.30352622,-0.008427411,stable
1769,1769,0.99811786,0.97208995,0.97176,-0.0003299713,0.0003299713,0.22936,0.21726796,-0.012092039,stable
4498,4498,0.9981203,0.01714,0.01564,-0.0014999993,0.0014999993,0.0026520693,0.0014222751,-0.0012297942,stable
3640,3640,0.99812055,0.00889,0.01452,0.0056299996,0.0056299996,0.0009803297,0.0013387878,0.00035845814,stable
2078,2078,0.9981214,0.97384995,0.97352,-0.0003299713,0.0003299713,0.2596264,0.2554701,-0.0041562915,stable
5519,5519,0.9981223,0.97165996,0.97187,0.00021004677,0.00021004677,0.2072984,0.20785387,0.0005554706,stable
767,767,0.99812293,0.017199999,0.01705,-0.00014999881,0.00014999881,0.005270478,0.0051229172,-0.00014756061,stable
5292,5292,0.9981241,0.97764,0.98559,0.007950008,0.007950008,0.18042949,0.1821726,0.001743108,stable
2491,2491,0.9981246,0.97374,0.97301996,-0.0007200241,0.0007200241,0.23516211,0.21712987,-0.018032238,stable
1790,1790,0.99812484,0.013619999,0.011829999,-0.0017900001,0.0017900001,0.00047618774,0.0007047421,0.00022855436,stable
1151,1151,0.9981268,0.97336996,0.97246,-0.0009099841,0.0009099841,0.24756964,0.22391398,-0.023655653,stable
1760,1760,0.99812746,0.98148996,0.9819,0.00041002035,0.00041002035,0.22711164,0.23402497,0.006913334,stable
1357,1357,0.998128,0.97348,0.97293997,-0.0005400181,0.0005400181,0.26083764,0.24321583,-0.017621815,stable
2837,2837,0.99812865,0.972,0.97354996,0.0015499592,0.0015499592,0.26257217,0.26303706,0.00046488643,stable
5765,5765,0.9981299,0.96879995,0.96932,0.0005200505,0.0005200505,0.18379062,0.19404334,0.010252714,stable
604,604,0.99813116,0.010009999,0.009269999,-0.00074000005,0.00074000005,0.00053936575,0.00022221253,-0.00031715323,stable
2674,2674,0.99813175,0.98326,0.98714,0.003880024,0.003880024,0.22803992,0.20805116,-0.01998876,stable
4208,4208,0.9981318,0.97091997,0.97076,-0.00015997887,0.00015997887,0.20506375,0.1983855,-0.0066782385,stable
5790,5790,0.9981321,0.98783,0.98899996,0.0011699796,0.0011699796,0.24385488,0.24527156,0.0014166832,stable
4236,4236,0.99813443,0.97238,0.97252,0.00014001131,0.00014001131,0.22367628,0.21641417,-0.0072621107,stable
3668,3668,0.99813807,0.98451,0.98596996,0.0014599562,0.0014599562,0.18397172,0.1955146,0.0115428865,stable
3136,3136,0.99813956,0.97725,0.97879,0.0015400052,0.0015400052,0.19570024,0.1920952,-0.003605038,stable
3159,3159,0.9981401,0.97270995,0.97191995,-0.00078999996,0.00078999996,0.22158234,0.20937642,-0.012205914,stable
2757,2757,0.99814177,0.97371,0.97698,0.0032699704,0.0032699704,0.2739068,0.26159692,-0.012309879,stable
1211,1211,0.99814236,0.01457,0.01545,0.0008800002,0.0008800002,0.0013782177,0.0014605898,8.2372106e-05,stable
2676,2676,0.9981444,0.00799,0.00065999996,-0.00733,0.00733,0.00010126888,2.3923538e-05,-7.734534e-05,stable
1518,1518,0.99814725,0.0053399997,0.0022399998,-0.0030999999,0.0030999999,6.802263e-05,4.0204697e-05,-2.7817932e-05,stable
2893,2893,0.99814796,0.97261,0.97270995,9.995699e-05,9.995699e-05,0.2246989,0.21435104,-0.010347858,stable
318,318,0.9981483,0.97100997,0.97037,-0.0006399751,0.0006399751,0.19891477,0.19545738,-0.0034573823,stable
725,725,0.9981488,0.97236997,0.97257,0.00020003319,0.00020003319,0.2671647,0.25927207,-0.007892638,stable
906,906,0.9981519,0.97265,0.97240996,-0.0002400279,0.0002400279,0.25372785,0.25415936,0.00043150783,stable
2992,2992,0.9981525,0.97018,0.97078997,0.00060999393,0.00060999393,0.19900875,0.20081648,0.0018077344,stable
5976,5976,0.99815404,0.97466,0.97450995,-0.00015002489,0.00015002489,0.29017308,0.27670455,-0.013468534,stable
3566,3566,0.9981551,0.97849995,0.97982997,0.001330018,0.001330018,0.2033791,0.20427401,0.00089491904,stable
2952,2952,0.9981557,0.97154,0.97135997,-0.00018000603,0.00018000603,0.22158735,0.21532917,-0.006258175,stable
2587,2587,0.99815583,0.01599,0.00892,-0.0070700003,0.0070700003,0.0025307178,0.0013356564,-0.0011950614,stable
5101,5101,0.99815583,0.98029995,0.98855996,0.008260012,0.008260012,0.23989685,0.24867028,0.008773431,stable
2382,2382,0.9981567,0.00882,0.00111,-0.00771,0.00771,0.0002799345,3.120594e-05,-0.00024872855,stable
3295,3295,0.99815714,0.97182,0.97032,-0.0015000105,0.0015000105,0.19308296,0.1724032,-0.020679757,stable
3501,3501,0.99815726,0.97778,0.98609,0.00831002,0.00831002,0.26720926,0.26328886,-0.003920406,stable
4413,4413,0.9981578,0.97365,0.97369,3.9994717e-05,3.9994717e-05,0.24878824,0.24079797,-0.007990271,stable
1669,1669,0.99816,0.0090499995,0.01014,0.0010900004,0.0010900004,0.0002501352,0.00055212516,0.00030198996,stable
5999,5999,0.9981613,0.008599999,0.00881,0.0002100002,0.0002100002,0.0008578698,0.00089957064,4.170084e-05,stable
2600,2600,0.9981619,0.00936,0.00928,-7.999968e-05,7.999968e-05,0.0003695076,0.00024734184,-0.00012216574,stable
1764,1764,0.99816316,0.00068,0.00049999997,-0.00018000003,0.00018000003,1.7362694e-05,9.3557865e-06,-8.006908e-06,stable
308,308,0.99816406,0.97258997,0.97747,0.004880011,0.004880011,0.24871999,0.24969025,0.0009702593,stable
2638,2638,0.99816483,0.01076,0.00999,-0.0007699998,0.0007699998,0.00045318232,0.0005044063,5.1223964e-05,stable
996,996,0.99816555,0.97253996,0.97222,-0.00031995773,0.00031995773,0.2321849,0.22631414,-0.0058707595,stable
911,911,0.9981667,0.97832,0.98459,0.0062699914,0.0062699914,0.25961328,0.2440003,-0.015612975,stable
5184,5184,0.9981667,0.97221,0.97112995,-0.0010800362,0.0010800362,0.24512957,0.2121601,-0.032969475,stable
1718,1718,0.99816704,0.97137,0.97138,1.001358e-05,1.001358e-05,0.1946382,0.19778587,0.0031476766,stable
521,521,0.9981673,0.97406995,0.97319996,-0.0008699894,0.0008699894,0.23955151,0.22751254,-0.012038976,stable
4558,4558,0.9981679,0.01699,0.01705,5.9999526e-05,5.9999526e-05,0.007578422,0.0056538237,-0.0019245981,stable
6060,6060,0.9981687,0.00998,0.01685,0.0068700006,0.0068700006,0.00031760184,0.0021930635,0.0018754617,stable
3209,3209,0.99816984,0.01428,0.01376,-0.00052000023,0.00052000023,0.0014459841,0.0011897855,-0.00025619857,stable
3766,3766,0.9981699,0.01759,0.01762,2.9999763e-05,2.9999763e-05,0.0035737262,0.003185097,-0.00038862927,stable
3967,3967,0.9981702,0.97174996,0.97269,0.00094002485,0.00094002485,0.24434894,0.25052765,0.006178707,stable
5874,5874,0.9981713,0.97145,0.97183996,0.0003899932,0.0003899932,0.20100003,0.20706189,0.006061852,stable
3056,3056,0.99817353,0.97751,0.97954,0.002030015,0.002030015,0.20115253,0.20321184,0.0020593107,stable
2926,2926,0.998176,0.016719999,0.01626,-0.00045999885,0.00045999885,0.00045028972,0.0004756902,2.5400484e-05,stable
2047,2047,0.9981766,0.97036,0.96932,-0.0010399818,0.0010399818,0.18833359,0.17712785,-0.011205733,stable
5622,5622,0.9981774,0.97102,0.97432995,0.0033099651,0.0033099651,0.21668042,0.21544863,-0.0012317896,stable
4796,4796,0.9981779,0.97199,0.97211,0.00011998415,0.00011998415,0.21854995,0.208015,-0.010534957,stable
2532,2532,0.9981785,0.97231996,0.97178,-0.0005399585,0.0005399585,0.21365234,0.19526957,-0.018382773,stable
264,264,0.9981792,0.97243,0.97191,-0.0005199909,0.0005199909,0.21578433,0.2183981,0.002613768,stable
4403,4403,0.99817985,0.98859996,0.98885,0.00025004148,0.00025004148,0.26086456,0.24869654,-0.01216802,stable
154,154,0.99818003,0.97169995,0.9726,0.00090003014,0.00090003014,0.2073986,0.20406203,-0.0033365637,stable
2094,2094,0.9981829,0.00068999996,0.014599999,0.013909999,0.013909999,2.5173626e-05,0.00031228617,0.00028711255,stable
1816,1816,0.99818367,0.01616,0.015059999,-0.0011000009,0.0011000009,0.002394387,0.0021006677,-0.00029371935,stable
5075,5075,0.9981837,0.00882,0.01481,0.0059899995,0.0059899995,0.00045300857,0.0009976053,0.0005445967,stable
1257,1257,0.9981843,0.017409999,0.0169,-0.0005099997,0.0005099997,0.0013410298,0.0012354089,-0.00010562083,stable
1389,1389,0.9981854,0.01802,0.0178,-0.00022000074,0.00022000074,0.0028874774,0.0022860358,-0.0006014416,stable
3821,3821,0.99818665,0.01298,0.0123499995,-0.0006300006,0.0006300006,0.0012998532,0.0009579449,-0.0003419083,stable
1517,1517,0.998189,0.98046,0.98098,0.0005199909,0.0005199909,0.23780581,0.24217254,0.0043667257,stable
3865,3865,0.99818903,0.97933996,0.97819,-0.0011499524,0.0011499524,0.21145648,0.18444031,-0.027016163,stable
5866,5866,0.9981917,0.9716,0.97211,0.00050997734,0.00050997734,0.21581769,0.20751052,-0.008307174,stable
5728,5728,0.998196,0.00913,0.00932,0.00019000005,0.00019000005,0.0009222151,0.0007547412,-0.00016747392,stable
5893,5893,0.9981965,0.97235,0.98116,0.008809984,0.008809984,0.23301531,0.23534675,0.0023314357,stable
5449,5449,0.9982002,0.00864,0.00247,-0.00617,0.00617,0.00015674505,3.7200585e-05,-0.000119544464,stable
3405,3405,0.9982024,0.97094995,0.97009,-0.0008599758,0.0008599758,0.19192861,0.17470296,-0.017225653,stable
5077,5077,0.9982028,0.98837996,0.98929995,0.0009199977,0.0009199977,0.269699,0.2588012,-0.010897815,stable
4302,4302,0.99820364,0.01064,0.00957,-0.0010700002,0.0010700002,0.0013383206,0.0015164013,0.00017808075,stable
4490,4490,0.9982056,0.96953,0.97018,0.00064998865,0.00064998865,0.19115381,0.19179201,0.00063820183,stable
1819,1819,0.99820566,0.97962,0.97982997,0.00020998716,0.00020998716,0.217872,0.2155423,-0.0023296922,stable
4719,4719,0.99820673,0.011609999,0.00933,-0.0022799997,0.0022799997,0.0009023186,0.00068458245,-0.00021773617,stable
4420,4420,0.9982078,0.00091999996,0.00083,-8.999999e-05,8.999999e-05,2.463542e-05,2.0527019e-05,-4.1084004e-06,stable
1886,1886,0.99820805,0.97332996,0.97391,0.0005800128,0.0005800128,0.23968457,0.23045816,-0.009226412,stable
1931,1931,0.9982103,0.97233,0.97242,9.000301e-05,9.000301e-05,0.24561648,0.23609126,-0.009525225,stable
819,819,0.9982122,0.98769,0.98675996,-0.0009300113,0.0009300113,0.21238019,0.19490828,-0.01747191,stable
4774,4774,0.9982141,0.01297,0.01217,-0.0007999996,0.0007999996,0.0012471384,0.0011667635,-8.0374884e-05,stable
693,693,0.9982152,0.97468996,0.98016995,0.0054799914,0.0054799914,0.2235792,0.21073145,-0.012847751,stable
4089,4089,0.998217,0.01753,0.01757,4.0000305e-05,4.0000305e-05,0.008195,0.0062772958,-0.001917704,stable
3767,3767,0.99821794,0.01047,0.01165,0.0011799997,0.0011799997,0.0007642912,0.00080547633,4.118512e-05,stable
1238,1238,0.9982188,0.01382,0.0163,0.0024800003,0.0024800003,0.0019452673,0.0021563931,0.00021112582,stable
2183,2183,0.9982192,0.97402,0.9738,-0.00022000074,0.00022000074,0.24811313,0.23862693,-0.009486198,stable
5053,5053,0.99821925,0.00081999996,0.00055,-0.00026999996,0.00026999996,2.662008e-05,2.0352507e-05,-6.2675736e-06,stable
6021,6021,0.99822116,0.97489,0.97455996,-0.00033003092,0.00033003092,0.27101344,0.26027116,-0.010742277,stable
1582,1582,0.9982227,0.00863,0.008599999,-3.0000694e-05,3.0000694e-05,0.00048115215,0.00054423284,6.308069e-05,stable
5799,5799,0.99822354,0.97323,0.97296,-0.00027000904,0.00027000904,0.24484083,0.23951656,-0.0053242743,stable
1967,1967,0.9982236,0.00873,0.00029999999,-0.008429999,0.008429999,0.0011891272,1.2445846e-05,-0.0011766814,stable
349,349,0.9982248,0.97021997,0.97100997,0.00078999996,0.00078999996,0.1843599,0.18101566,-0.0033442378,stable
3055,3055,0.9982255,0.00087,0.0026999998,0.0018299998,0.0018299998,3.1307143e-05,6.5958e-05,3.4650853e-05,stable
5439,5439,0.99822676,0.96987,0.96932995,-0.0005400181,0.0005400181,0.20902401,0.19981933,-0.009204686,stable
3226,3226,0.9982296,0.97887,0.98147,0.0026000142,0.0026000142,0.25910184,0.25852892,-0.00057291985,stable
2159,2159,0.9982298,0.0084,0.00529,-0.00311,0.00311,0.00017375915,3.2384803e-05,-0.00014137434,stable
1023,1023,0.99823034,0.97207,0.97202,-5.0008297e-05,5.0008297e-05,0.22663617,0.22296081,-0.0036753565,stable
4425,4425,0.99823046,0.009029999,0.00198,-0.007049999,0.007049999,0.00021402321,4.446485e-05,-0.00016955836,stable
2155,2155,0.9982309,0.010129999,0.00832,-0.0018099993,0.0018099993,0.0009182239,0.00032776565,-0.0005904582,stable
4787,4787,0.99823225,0.0012599999,0.00219,0.00093,0.00093,4.903486e-05,3.2442596e-05,-1.6592265e-05,stable
3148,3148,0.9982357,0.00612,0.00094999996,-0.0051700003,0.0051700003,6.137313e-05,2.6395874e-05,-3.497726e-05,stable
3609,3609,0.9982357,0.9738,0.9736,-0.00020003319,0.00020003319,0.24275775,0.23892914,-0.003828615,stable
5849,5849,0.9982377,0.01444,0.00924,-0.0052000005,0.0052000005,0.0008797261,0.0003837124,-0.0004960137,stable
4018,4018,0.9982389,0.97200996,0.97123,-0.0007799864,0.0007799864,0.21001089,0.19469136,-0.015319526,stable
5931,5931,0.9982413,0.01545,0.01294,-0.00251,0.00251,0.0018749535,0.0016813983,-0.00019355526,stable
549,549,0.998242,0.97323996,0.97128,-0.0019599795,0.0019599795,0.23860258,0.2106475,-0.027955085,stable
5281,5281,0.998242,0.97169995,0.97106,-0.0006399751,0.0006399751,0.19558986,0.18455347,-0.011036381,stable
4213,4213,0.99824536,0.98989,0.98969996,-0.00019001961,0.00019001961,0.26154274,0.24662913,-0.014913604,stable
2223,2223,0.99824595,0.0018999999,0.0017799999,-0.00011999998,0.00011999998,8.978664e-05,7.53525e-05,-1.4434139e-05,stable
1594,1594,0.9982474,0.97251,0.97138,-0.0011299849,0.0011299849,0.22936487,0.21808109,-0.011283785,stable
1905,1905,0.9982475,0.98498,0.98679996,0.0018199682,0.0018199682,0.17998144,0.19199462,0.012013182,stable
4539,4539,0.99825084,0.97239,0.97182,-0.0005699992,0.0005699992,0.235053,0.21890473,-0.01614827,stable
973,973,0.9982509,0.01722,0.01732,9.999983e-05,9.999983e-05,0.0077649863,0.008034923,0.00026993686,stable
512,512,0.9982558,0.00864,0.00852,-0.00011999998,0.00011999998,0.0006530171,0.0007064805,5.3463446e-05,stable
2063,2063,0.99825585,0.0098,0.01131,0.0015099999,0.0015099999,0.00074625853,0.0008775094,0.00013125088,stable
5145,5145,0.998257,0.9781,0.98696,0.008859992,0.008859992,0.19276495,0.19306205,0.00029709935,stable
3618,3618,0.9982588,0.97994995,0.97875,-0.0011999607,0.0011999607,0.22820206,0.21265149,-0.015550569,stable
1252,1252,0.99826026,0.97195,0.97239995,0.00044995546,0.00044995546,0.22388409,0.22178288,-0.0021012127,stable
594,594,0.9982625,0.00847,0.00837,-9.999983e-05,9.999983e-05,0.00054137036,0.00018452552,-0.00035684486,stable
62,62,0.9982679,0.96976,0.96884,-0.0009199977,0.0009199977,0.20417102,0.18785901,-0.016312003,stable
1278,1278,0.9982709,0.01811,0.01756,-0.00055,0.00055,0.0009756512,0.0010024739,2.6822672e-05,stable
4632,4632,0.99827206,0.97454,0.97457,2.9981136e-05,2.9981136e-05,0.26547,0.26256344,-0.002906561,stable
5003,5003,0.9982736,0.01681,0.012329999,-0.0044800006,0.0044800006,0.0013203294,0.0012067608,-0.00011356862,stable
5542,5542,0.99827385,0.01794,0.01731,-0.0006300006,0.0006300006,0.0037338913,0.0040121563,0.00027826498,stable
2530,2530,0.99827397,0.00136,0.00116,-0.00020000001,0.00020000001,5.013232e-05,3.9385424e-05,-1.0746895e-05,stable
1399,1399,0.9982742,0.01599,0.0155,-0.0004900005,0.0004900005,0.0009376427,0.000695732,-0.00024191069,stable
5376,5376,0.99827516,0.97362,0.97262996,-0.0009900331,0.0009900331,0.25745893,0.23778988,-0.019669041,stable
4149,4149,0.9982755,0.97287995,0.97292,4.005432e-05,4.005432e-05,0.21797079,0.21123303,-0.0067377537,stable
5832,5832,0.9982761,0.97055995,0.97116995,0.00060999393,0.00060999393,0.19941902,0.199372,-4.7028065e-05,stable
1995,1995,0.9982765,0.0013,0.00868,0.00738,0.00738,4.1270545e-05,0.00023321678,0.00019194624,stable
3918,3918,0.9982767,0.97345,0.97305,-0.00040000677,0.00040000677,0.25564077,0.24013515,-0.015505627,stable
3506,3506,0.998277,0.97941,0.97998995,0.0005799532,0.0005799532,0.20222256,0.19817601,-0.0040465444,stable
402,402,0.9982778,0.97352,0.9727,-0.0008199811,0.0008199811,0.2559445,0.25116023,-0.004784256,stable
4256,4256,0.99827826,0.98003995,0.98419,0.004150033,0.004150033,0.23078308,0.22891672,-0.0018663555,stable
4778,4778,0.99827945,0.97226,0.97146,-0.00080001354,0.00080001354,0.21751449,0.20083995,-0.016674533,stable
4271,4271,0.9982801,0.97299,0.97295,-3.9994717e-05,3.9994717e-05,0.23414347,0.22709846,-0.007045001,stable
5537,5537,0.9982804,0.97323996,0.97416997,0.0009300113,0.0009300113,0.27341273,0.27092287,-0.0024898648,stable
5981,5981,0.9982805,0.00852,0.00875,0.00023000035,0.00023000035,0.000304038,0.000508592,0.000204554,stable
6093,6093,0.99828076,0.014889999,0.01327,-0.0016199993,0.0016199993,0.0016315557,0.0016794067,4.7851005e-05,stable
2066,2066,0.9982813,0.00074,0.00068,-5.999999e-05,5.999999e-05,2.2120379e-05,2.0919066e-05,-1.2013134e-06,stable
4277,4277,0.9982818,0.00078,0.00064,-0.00014000002,0.00014000002,2.578357e-05,2.1243559e-05,-4.540012e-06,stable
2558,2558,0.99828327,0.97332996,0.97328997,-3.9994717e-05,3.9994717e-05,0.24037553,0.23300326,-0.007372275,stable
6096,6096,0.9982834,0.012879999,0.01304,0.00016000029,0.00016000029,0.00019075292,0.00034877815,0.00015802523,stable
4418,4418,0.9982853,0.97349,0.97335,-0.00014001131,0.00014001131,0.24902168,0.2441014,-0.004920274,stable
5813,5813,0.99828553,0.01737,0.017029999,-0.00034000166,0.00034000166,0.0070584696,0.0069734994,-8.497015e-05,stable
4054,4054,0.998286,0.98055,0.98094,0.0003899932,0.0003899932,0.20845474,0.21507768,0.0066229403,stable
5798,5798,0.99828637,0.99030995,0.99044997,0.00014001131,0.00014001131,0.34254172,0.30877578,-0.03376594,stable
1222,1222,0.9982902,0.96936,0.96979,0.0004299879,0.0004299879,0.17358688,0.16930813,-0.004278749,stable
5968,5968,0.998291,0.009,0.009339999,0.0003399998,0.0003399998,0.00045082392,0.0006428192,0.00019199529,stable
2683,2683,0.99829304,0.00116,0.01591,0.01475,0.01475,3.1675652e-05,0.0011631312,0.0011314555,stable
4648,4648,0.99829376,0.00462,0.00838,0.0037599998,0.0037599998,8.755577e-05,0.00029971352,0.00021215776,stable
3489,3489,0.99829686,0.00918,0.01114,0.00196,0.00196,0.00044899614,0.0007067372,0.00025774108,stable
821,821,0.99830085,0.00058,0.010629999,0.01005,0.01005,1.594232e-05,0.00087398087,0.00085803855,stable
1710,1710,0.9983009,0.97185,0.97191,6.0021877e-05,6.0021877e-05,0.22636628,0.21019043,-0.016175851,stable
5346,5346,0.9983014,0.00207,0.01231,0.01024,0.01024,3.0156421e-05,0.00035818285,0.00032802642,stable
5123,5123,0.99830204,0.00078,0.00061,-0.00017000001,0.00017000001,2.8696713e-05,1.8830682e-05,-9.866031e-06,stable
1010,1010,0.9983032,0.97353995,0.97371,0.00017005205,0.00017005205,0.25043043,0.2400503,-0.010380134,stable
5465,5465,0.9983051,0.97279,0.97275996,-3.0040741e-05,3.0040741e-05,0.22230004,0.22582121,0.0035211742,stable
5329,5329,0.9983052,0.01504,0.0126,-0.00244,0.00244,0.0017408461,0.0012693586,-0.00047148752,stable
3073,3073,0.99830586,0.01697,0.01684,-0.0001299996,0.0001299996,0.0063144797,0.0048636254,-0.0014508544,stable
1845,1845,0.9983059,0.0010299999,0.00078,-0.00024999992,0.00024999992,3.1017393e-05,2.2822205e-05,-8.195188e-06,stable
3983,3983,0.998306,0.009149999,0.00904,-0.00010999944,0.00010999944,0.00040012665,0.0007702971,0.00037017043,stable
5644,5644,0.9983065,0.97555,0.97874,0.003189981,0.003189981,0.15589607,0.18271998,0.026823908,stable
613,613,0.9983069,0.97846997,0.97884,0.00037002563,0.00037002563,0.18082172,0.17507824,-0.005743474,stable
3645,3645,0.9983074,0.017649999,0.01784,0.00019000098,0.00019000098,0.006432826,0.008355547,0.0019227206,stable
2805,2805,0.998308,0.01691,0.009149999,-0.0077600004,0.0077600004,0.0016400961,0.00069659465,-0.0009435014,stable
2632,2632,0.99830854,0.97396,0.97446996,0.00050997734,0.00050997734,0.30368996,0.2956546,-0.008035362,stable
720,720,0.998309,0.01616,0.01605,-0.00011000037,0.00011000037,0.0015937799,0.0013807215,-0.00021305843,stable
3444,3444,0.99830985,0.00834,0.008549999,0.00020999927,0.00020999927,0.00010635065,0.00016963232,6.328167e-05,stable
3072,3072,0.9983108,0.011829999,0.011159999,-0.00067,0.00067,0.00086144224,0.0006084195,-0.00025302276,stable
4676,4676,0.99831134,0.00071,0.00064,-7.000001e-05,7.000001e-05,2.519643e-05,1.5396454e-05,-9.799976e-06,stable
3748,3748,0.9983114,0.97103,0.9694,-0.0016300082,0.0016300082,0.20898558,0.18944874,-0.019536838,stable
1880,1880,0.9983157,0.97353995,0.97314,-0.00039994717,0.00039994717,0.24725471,0.23458289,-0.012671828,stable
3189,3189,0.9983158,0.00643,0.0050999997,-0.0013300003,0.0013300003,7.424535e-05,8.0304126e-05,6.058777e-06,stable
1459,1459,0.99831593,0.97331,0.97369,0.0003799796,0.0003799796,0.26762795,0.25869253,-0.008935422,stable
3920,3920,0.9983167,0.01469,0.00679,-0.0079,0.0079,0.00025162735,0.00016896837,-8.265898e-05,stable
2475,2475,0.99831676,0.0011199999,0.01507,0.01395,0.01395,2.4497827e-05,0.00079269055,0.00076819275,stable
5689,5689,0.9983196,0.016409999,0.01523,-0.0011799987,0.0011799987,0.0010028444,0.0012018491,0.00019900466,stable
5240,5240,0.9983202,0.978,0.97848,0.0004799962,0.0004799962,0.22349466,0.20462902,-0.018865645,stable
218,218,0.99832106,0.00544,0.0036799998,-0.0017600001,0.0017600001,6.251615e-05,3.805752e-05,-2.445863e-05,stable
1608,1608,0.99832165,0.01509,0.015029999,-6.0000457e-05,6.0000457e-05,0.0010948885,0.0010135227,-8.136581e-05,stable
3860,3860,0.9983244,0.97252,0.97319996,0.0006799698,0.0006799698,0.22628027,0.23127079,0.004990518,stable
3700,3700,0.9983255,0.97317,0.97195995,-0.0012100339,0.0012100339,0.21532622,0.19567445,-0.01965177,stable
5365,5365,0.9983262,0.98735,0.98932,0.001969993,0.001969993,0.22693795,0.23575945,0.008821502,stable
3462,3462,0.9983281,0.97159,0.97103,-0.00055998564,0.00055998564,0.22425373,0.22090574,-0.003347993,stable
40,40,0.99833035,0.0007,0.0009999999,0.00029999996,0.00029999996,2.7829312e-05,3.0453157e-05,2.623845e-06,stable
3530,3530,0.99833274,0.97810996,0.97819,8.004904e-05,8.004904e-05,0.22682336,0.21849324,-0.008330122,stable
496,496,0.99833345,0.97530997,0.97624,0.0009300113,0.0009300113,0.21429414,0.2193262,0.0050320625,stable
5766,5766,0.99833703,0.97020996,0.96967,-0.0005399585,0.0005399585,0.18827926,0.18698098,-0.0012982786,stable
3790,3790,0.9983375,0.97309,0.97258997,-0.00050002337,0.00050002337,0.23044136,0.21588254,-0.014558822,stable
608,608,0.9983393,0.009149999,0.00901,-0.0001399992,0.0001399992,0.0011331452,0.0011033933,-2.9751915e-05,stable
4369,4369,0.9983416,0.97419,0.97556996,0.0013799667,0.0013799667,0.27970794,0.24752147,-0.032186463,stable
3404,3404,0.9983419,0.0014,0.00108,-0.00032,0.00032,4.527975e-05,3.991238e-05,-5.367372e-06,stable
2808,2808,0.9983429,0.97388995,0.97419995,0.00031000376,0.00031000376,0.26106995,0.2587957,-0.002274245,stable
1046,1046,0.9983434,0.01732,0.01633,-0.0009899996,0.0009899996,0.003448569,0.0022124695,-0.0012360995,stable
6030,6030,0.99834514,0.97282,0.97255,-0.00027000904,0.00027000904,0.23250179,0.2236459,-0.008855894,stable
5791,5791,0.99834526,0.01891,0.01891,0.0,0.0,0.0037205177,0.0035311934,-0.00018932438,stable
4207,4207,0.9983469,0.97303,0.97270995,-0.00032001734,0.00032001734,0.2246551,0.21220292,-0.012452185,stable
6104,6104,0.9983475,0.015009999,0.01303,-0.0019799992,0.0019799992,0.0015562909,0.0012291006,-0.00032719027,stable
1448,1448,0.9983485,0.00981,0.0103,0.0004900005,0.0004900005,0.00048583778,0.0006009485,0.00011511074,stable
514,514,0.9983506,0.97270995,0.97274995,3.9994717e-05,3.9994717e-05,0.23544319,0.23021708,-0.0052261055,stable
3595,3595,0.99835145,0.98244995,0.99100995,0.008560002,0.008560002,0.32190025,0.3076012,-0.014299035,stable
5830,5830,0.99835193,0.01203,0.00125,-0.01078,0.01078,0.00041751532,3.4584635e-05,-0.00038293068,stable
1289,1289,0.9983524,0.00145,0.00099,-0.00046,0.00046,4.2484437e-05,3.52409e-05,-7.243536e-06,stable
1235,1235,0.99835336,0.015079999,0.01644,0.001360001,0.001360001,0.000659729,0.0010337916,0.00037406257,stable
5904,5904,0.99835414,0.00107,0.01722,0.01615,0.01615,3.0892053e-05,0.0038231225,0.0037922305,stable
917,917,0.9983546,0.00852,0.00317,-0.0053499998,0.0053499998,0.0005835577,3.4762343e-05,-0.00054879533,stable
5470,5470,0.9983578,0.010079999,0.00932,-0.00075999927,0.00075999927,0.0012093572,0.0005258708,-0.00068348635,stable
4225,4225,0.99836123,0.008789999,0.00598,-0.0028099995,0.0028099995,0.00055243436,4.0851854e-05,-0.0005115825,stable
3745,3745,0.9983617,0.97145,0.97111,-0.0003399849,0.0003399849,0.20974849,0.2017306,-0.008017898,stable
2731,2731,0.9983618,0.015029999,0.01352,-0.0015099999,0.0015099999,0.0010704771,0.00078693015,-0.00028354692,stable
1721,1721,0.9983627,0.017439999,0.01715,-0.00028999895,0.00028999895,0.0025999865,0.003502829,0.0009028425,stable
3851,3851,0.99836826,0.01627,0.01623,-4.0000305e-05,4.0000305e-05,0.0014252893,0.0015070849,8.179562e-05,stable
4808,4808,0.9983684,0.97941,0.97915995,-0.00025004148,0.00025004148,0.2464776,0.23682031,-0.009657294,stable
5325,5325,0.99836946,0.97099,0.97011,-0.000880003,0.000880003,0.21055551,0.19445965,-0.016095862,stable
3098,3098,0.9983697,0.97382,0.97415,0.00033003092,0.00033003092,0.22150171,0.23305674,0.011555031,stable
243,243,0.9983723,0.01635,0.00077,-0.015579999,0.015579999,0.002448396,2.1244767e-05,-0.0024271512,stable
1132,1132,0.99837244,0.972,0.97163,-0.00037002563,0.00037002563,0.23101684,0.21906649,-0.011950359,stable
601,601,0.99837255,0.97555,0.97494,-0.00060999393,0.00060999393,0.24510242,0.23845123,-0.006651193,stable
2630,2630,0.998374,0.01759,0.017199999,-0.00039000064,0.00039000064,0.003007016,0.002594631,-0.00041238498,stable
990,990,0.9983742,0.98932,0.99017,0.00085002184,0.00085002184,0.27539545,0.28265727,0.0072618127,stable
4945,4945,0.99837506,0.97037995,0.97129,0.0009100437,0.0009100437,0.20268035,0.20125726,-0.0014230907,stable
4288,4288,0.99837554,0.98240995,0.98217,-0.0002399683,0.0002399683,0.22064148,0.22259527,0.0019537956,stable
228,228,0.99837613,0.97419,0.97383,-0.00036001205,0.00036001205,0.27344006,0.2588023,-0.014637768,stable
5012,5012,0.99837613,0.00861,0.00121,-0.0074,0.0074,0.0004387284,3.321055e-05,-0.00040551784,stable
9,9,0.9983776,0.00881,0.00863,-0.00017999951,0.00017999951,0.0008145926,0.0005797367,-0.00023485586,stable
1060,1060,0.998378,0.017509999,0.0174,-0.00010999851,0.00010999851,0.006561802,0.0065256516,-3.6150217e-05,stable
5577,5577,0.9983803,0.00101,0.01485,0.01384,0.01384,3.1763167e-05,0.0008017523,0.00076998916,stable
1198,1198,0.9983814,0.00949,0.01294,0.0034499997,0.0034499997,0.00092120434,0.0015516464,0.00063044205,stable
4258,4258,0.9983829,0.010079999,0.01162,0.0015400006,0.0015400006,0.00022293883,0.0003031917,8.025285e-05,stable
3655,3655,0.9983839,0.00948,0.00821,-0.0012699999,0.0012699999,0.00039698882,8.902319e-05,-0.00030796562,stable
2485,2485,0.9983844,0.00901,0.009529999,0.0005199993,0.0005199993,0.00017383891,0.0003824878,0.0002086489,stable
1310,1310,0.99838454,0.97025996,0.97081,0.00055003166,0.00055003166,0.20088488,0.20081787,-6.701052e-05,stable
1804,1804,0.99838585,0.01677,0.013719999,-0.0030500004,0.0030500004,0.0021204187,0.0015368861,-0.0005835326,stable
4503,4503,0.99838686,0.01722,0.01588,-0.00134,0.00134,0.0017197204,0.0010043533,-0.00071536715,stable
2932,2932,0.9983871,0.98068,0.98905,0.008369982,0.008369982,0.31206203,0.28175196,-0.030310065,stable
843,843,0.9983875,0.00128,0.00077,-0.00051,0.00051,4.9785365e-05,2.9466188e-05,-2.0319178e-05,stable
406,406,0.99838877,0.01771,0.017099999,-0.0006100014,0.0006100014,0.007547772,0.00821692,0.0006691483,stable
746,746,0.99838877,0.00107,0.008289999,0.007219999,0.007219999,2.163876e-05,0.0005680378,0.00054639904,stable
5611,5611,0.998389,0.00895,0.009269999,0.00031999964,0.00031999964,0.00050247845,0.000617416,0.000114937546,stable
360,360,0.9983919,0.01509,0.0135699995,-0.0015200004,0.0015200004,0.001313797,0.0011056477,-0.00020814931,stable
231,231,0.998392,0.97306997,0.97279,-0.00027996302,0.00027996302,0.23496853,0.23082921,-0.004139319,stable
2364,2364,0.9983921,0.01613,0.016449999,0.0003199987,0.0003199987,0.0031278075,0.004029651,0.00090184365,stable
4073,4073,0.9983921,0.97129995,0.97090995,-0.0003899932,0.0003899932,0.23074411,0.21809492,-0.012649193,stable
1181,1181,0.9983932,0.01773,0.01743,-0.0002999995,0.0002999995,0.0040144883,0.0039567687,-5.7719648e-05,stable
929,929,0.9983933,0.97151,0.97868997,0.0071799755,0.0071799755,0.20912668,0.20486417,-0.004262507,stable
5108,5108,0.99839413,0.97277,0.97244,-0.0003299713,0.0003299713,0.21729021,0.20797111,-0.009319097,stable
2956,2956,0.998397,0.97288996,0.97240996,-0.0004799962,0.0004799962,0.2386434,0.22352162,-0.015121773,stable
387,387,0.99839747,0.01699,0.01567,-0.0013200007,0.0013200007,0.0013872177,0.0007322412,-0.00065497647,stable
5374,5374,0.9983975,0.97224,0.97292995,0.00068998337,0.00068998337,0.2171634,0.21661453,-0.0005488694,stable
1453,1453,0.99839973,0.01649,0.01673,0.00023999996,0.00023999996,0.0020263921,0.0026769198,0.00065052765,stable
2338,2338,0.9984002,0.98261,0.98252,-9.000301e-05,9.000301e-05,0.26410916,0.26422733,0.00011816621,stable
652,652,0.99840105,0.00127,0.0076499996,0.0063799997,0.0063799997,6.348981e-05,9.030298e-05,2.681317e-05,stable
6031,6031,0.9984017,0.97503,0.97437996,-0.00065004826,0.00065004826,0.28289303,0.26592746,-0.016965568,stable
47,47,0.9984051,0.01438,0.01316,-0.00122,0.00122,0.00075602985,0.00068240415,-7.3625706e-05,stable
4753,4753,0.99840575,0.97240996,0.97293997,0.0005300045,0.0005300045,0.22904298,0.21723466,-0.011808321,stable
3392,3392,0.9984065,0.00916,0.011399999,0.0022399994,0.0022399994,0.00029028056,0.0004653333,0.00017505273,stable
5558,5558,0.9984068,0.97204,0.97244,0.00040000677,0.00040000677,0.22635123,0.22267637,-0.0036748648,stable
5327,5327,0.9984081,0.0138,0.011539999,-0.0022600004,0.0022600004,0.0010455389,0.00071837235,-0.00032716658,stable
1104,1104,0.99840915,0.97234,0.97306997,0.0007299781,0.0007299781,0.22587533,0.23375718,0.00788185,stable
6069,6069,0.9984094,0.01739,0.01718,-0.0002100002,0.0002100002,0.0019135751,0.0016001733,-0.0003134018,stable
636,636,0.99840975,0.9712,0.97178996,0.0005899668,0.0005899668,0.19272378,0.20295507,0.010231286,stable
4045,4045,0.9984108,0.0019699999,0.00083,-0.0011399998,0.0011399998,8.704437e-05,3.1345582e-05,-5.5698787e-05,stable
5722,5722,0.99841106,0.014049999,0.014509999,0.00045999978,0.00045999978,0.00094598567,0.0007025751,-0.00024341058,stable
2763,2763,0.99841416,0.00899,0.0013799999,-0.00761,0.00761,0.0001961528,4.4201533e-05,-0.00015195127,stable
4486,4486,0.99841624,0.97014,0.969,-0.0011399984,0.0011399984,0.18909113,0.17092012,-0.018171012,stable
4939,4939,0.9984163,0.00852,0.00078999996,-0.0077299997,0.0077299997,0.0007218956,3.0369796e-05,-0.0006915258,stable
4000,4000,0.998417,0.97141,0.97182995,0.00041997433,0.00041997433,0.23351598,0.22935484,-0.0041611344,stable
212,212,0.99841785,0.9711,0.97069997,-0.00040000677,0.00040000677,0.19850798,0.19460984,-0.0038981438,stable
1433,1433,0.9984183,0.98332995,0.98313,-0.00019997358,0.00019997358,0.28862286,0.26917413,-0.019448727,stable
1925,1925,0.99841964,0.98919,0.98867995,-0.00051003695,0.00051003695,0.26512277,0.2477455,-0.017377272,stable
4542,4542,0.9984219,0.97145,0.97217,0.0007200241,0.0007200241,0.23803695,0.23847288,0.00043593347,stable
4582,4582,0.9984226,0.009389999,0.00914,-0.00024999958,0.00024999958,0.00052577973,0.00043679873,-8.8981e-05,stable
5426,5426,0.99842274,0.01752,0.01709,-0.00042999908,0.00042999908,0.007001818,0.004716952,-0.0022848663,stable
3457,3457,0.9984232,0.97358,0.97454,0.0009599924,0.0009599924,0.24136406,0.23997667,-0.0013873875,stable
1779,1779,0.9984238,0.0011,0.00875,0.00765,0.00765,3.43065e-05,0.0006536539,0.0006193474,stable
1919,1919,0.9984238,0.9711,0.97128,0.00018000603,0.00018000603,0.20761093,0.20972899,0.002118051,stable
469,469,0.99842495,0.00908,0.00924,0.00015999936,0.00015999936,0.00044388213,0.0006402963,0.00019641418,stable
5159,5159,0.99842525,0.01729,0.01444,-0.0028499998,0.0028499998,0.0014608228,0.0010404636,-0.0004203592,stable
3097,3097,0.998426,0.00134,0.00099,-0.00035,0.00035,5.528471e-05,3.177328e-05,-2.3511428e-05,stable
863,863,0.9984274,0.01559,0.01483,-0.0007600002,0.0007600002,0.002041956,0.0017331012,-0.00030885474,stable
5764,5764,0.9984275,0.9845,0.98985,0.0053499937,0.0053499937,0.2821274,0.25851443,-0.023612976,stable
3540,3540,0.9984276,0.0018099999,0.0010299999,-0.00078,0.00078,6.422258e-05,3.914965e-05,-2.5072928e-05,stable
1890,1890,0.99842894,0.008979999,0.00869,-0.00028999988,0.00028999988,0.00043099854,0.00052647927,9.548073e-05,stable
2921,2921,0.99842906,0.97432,0.97375,-0.0005699992,0.0005699992,0.28167692,0.27088347,-0.0107934475,stable
1937,1937,0.9984298,0.01698,0.015489999,-0.0014900006,0.0014900006,0.0009396068,0.0007613518,-0.00017825502,stable
198,198,0.9984311,0.017029999,0.00335,-0.013679999,0.013679999,0.0010148236,4.7758967e-05,-0.0009670646,stable
2158,2158,0.9984318,0.97419,0.97392,-0.00027000904,0.00027000904,0.25490606,0.25709423,0.002188176,stable
2426,2426,0.9984326,0.01007,0.0087,-0.0013699997,0.0013699997,0.0012024828,0.00055073353,-0.0006517493,stable
1771,1771,0.99843323,0.97113997,0.97126997,0.00012999773,0.00012999773,0.21124409,0.21078886,-0.00045523047,stable
5130,5130,0.99843335,0.012809999,0.01022,-0.0025899997,0.0025899997,0.00024275974,0.00013294618,-0.000109813554,stable
4634,4634,0.9984356,0.01268,0.008599999,-0.0040800003,0.0040800003,0.0011343968,0.00016998238,-0.0009644144,stable
5961,5961,0.99843574,0.01654,0.0162,-0.0003399998,0.0003399998,0.0013749754,0.0013701591,-4.8163347e-06,stable
2842,2842,0.99843675,0.97358996,0.97322,-0.00036996603,0.00036996603,0.22992063,0.23074366,0.00082303584,stable
4116,4116,0.99843717,0.97119,0.97165996,0.00046998262,0.00046998262,0.20521289,0.20233846,-0.002874434,stable
15,15,0.9984373,0.00725,0.00703,-0.00021999981,0.00021999981,0.00016181167,0.00016338904,1.5773694e-06,stable
5181,5181,0.9984395,0.97191,0.97791,0.0059999824,0.0059999824,0.19962671,0.1761088,-0.023517907,stable
5486,5486,0.9984405,0.01939,0.01887,-0.00052000023,0.00052000023,0.0034368222,0.0030171953,-0.00041962694,stable
4105,4105,0.9984407,0.00888,0.00919,0.00031000003,0.00031000003,0.0006716438,0.00064895547,-2.2688357e-05,stable
1234,1234,0.99844104,0.98105997,0.98048997,-0.0005699992,0.0005699992,0.22144054,0.21180162,-0.00963892,stable
2152,2152,0.9984422,0.97353995,0.97398996,0.00045001507,0.00045001507,0.28792992,0.27028972,-0.017640203,stable
5039,5039,0.99844337,0.98367,0.98769,0.0040199757,0.0040199757,0.2399335,0.22564471,-0.014288798,stable
5598,5598,0.9984437,0.008549999,0.00078,-0.0077699996,0.0077699996,0.00039352864,2.0156163e-05,-0.00037337246,stable
5024,5024,0.99844396,0.97527,0.97497,-0.00029999018,0.00029999018,0.30385453,0.2903855,-0.013469011,stable
900,900,0.9984448,0.00937,0.008959999,-0.0004100008,0.0004100008,0.0012134707,0.0010197356,-0.00019373512,stable
2677,2677,0.9984448,0.98007,0.98036,0.0002899766,0.0002899766,0.23686332,0.22888938,-0.007973939,stable
4052,4052,0.99844813,0.0013799999,0.009509999,0.008129999,0.008129999,4.544732e-05,0.00033895578,0.00029350846,stable
2161,2161,0.9984485,0.010319999,0.01112,0.0008000005,0.0008000005,0.0006578932,0.0008858206,0.0002279274,stable
1761,1761,0.9984486,0.01729,0.01712,-0.0001699999,0.0001699999,0.0020488433,0.0020605219,1.1678552e-05,stable
5886,5886,0.9984498,0.00087999995,0.00068,-0.00019999995,0.00019999995,2.4968533e-05,1.8933588e-05,-6.034945e-06,stable
3611,3611,0.9984503,0.00084,0.00091,7.000001e-05,7.000001e-05,2.5580406e-05,1.5582122e-05,-9.998284e-06,stable
2938,2938,0.9984511,0.97828996,0.97814,-0.00014996529,0.00014996529,0.19312626,0.18703562,-0.006090641,stable
3852,3852,0.99845266,0.01762,0.017679999,5.9999526e-05,5.9999526e-05,0.0030916417,0.003631957,0.0005403154,stable
4173,4173,0.99845374,0.01705,0.01664,-0.00040999986,0.00040999986,0.0011099706,0.0012101395,0.000100168865,stable
949,949,0.9984541,0.97420996,0.97446996,0.00025999546,0.00025999546,0.2786976,0.27419844,-0.004499167,stable
5666,5666,0.9984546,0.01826,0.01804,-0.00022000074,0.00022000074,0.002700158,0.0023166197,-0.0003835382,stable
2601,2601,0.99845517,0.0007,0.00078999996,8.999999e-05,8.999999e-05,2.1466913e-05,2.617779e-05,4.710877e-06,stable
2448,2448,0.99845695,0.97376996,0.97321,-0.00055998564,0.00055998564,0.2488056,0.24218287,-0.0066227317,stable
3126,3126,0.9984573,0.00077,0.00703,0.00626,0.00626,2.3682474e-05,5.553564e-05,3.1853164e-05,stable
3106,3106,0.9984578,0.0175,0.017409999,-9.000115e-05,9.000115e-05,0.0031210661,0.0019234527,-0.0011976134,stable
5343,5343,0.9984581,0.00909,0.00895,-0.00014000013,0.00014000013,0.0013139864,0.00072879705,-0.0005851893,stable
4509,4509,0.99845845,0.97492,0.97436,-0.00055998564,0.00055998564,0.2695213,0.26060587,-0.008915424,stable
2004,2004,0.9984585,0.016479999,0.010059999,-0.0064199995,0.0064199995,0.0009413258,0.0003097878,-0.000631538,stable
1726,1726,0.99846023,0.97420996,0.97398996,-0.00022000074,0.00022000074,0.25546274,0.2572989,0.0018361509,stable
4382,4382,0.99846196,0.00121,0.01485,0.01364,0.01364,3.615026e-05,0.0006183579,0.00058220763,stable
1458,1458,0.9984622,0.0136899995,0.012709999,-0.00098,0.00098,0.00092002196,0.0007438316,-0.00017619034,stable
2261,2261,0.998464,0.0157,0.01554,-0.00015999936,0.00015999936,0.00070388225,0.00073531823,3.143598e-05,stable
4680,4680,0.9984641,0.01786,0.0018699999,-0.015989998,0.015989998,0.0021874963,4.093827e-05,-0.002146558,stable
5602,5602,0.9984658,0.01742,0.01382,-0.0035999995,0.0035999995,0.0032041918,0.001793996,-0.0014101958,stable
869,869,0.9984673,0.98533,0.98587996,0.00054997206,0.00054997206,0.25164378,0.24057613,-0.011067644,stable
2027,2027,0.9984673,0.008479999,0.0071799997,-0.0012999997,0.0012999997,0.00016087688,0.00011907285,-4.180403e-05,stable
1020,1020,0.99846756,0.96966,0.97740996,0.0077499747,0.0077499747,0.20829721,0.20752457,-0.0007726401,stable
2237,2237,0.99846774,0.98677,0.98686,9.000301e-05,9.000301e-05,0.20202243,0.19959773,-0.002424702,stable
2710,2710,0.99846774,0.01743,0.01715,-0.00028000027,0.00028000027,0.006589409,0.0047613843,-0.0018280246,stable
754,754,0.998468,0.0155299995,0.01582,0.0002900008,0.0002900008,0.0015980777,0.0015666223,-3.145542e-05,stable
5882,5882,0.9984702,0.01478,0.01254,-0.0022400003,0.0022400003,0.0017166209,0.0015676478,-0.00014897308,stable
362,362,0.9984705,0.01711,0.01062,-0.0064899996,0.0064899996,0.0029110936,0.0017500906,-0.001161003,stable
4537,4537,0.99847054,0.97366,0.97313,-0.0005300045,0.0005300045,0.256468,0.24229892,-0.014169082,stable
1586,1586,0.99847066,0.96853995,0.96883,0.0002900362,0.0002900362,0.17445536,0.18225981,0.0078044534,stable
2868,2868,0.99847126,0.01753,0.01691,-0.00062000006,0.00062000006,0.0018449444,0.0020246962,0.00017975178,stable
5066,5066,0.99847126,0.0130199995,0.01313,0.00011000037,0.00011000037,0.0009761182,0.0008178975,-0.0001582207,stable
3027,3027,0.99847233,0.0179,0.01709,-0.0008099992,0.0008099992,0.0032473525,0.0021987914,-0.0010485612,stable
5322,5322,0.9984729,0.01699,0.0095999995,-0.007390001,0.007390001,0.0028099904,0.001156849,-0.0016531415,stable
2957,2957,0.99847364,0.01723,0.01097,-0.00626,0.00626,0.001775115,0.00083112495,-0.0009439901,stable
993,993,0.9984746,0.00883,0.00869,-0.00014000013,0.00014000013,0.00023853172,0.0005490986,0.00031056686,stable
1862,1862,0.99847543,0.97286,0.97236997,-0.0004900098,0.0004900098,0.2325405,0.22257602,-0.009964481,stable
2897,2897,0.99847555,0.01005,0.00715,-0.0028999997,0.0028999997,0.00028207336,5.5433917e-05,-0.00022663944,stable
2969,2969,0.9984771,0.01577,0.01718,0.00141,0.00141,0.00056147715,0.0030976485,0.0025361713,stable
3079,3079,0.9984774,0.00061,0.00068,7.000001e-05,7.000001e-05,1.8069792e-05,1.6344142e-05,-1.7256498e-06,stable
825,825,0.9984789,0.98761,0.98326,-0.0043500066,0.0043500066,0.3249039,0.32186052,-0.0030433834,stable
2290,2290,0.9984813,0.01726,0.01519,-0.0020700004,0.0020700004,0.0009768121,0.0004906076,-0.00048620452,stable
2275,2275,0.9984814,0.00545,0.00075999997,-0.00469,0.00469,5.0087983e-05,3.1863026e-05,-1.8224957e-05,stable
3325,3325,0.99848276,0.97385997,0.97358,-0.00027996302,0.00027996302,0.2586688,0.2412925,-0.017376304,stable
3201,3201,0.9984852,0.01242,0.01186,-0.0005599996,0.0005599996,0.00044242103,0.00026046683,-0.00018195421,stable
4992,4992,0.9984852,0.00948,0.01205,0.0025700005,0.0025700005,0.0008248759,0.0010167214,0.00019184547,stable
2064,2064,0.99848557,0.96646,0.9697,0.0032399893,0.0032399893,0.12818684,0.16353239,0.035345554,stable
3251,3251,0.9984857,0.01632,0.01601,-0.00031000003,0.00031000003,0.0025125463,0.0020221237,-0.0004904226,stable
2560,2560,0.9984894,0.97424,0.97431,6.997585e-05,6.997585e-05,0.2712951,0.2762558,0.004960686,stable
2412,2412,0.99849087,0.97129995,0.9712,-9.995699e-05,9.995699e-05,0.1905167,0.19708604,0.006569341,stable
1322,1322,0.9984926,0.98888,0.98949,0.00060999393,0.00060999393,0.23928021,0.23937914,9.892881e-05,stable
807,807,0.99849284,0.00078999996,0.00072999997,-5.999999e-05,5.999999e-05,2.5222413e-05,2.4919547e-05,-3.0286537e-07,stable
3490,3490,0.99849284,0.01236,0.00284,-0.00952,0.00952,0.00037467934,0.00010238657,-0.00027229276,stable
2196,2196,0.998493,0.01153,0.01058,-0.00095000025,0.00095000025,0.0010153204,0.00072164816,-0.00029367226,stable
728,728,0.99849373,0.97287,0.97380996,0.00093996525,0.00093996525,0.24470906,0.2368821,-0.007826954,stable
1032,1032,0.9984949,0.00049999997,0.00047,-2.9999967e-05,2.9999967e-05,1.460576e-05,1.1061615e-05,-3.5441453e-06,stable
4692,4692,0.9984949,0.00072,0.00065999996,-6.000005e-05,6.000005e-05,1.8151923e-05,1.3284471e-05,-4.867452e-06,stable
5412,5412,0.9984951,0.9737,0.97331,-0.0003899932,0.0003899932,0.21736968,0.21125062,-0.0061190575,stable
657,657,0.9984978,0.01695,0.016409999,-0.0005400013,0.0005400013,0.001516853,0.0015551365,3.8283528e-05,stable
373,373,0.99849963,0.97301996,0.97261,-0.00040996075,0.00040996075,0.24648406,0.23375297,-0.01273109,stable
2874,2874,0.9984999,0.015389999,0.01628,0.0008899998,0.0008899998,0.0014153607,0.0014820602,6.669946e-05,stable
3303,3303,0.9984999,0.01729,0.01002,-0.00727,0.00727,0.0036460531,0.0007502279,-0.0028958253,stable
3399,3399,0.9985022,0.97427,0.97461,0.0003399849,0.0003399849,0.29673362,0.28595015,-0.010783464,stable
1469,1469,0.99850225,0.01133,0.0010299999,-0.0103,0.0103,0.00068325264,3.382486e-05,-0.00064942776,stable
2526,2526,0.99850374,0.9738,0.97473997,0.00093996525,0.00093996525,0.26589334,0.2503354,-0.015557945,stable
1154,1154,0.998505,0.00134,0.00094,-0.00039999996,0.00039999996,3.6821755e-05,2.4709187e-05,-1.2112569e-05,stable
3751,3751,0.9985051,0.017269999,0.01695,-0.0003199987,0.0003199987,0.0008392906,0.00078253576,-5.6754856e-05,stable
986,986,0.9985055,0.00976,0.008979999,-0.00078000035,0.00078000035,0.001148915,0.0007375315,-0.00041138352,stable
457,457,0.9985062,0.0116799995,0.008909999,-0.0027700001,0.0027700001,0.0015722879,0.0011380271,-0.00043426082,stable
29,29,0.99850774,0.01547,0.01722,0.0017499998,0.0017499998,0.00085227675,0.0027417743,0.0018894975,stable
2591,2591,0.9985095,0.01187,0.00901,-0.0028599994,0.0028599994,0.00090695254,0.00035543105,-0.0005515215,stable
2864,2864,0.99851066,0.01752,0.01736,-0.00015999936,0.00015999936,0.0013909691,0.0024569363,0.0010659671,stable
4772,4772,0.9985107,0.01471,0.01263,-0.00208,0.00208,0.0014659616,0.0011698105,-0.00029615103,stable
5099,5099,0.99851143,0.01507,0.00468,-0.01039,0.01039,0.0005264698,8.395515e-05,-0.00044251463,stable
2696,2696,0.9985125,0.00826,0.00881,0.00055,0.00055,0.000107846456,0.00030701657,0.00019917011,stable
1694,1694,0.9985126,0.017169999,0.008669999,-0.0084999995,0.0084999995,0.0024650397,0.000405391,-0.0020596487,stable
4100,4100,0.99851274,0.97492,0.97472996,-0.00019001961,0.00019001961,0.2811846,0.27166328,-0.009521335,stable
904,904,0.9985128,0.97247,0.97674996,0.004279971,0.004279971,0.23478477,0.21958213,-0.0152026415,stable
1123,1123,0.99851286,0.014889999,0.0101499995,-0.00474,0.00474,0.0012600994,0.0005931218,-0.00066697755,stable
3505,3505,0.9985137,0.00153,0.0011199999,-0.0004100001,0.0004100001,6.252687e-05,3.885352e-05,-2.3673354e-05,stable
2782,2782,0.9985147,0.97404,0.97345,-0.0005899668,0.0005899668,0.24531953,0.24980864,0.004489109,stable
4623,4623,0.99851537,0.97165996,0.97224,0.0005800128,0.0005800128,0.2112207,0.2080466,-0.0031740963,stable
266,266,0.99851745,0.97441995,0.9736,-0.0008199811,0.0008199811,0.24973822,0.23851365,-0.011224568,stable
2182,2182,0.998518,0.00955,0.0091699995,-0.0003800001,0.0003800001,0.00044080644,0.0002655837,-0.00017522275,stable
3007,3007,0.99851835,0.01418,0.010489999,-0.0036900006,0.0036900006,0.0021136971,0.0013772945,-0.0007364026,stable
1392,1392,0.99851876,0.00099,0.0007,-0.00029,0.00029,3.8129303e-05,2.5262963e-05,-1.286634e-05,stable
5269,5269,0.99852127,0.00877,0.00904,0.00026999973,0.00026999973,0.00020972714,0.000635094,0.00042536686,stable
769,769,0.99852276,0.97407997,0.97281,-0.0012699962,0.0012699962,0.26499072,0.24158086,-0.023409858,stable
3175,3175,0.9985233,0.01712,0.01628,-0.0008400008,0.0008400008,0.0042599277,0.0019445419,-0.0023153857,stable
2220,2220,0.9985235,0.97770995,0.97134,-0.0063699484,0.0063699484,0.2119289,0.20732589,-0.0046030134,stable
2665,2665,0.99852526,0.00397,0.013619999,0.009649999,0.009649999,3.394287e-05,0.0013984662,0.0013645233,stable
4060,4060,0.99852616,0.97731,0.97786,0.00054997206,0.00054997206,0.1651357,0.1802369,0.015101209,stable
4541,4541,0.9985279,0.97393,0.97335,-0.0005800128,0.0005800128,0.2652959,0.24529503,-0.02000086,stable
4465,4465,0.99852896,0.0169,0.016139999,-0.0007600002,0.0007600002,0.0019634112,0.0019456835,-1.7727725e-05,stable
4408,4408,0.9985299,0.01674,0.01699,0.0002500005,0.0002500005,0.0019246658,0.003505168,0.0015805023,stable
806,806,0.99853253,0.97207,0.97064996,-0.001420021,0.001420021,0.20272648,0.19835031,-0.004376173,stable
4860,4860,0.9985336,0.98801,0.98784,-0.00016999245,0.00016999245,0.2410847,0.2341655,-0.0069191903,stable
870,870,0.9985343,0.00833,0.00826,-7.000007e-05,7.000007e-05,0.000780101,0.000681404,-9.869697e-05,stable
562,562,0.9985359,0.01632,0.0098,-0.0065199994,0.0065199994,0.0018598983,0.0009985304,-0.0008613679,stable
237,237,0.99853593,0.00912,0.00873,-0.0003899997,0.0003899997,0.0007622702,0.00043035467,-0.0003319155,stable
5565,5565,0.99853915,0.01352,0.0094099995,-0.00411,0.00411,0.0011222279,0.0008893369,-0.00023289095,stable
3539,3539,0.9985406,0.98674995,0.98674,-9.953976e-06,9.953976e-06,0.1896851,0.19335774,0.0036726296,stable
1087,1087,0.99854136,0.00075999997,0.00825,0.0074899998,0.0074899998,2.2505814e-05,0.00032061577,0.00029810995,stable
704,704,0.9985416,0.00691,0.017479999,0.010569999,0.010569999,0.000102803286,0.0016780212,0.0015752178,stable
4013,4013,0.99854237,0.97331995,0.97310996,-0.00020998716,0.00020998716,0.22296724,0.22086644,-0.0021007955,stable
5229,5229,0.9985428,0.01244,0.01084,-0.0016000001,0.0016000001,0.00070921046,0.00030221415,-0.00040699632,stable
3532,3532,0.998544,0.01676,0.00757,-0.009189999,0.009189999,0.001921858,0.000110149136,-0.0018117089,stable
3042,3042,0.9985469,0.97354996,0.97297996,-0.0005699992,0.0005699992,0.2274364,0.2152304,-0.012205988,stable
3836,3836,0.99854743,0.01564,0.01277,-0.00287,0.00287,0.0012963255,0.0011693187,-0.00012700679,stable
4359,4359,0.9985478,0.98052996,0.9806,7.003546e-05,7.003546e-05,0.22192629,0.22179554,-0.00013074279,stable
3190,3190,0.99854827,0.009,0.007929999,-0.0010700002,0.0010700002,0.000786854,0.00011858633,-0.00066826766,stable
1450,1450,0.99855113,0.00081,0.00844,0.00763,0.00763,3.483565e-05,0.0003191638,0.00028432815,stable
2256,2256,0.99855125,0.00797,0.0018999999,-0.0060699997,0.0060699997,0.00010973631,4.6885834e-05,-6.285048e-05,stable
3023,3023,0.9985516,0.01595,0.01616,0.0002100002,0.0002100002,0.0018238674,0.0019063272,8.245977e-05,stable
607,607,0.998552,0.009,0.008669999,-0.00033000018,0.00033000018,0.00019244019,0.0009170777,0.00072463753,stable
1734,1734,0.99855274,0.00997,0.0117999995,0.0018299995,0.0018299995,0.0010100974,0.0008530168,-0.00015708065,stable
1204,1204,0.99855316,0.00847,0.00124,-0.0072299996,0.0072299996,0.00011140604,3.417827e-05,-7.722777e-05,stable
4352,4352,0.9985534,0.01757,0.01711,-0.0004600007,0.0004600007,0.007665929,0.007134871,-0.0005310578,stable
3197,3197,0.9985547,0.00878,0.00227,-0.0065099997,0.0065099997,0.00015161962,2.5008092e-05,-0.00012661153,stable
3868,3868,0.9985547,0.9738,0.97292,-0.000880003,0.000880003,0.22634672,0.2157134,-0.01063332,stable
139,139,0.99855506,0.01466,0.01301,-0.00165,0.00165,0.0010197671,0.00067119085,-0.0003485763,stable
4610,4610,0.99855506,0.00814,0.00049,-0.0076499996,0.0076499996,0.0001695088,1.42865865e-05,-0.00015522221,stable
1304,1304,0.99855524,0.00055999996,0.00062999997,7.000001e-05,7.000001e-05,1.6568174e-05,1.3175731e-05,-3.3924434e-06,stable
4625,4625,0.9985573,0.01222,0.0090499995,-0.0031700004,0.0031700004,0.0010919016,0.00038573684,-0.00070616475,stable
4557,4557,0.99855876,0.01627,0.014029999,-0.0022400012,0.0022400012,0.0006305688,0.00021701443,-0.00041355434,stable
1962,1962,0.9985588,0.01835,0.01778,-0.0005699992,0.0005699992,0.0038651724,0.0038898888,2.471637e-05,stable
4445,4445,0.99855936,0.010129999,0.014599999,0.00447,0.00447,0.000723408,0.0010860595,0.00036265148,stable
5364,5364,0.99856174,0.00111,0.01155,0.01044,0.01044,3.939882e-05,0.0002462724,0.00020687358,stable
3761,3761,0.9985626,0.01737,0.016169999,-0.0012000017,0.0012000017,0.004496324,0.0018515118,-0.0026448122,stable
413,413,0.9985633,0.0095,0.01143,0.0019300003,0.0019300003,0.0012039263,0.0011284389,-7.548742e-05,stable
4399,4399,0.99856526,0.01714,0.015,-0.0021399995,0.0021399995,0.0030625842,0.0025011704,-0.0005614138,stable
2568,2568,0.99856544,0.01743,0.01737,-5.9999526e-05,5.9999526e-05,0.006854735,0.0063845604,-0.00047017448,stable
1763,1763,0.99856603,0.00143,0.01709,0.015660001,0.015660001,3.5407338e-05,0.0020105497,0.0019751424,stable
4502,4502,0.9985666,0.01222,0.01365,0.0014300002,0.0014300002,0.0005995069,0.00072408805,0.00012458116,stable
2127,2127,0.99856675,0.00913,0.00899,-0.00014000013,0.00014000013,0.00047557204,0.00045015643,-2.5415618e-05,stable
5176,5176,0.99856794,0.00883,0.01286,0.0040300004,0.0040300004,0.00048006346,0.0009782213,0.0004981578,stable
1371,1371,0.99856853,0.0095,0.010129999,0.0006299997,0.0006299997,0.0010631979,0.0012765318,0.00021333399,stable
2496,2496,0.9985688,0.01084,0.01688,0.0060400004,0.0060400004,0.0009627925,0.004024189,0.0030613965,stable
279,279,0.9985703,0.01644,0.01401,-0.0024300003,0.0024300003,0.0009195889,0.0005726144,-0.00034697453,stable
840,840,0.99857426,0.00873,0.010869999,0.0021399995,0.0021399995,0.0008205557,0.001141844,0.00032128824,stable
3185,3185,0.9985746,0.008239999,0.0008,-0.0074399994,0.0074399994,0.00013736055,2.3399067e-05,-0.00011396148,stable
4226,4226,0.99857485,0.00962,0.00077,-0.00885,0.00885,0.0008140436,2.4025287e-05,-0.00079001836,stable
5714,5714,0.9985754,0.0178,0.017679999,-0.000120000914,0.000120000914,0.0046998844,0.0040792734,-0.000620611,stable
1019,1019,0.998578,0.018849999,0.01723,-0.0016199984,0.0016199984,0.0014282379,0.0015207385,9.250059e-05,stable
221,221,0.9985782,0.017679999,0.0177,2.0001084e-05,2.0001084e-05,0.009605419,0.008838482,-0.0007669367,stable
4297,4297,0.9985787,0.00049999997,0.00047,-2.9999967e-05,2.9999967e-05,1.6396718e-05,1.2875404e-05,-3.5213143e-06,stable
3888,3888,0.9985802,0.016449999,0.01628,-0.0001699999,0.0001699999,0.0012231751,0.00085962715,-0.00036354794,stable
1623,1623,0.99858123,0.00665,0.01036,0.0037099998,0.0037099998,5.3884833e-05,0.00052321283,0.000469328,stable
1976,1976,0.99858224,0.01644,0.01473,-0.0017100004,0.0017100004,0.0009544803,0.000570117,-0.00038436335,stable
3624,3624,0.99858224,0.00093,0.008289999,0.007359999,0.007359999,2.5064015e-05,0.00050990743,0.00048484342,stable
1406,1406,0.9985826,0.01682,0.0166,-0.00022000074,0.00022000074,0.0012919694,0.0014621362,0.00017016672,stable
5165,5165,0.9985834,0.97467995,0.97331995,-0.0013599992,0.0013599992,0.25191367,0.23153329,-0.020380378,stable
1796,1796,0.99858385,0.01726,0.01735,8.999929e-05,8.999929e-05,0.004127327,0.003508119,-0.000619208,stable
136,136,0.9985842,0.97394997,0.97322,-0.0007299781,0.0007299781,0.26029846,0.24732488,-0.012973577,stable
1808,1808,0.99858654,0.00709,0.00088999997,-0.0062,0.0062,8.71214e-05,2.9334735e-05,-5.7786667e-05,stable
1696,1696,0.99858946,0.008909999,0.008959999,4.9999915e-05,4.9999915e-05,0.0013362163,0.00086088176,-0.0004753346,stable
143,143,0.99859,0.017339999,0.017509999,0.0001699999,0.0001699999,0.009096239,0.0078281015,-0.0012681372,stable
602,602,0.9985901,0.008359999,0.00834,-1.9999221e-05,1.9999221e-05,0.0010618547,0.0010543625,-7.492141e-06,stable
2493,2493,0.9985905,0.00115,0.00452,0.00337,0.00337,3.3496035e-05,3.756033e-05,4.0642954e-06,stable
454,454,0.9985907,0.97224,0.97169,-0.00054997206,0.00054997206,0.24320307,0.23621073,-0.00699234,stable
4507,4507,0.99859214,0.9733,0.97814,0.0048400164,0.0048400164,0.22015144,0.22770593,0.0075544864,stable
5285,5285,0.99859214,0.01354,0.00834,-0.0051999995,0.0051999995,0.0015825282,0.0005727962,-0.001009732,stable
5489,5489,0.9985955,0.97211,0.97712,0.005010009,0.005010009,0.22403929,0.20329745,-0.020741835,stable
4837,4837,0.9985957,0.01699,0.015149999,-0.001840001,0.001840001,0.0009480316,0.00088840397,-5.9627637e-05,stable
99,99,0.99859726,0.018579999,0.01746,-0.0011199992,0.0011199992,0.0065092784,0.0072272075,0.0007179291,stable
0,0,0.9985975,0.0111,0.01587,0.0047699995,0.0047699995,0.00032328896,0.00088579784,0.0005625089,stable
3110,3110,0.998598,0.01794,0.016579999,-0.001360001,0.001360001,0.0014208289,0.001437588,1.675915e-05,stable
4266,4266,0.99859834,0.97111,0.98561996,0.014509976,0.014509976,0.1841339,0.19233039,0.008196488,stable
5279,5279,0.99859905,0.012209999,0.00869,-0.0035199998,0.0035199998,0.0010977688,0.00032502806,-0.0007727407,stable
2911,2911,0.99859977,0.01739,0.01552,-0.0018699998,0.0018699998,0.0039115055,0.0015305236,-0.0023809818,stable
3261,3261,0.9986011,0.016239999,0.013309999,-0.0029299995,0.0029299995,0.0012539707,0.00069795945,-0.0005560112,stable
938,938,0.99860144,0.97028,0.98684996,0.016569972,0.016569972,0.19184324,0.19322257,0.001379326,stable
3080,3080,0.9986017,0.97211,0.97199,-0.00011998415,0.00011998415,0.24006261,0.23301665,-0.0070459545,stable
2883,2883,0.99860203,0.00847,0.0058,-0.0026699998,0.0026699998,0.00020309912,4.4912456e-05,-0.00015818665,stable
2148,2148,0.99860233,0.00131,0.00064,-0.00067,0.00067,2.8858602e-05,1.942694e-05,-9.431662e-06,stable
2051,2051,0.9986038,0.018029999,0.017749999,-0.00028000027,0.00028000027,0.0019275232,0.0015039219,-0.00042360125,stable
2892,2892,0.9986044,0.00892,0.0108199995,0.0018999996,0.0018999996,0.00073171523,0.00082304294,9.13277e-05,stable
1481,1481,0.9986049,0.011279999,0.00882,-0.0024599992,0.0024599992,0.00143528,0.0009710974,-0.00046418258,stable
651,651,0.9986054,0.01818,0.01809,-8.999929e-05,8.999929e-05,0.0060493723,0.004943657,-0.001105715,stable
684,684,0.9986056,0.00084999995,0.00075999997,-8.999999e-05,8.999999e-05,2.9579023e-05,2.3881506e-05,-5.697517e-06,stable
3297,3297,0.99860716,0.016719999,0.01485,-0.0018699989,0.0018699989,0.0022295003,0.0019958175,-0.0002336828,stable
3679,3679,0.9986073,0.01643,0.01598,-0.00045000017,0.00045000017,0.0008956695,0.0007781348,-0.00011753471,stable
1545,1545,0.9986079,0.97283995,0.97268,-0.00015997887,0.00015997887,0.25306836,0.2496228,-0.0034455508,stable
2533,2533,0.99860823,0.01601,0.01565,-0.00035999902,0.00035999902,0.0017226211,0.0016215452,-0.00010107597,stable
4848,4848,0.99861073,0.01737,0.0157,-0.0016700011,0.0016700011,0.0017917773,0.0013264284,-0.00046534894,stable
4260,4260,0.99861133,0.014269999,0.0115,-0.0027699992,0.0027699992,0.0013487366,0.0009635809,-0.00038515567,stable
2809,2809,0.99861187,0.01267,0.0056399996,-0.0070300004,0.0070300004,0.00079955196,5.1100553e-05,-0.0007484514,stable
2205,2205,0.99861217,0.00062,0.00061,-1.0000018e-05,1.0000018e-05,2.65772e-05,2.3782753e-05,-2.7944461e-06,stable
4108,4108,0.99861324,0.01739,0.017099999,-0.0002900008,0.0002900008,0.005031698,0.0037958017,-0.0012358963,stable
4779,4779,0.9986141,0.009339999,0.0090499995,-0.00028999988,0.00028999988,0.0006616599,0.0002090901,-0.00045256983,stable
2609,2609,0.9986167,0.01712,0.01685,-0.00026999973,0.00026999973,0.0038312073,0.002845786,-0.0009854212,stable
3360,3360,0.99861795,0.0010599999,0.0009,-0.00015999994,0.00015999994,2.7603413e-05,2.4935955e-05,-2.6674588e-06,stable
4202,4202,0.9986186,0.00893,0.0090499995,0.00011999998,0.00011999998,0.00031410862,0.0004976693,0.00018356065,stable
5079,5079,0.9986193,0.00906,0.00871,-0.00035000034,0.00035000034,0.00093218155,0.0010385676,0.000106386084,stable
5908,5908,0.99862003,0.01746,0.01705,-0.00040999986,0.00040999986,0.008516021,0.008492755,-2.32663e-05,stable
111,111,0.99862313,0.974,0.974,0.0,0.0,0.25771096,0.25672698,-0.0009839833,stable
770,770,0.9986243,0.00104,0.00305,0.00201,0.00201,3.810481e-05,4.261045e-05,4.5056404e-06,stable
4320,4320,0.99862444,0.97268,0.97231996,-0.00036001205,0.00036001205,0.23794354,0.22638234,-0.0115612,stable
1511,1511,0.99862504,0.008959999,0.01505,0.0060900003,0.0060900003,0.0010509025,0.0018543967,0.0008034941,stable
1858,1858,0.9986261,0.00078999996,0.0071,0.00631,0.00631,2.708458e-05,9.2813745e-05,6.572917e-05,stable
3028,3028,0.9986265,0.97428,0.9734,-0.000880003,0.000880003,0.27309754,0.26376656,-0.009330988,stable
1498,1498,0.9986267,0.01728,0.017269999,-1.0000542e-05,1.0000542e-05,0.0070014624,0.009405749,0.0024042865,stable
3494,3494,0.9986268,0.01449,0.01291,-0.0015799999,0.0015799999,0.0015811571,0.0013357349,-0.00024542224,stable
2409,2409,0.99862874,0.01654,0.016889999,0.00034999847,0.00034999847,0.0013560012,0.0020177665,0.0006617652,stable
3388,3388,0.99863076,0.00166,0.00127,-0.00038999994,0.00038999994,4.0864354e-05,3.299099e-05,-7.873365e-06,stable
5948,5948,0.9986315,0.01366,0.009269999,-0.0043900004,0.0043900004,0.0014248135,0.001053053,-0.00037176057,stable
5729,5729,0.99863243,0.01605,0.01023,-0.0058199996,0.0058199996,0.001779689,0.0013707263,-0.00040896272,stable
5050,5050,0.9986341,0.00875,0.01366,0.0049099997,0.0049099997,0.0004014443,0.0008569254,0.0004554811,stable
894,894,0.99863446,0.015579999,0.01483,-0.00074999966,0.00074999966,0.0010976926,0.00092619593,-0.00017149671,stable
6070,6070,0.9986354,0.98679,0.9866,-0.00019001961,0.00019001961,0.21246944,0.20383398,-0.008635461,stable
5266,5266,0.99863565,0.98409,0.98327,-0.0008199811,0.0008199811,0.33941725,0.31222114,-0.02719611,stable
22,22,0.9986359,0.98903996,0.98917997,0.00014001131,0.00014001131,0.259769,0.23593523,-0.023833767,stable
2988,2988,0.9986377,0.013309999,0.0143,0.0009900006,0.0009900006,0.0012082398,0.0013973389,0.00018909911,stable
557,557,0.99863803,0.0010299999,0.00081999996,-0.00020999997,0.00020999997,3.3658933e-05,2.2525806e-05,-1.11331265e-05,stable
3486,3486,0.9986387,0.98657,0.98888,0.002309978,0.002309978,0.22129332,0.25031817,0.029024854,stable
3617,3617,0.99863887,0.97271997,0.98477995,0.012059987,0.012059987,0.25783095,0.24569908,-0.01213187,stable
381,381,0.998639,0.00856,0.01215,0.0035899999,0.0035899999,0.00012122689,0.00073604705,0.00061482016,stable
3690,3690,0.9986434,0.974,0.97231996,-0.0016800165,0.0016800165,0.24014696,0.21312228,-0.027024686,stable
2204,2204,0.9986435,0.0079,0.00839,0.0004900005,0.0004900005,0.00012253896,0.00039256003,0.0002700211,stable
1512,1512,0.9986463,0.98216,0.97348,-0.008679986,0.008679986,0.23409688,0.22606525,-0.0080316365,stable
3881,3881,0.99864656,0.00067,0.0083,0.00763,0.00763,2.2004726e-05,0.00019526292,0.0001732582,stable
24,24,0.9986476,0.97085,0.97081,-3.9994717e-05,3.9994717e-05,0.21471804,0.19891687,-0.015801176,stable
1928,1928,0.9986483,0.0011199999,0.00099,-0.00012999994,0.00012999994,3.070068e-05,2.917263e-05,-1.5280511e-06,stable
1047,1047,0.9986497,0.00122,0.00821,0.0069899997,0.0069899997,3.474554e-05,0.00010552899,7.0783455e-05,stable
5125,5125,0.9986501,0.01255,0.01258,2.9999763e-05,2.9999763e-05,0.0014520907,0.0012395119,-0.0002125788,stable
1934,1934,0.9986513,0.017239999,0.01731,7.000007e-05,7.000007e-05,0.00567837,0.006861515,0.0011831447,stable
5385,5385,0.998652,0.009579999,0.0010599999,-0.00852,0.00852,0.00021242385,2.8293385e-05,-0.00018413046,stable
5301,5301,0.9986526,0.0093,0.00911,-0.00019000005,0.00019000005,0.00070562697,0.00041991862,-0.00028570835,stable
4560,4560,0.99865407,0.00581,0.0067,0.0008899998,0.0008899998,6.547972e-05,8.4494044e-05,1.9014326e-05,stable
4493,4493,0.998655,0.01034,0.01057,0.00023000035,0.00023000035,0.0014364606,0.0013780316,-5.8429083e-05,stable
579,579,0.99865544,0.010059999,0.01045,0.00039000064,0.00039000064,0.0017276523,0.0012605665,-0.00046708575,stable
5949,5949,0.99865574,0.01702,0.01697,-5.0000846e-05,5.0000846e-05,0.004147344,0.0053019426,0.0011545988,stable
2151,2151,0.9986577,0.00878,0.00856,-0.00021999981,0.00021999981,0.0004768163,0.00032285266,-0.00015396363,stable
5445,5445,0.9986581,0.00087999995,0.0086199995,0.0077399993,0.0077399993,2.9107203e-05,0.00016328345,0.00013417624,stable
4810,4810,0.9986588,0.01692,0.0167,-0.00022000074,0.00022000074,0.0068959654,0.0057522557,-0.0011437098,stable
1844,1844,0.99865985,0.97493,0.97445995,-0.00047004223,0.00047004223,0.2938363,0.25964704,-0.034189254,stable
3631,3631,0.9986609,0.0122299995,0.009269999,-0.0029600002,0.0029600002,0.00045318253,0.00028869705,-0.00016448548,stable
3813,3813,0.9986621,0.00435,0.0052,0.00084999995,0.00084999995,4.8485854e-05,5.4652486e-05,6.1666324e-06,stable
4327,4327,0.99866253,0.97598,0.97806996,0.0020899773,0.0020899773,0.20259285,0.19235487,-0.010237977,stable
5188,5188,0.99866307,0.016959999,0.01716,0.00020000152,0.00020000152,0.00097299734,0.0022945947,0.0013215973,stable
3885,3885,0.9986645,0.01811,0.01753,-0.00057999976,0.00057999976,0.0013191768,0.0011851564,-0.00013402035,stable
1544,1544,0.99866456,0.97248,0.97273,0.00024998188,0.00024998188,0.24782665,0.22777504,-0.020051613,stable
1839,1839,0.99866456,0.01925,0.01795,-0.0012999997,0.0012999997,0.005990655,0.005873468,-0.00011718739,stable
4103,4103,0.9986665,0.00077,0.00067,-0.000100000005,0.000100000005,3.1080774e-05,2.5213236e-05,-5.8675378e-06,stable
1650,1650,0.9986681,0.00936,0.0093,-5.9999526e-05,5.9999526e-05,0.0006563337,0.00051836885,-0.00013796485,stable
4387,4387,0.9986682,0.01695,0.0169,-5.0000846e-05,5.0000846e-05,0.005438987,0.0022431954,-0.0031957917,stable
835,835,0.99866855,0.00074,0.00049999997,-0.00024000002,0.00024000002,2.9230654e-05,2.2650502e-05,-6.5801523e-06,stable
3492,3492,0.9986689,0.00976,0.00906,-0.00069999974,0.00069999974,0.0012058723,0.0010459385,-0.00015993381,stable
2639,2639,0.9986701,0.016859999,0.014579999,-0.0022799997,0.0022799997,0.00091293897,0.00040315505,-0.0005097839,stable
1012,1012,0.99867177,0.00065,0.00081,0.00016,0.00016,2.37147e-05,2.8205237e-05,4.4905373e-06,stable
4350,4350,0.99867344,0.01732,0.01673,-0.0005900003,0.0005900003,0.004705467,0.0033314342,-0.0013740326,stable
16,16,0.9986739,0.97283,0.97266996,-0.00016003847,0.00016003847,0.22344577,0.2114649,-0.011980876,stable
423,423,0.9986743,0.0144299995,0.0113699995,-0.00306,0.00306,0.0014835928,0.0013802433,-0.00010334945,stable
2201,2201,0.99867433,0.01229,0.015509999,0.0032199994,0.0032199994,0.0013136306,0.0017364523,0.00042282173,stable
3966,3966,0.99867475,0.0101499995,0.01721,0.0070599997,0.0070599997,0.0011640022,0.0021153162,0.000951314,stable
1997,1997,0.9986749,0.016719999,0.01642,-0.0002999995,0.0002999995,0.0009624438,0.0009736694,1.122558e-05,stable
2059,2059,0.9986763,0.01578,0.01625,0.0004699994,0.0004699994,0.0009827748,0.0013315548,0.00034878007,stable
5321,5321,0.99867666,0.0014899999,0.00659,0.0050999997,0.0050999997,4.9277987e-05,4.2480115e-05,-6.7978726e-06,stable
4730,4730,0.9986769,0.0092899995,0.00945,0.00016000029,0.00016000029,0.00082644325,0.0007523799,-7.406337e-05,stable
571,571,0.99867845,0.01731,0.01736,5.0000846e-05,5.0000846e-05,0.003232705,0.0036219305,0.00038922555,stable
3545,3545,0.99867916,0.00839,0.00096,-0.00743,0.00743,0.00012576443,3.385305e-05,-9.191138e-05,stable
2906,2906,0.9986795,0.97334,0.97283,-0.00050997734,0.00050997734,0.2156879,0.2087217,-0.0069662035,stable
2411,2411,0.99868023,0.017439999,0.01667,-0.0007699989,0.0007699989,0.0022595539,0.0011987417,-0.0010608122,stable
2405,2405,0.99868035,0.015789999,0.01627,0.0004800018,0.0004800018,0.0012228074,0.001237581,1.477357e-05,stable
5208,5208,0.9986805,0.01761,0.01723,-0.0003800001,0.0003800001,0.0040425966,0.0029361062,-0.0011064904,stable
5204,5204,0.99868107,0.012929999,0.01667,0.0037400005,0.0037400005,0.001658208,0.0028794336,0.0012212256,stable
2467,2467,0.9986814,0.00091999996,0.00072,-0.00019999995,0.00019999995,3.1083753e-05,2.5289311e-05,-5.7944417e-06,stable
5712,5712,0.9986814,0.00084,0.01176,0.01092,0.01092,3.1377556e-05,0.000678554,0.00064717646,stable
1584,1584,0.9986818,0.01735,0.01732,-2.9999763e-05,2.9999763e-05,0.004278026,0.0037888489,-0.0004891772,stable
909,909,0.9986832,0.00481,0.00367,-0.0011399998,0.0011399998,6.318813e-05,6.008521e-05,-3.1029158e-06,stable
3006,3006,0.9986837,0.00871,0.00869,-2.0000152e-05,2.0000152e-05,0.000673051,0.00049948995,-0.00017356104,stable
5932,5932,0.99868447,0.00897,0.00909,0.00011999998,0.00011999998,0.0011610172,0.0009102985,-0.00025071873,stable
4671,4671,0.9986859,0.01733,0.01413,-0.0032000002,0.0032000002,0.0014595236,0.0010587564,-0.0004007672,stable
2709,2709,0.99868613,0.012929999,0.01042,-0.002509999,0.002509999,0.0010707773,0.0008539513,-0.00021682598,stable
326,326,0.99868625,0.97436,0.97402996,-0.00033003092,0.00033003092,0.2803781,0.25995672,-0.020421386,stable
5191,5191,0.99868685,0.01742,0.01619,-0.0012299996,0.0012299996,0.0024088086,0.0009007391,-0.0015080695,stable
4781,4781,0.9986882,0.00902,0.00875,-0.00026999973,0.00026999973,0.0005452338,0.00029482367,-0.0002504101,stable
2300,2300,0.9986905,0.00143,0.00111,-0.00032,0.00032,5.5478733e-05,3.5513465e-05,-1.9965268e-05,stable
1620,1620,0.99869084,0.0121,0.016789999,0.004689999,0.004689999,0.0010922822,0.003020404,0.0019281217,stable
3721,3721,0.99869096,0.00067,0.00065,-1.9999978e-05,1.9999978e-05,2.1309943e-05,2.3447614e-05,2.137671e-06,stable
942,942,0.99869233,0.00947,0.00988,0.00040999986,0.00040999986,0.00070349773,0.00079448376,9.0986025e-05,stable
4151,4151,0.99869525,0.01065,0.0137,0.0030500004,0.0030500004,0.0005624268,0.00095840864,0.00039598183,stable
5637,5637,0.9986954,0.00839,0.008719999,0.00032999925,0.00032999925,0.0012357978,0.0014062817,0.00017048395,stable
4898,4898,0.9986982,0.97442997,0.97402,-0.00040996075,0.00040996075,0.2979969,0.27998585,-0.018011063,stable
169,169,0.9987047,0.00857,0.008359999,-0.0002100002,0.0002100002,0.00083626783,0.000889111,5.2843185e-05,stable
3456,3456,0.99870574,0.97578996,0.96897,-0.0068199635,0.0068199635,0.19337882,0.18633048,-0.0070483387,stable
188,188,0.998706,0.0049199997,0.00707,0.00215,0.00215,4.8516762e-05,6.665719e-05,1.8140425e-05,stable
281,281,0.9987069,0.01304,0.01163,-0.00141,0.00141,0.0006544316,0.00035275318,-0.0003016784,stable
4233,4233,0.99870706,0.00091999996,0.00088999997,-2.9999996e-05,2.9999996e-05,3.011405e-05,2.7877482e-05,-2.2365675e-06,stable
4307,4307,0.99870765,0.01728,0.017169999,-0.00011000037,0.00011000037,0.0046846005,0.004409136,-0.00027546473,stable
944,944,0.9987089,0.00895,0.00116,-0.0077899997,0.0077899997,0.00097631145,5.3695476e-05,-0.000922616,stable
4211,4211,0.9987093,0.0126,0.01383,0.0012299996,0.0012299996,0.0006338999,0.0008908212,0.00025692134,stable
5511,5511,0.9987099,0.97178,0.97157997,-0.00020003319,0.00020003319,0.20571765,0.20593634,0.00021868944,stable
2098,2098,0.9987104,0.0039999997,0.00823,0.00423,0.00423,4.746755e-05,0.00012954281,8.207526e-05,stable
344,344,0.99871117,0.015689999,0.012709999,-0.0029799994,0.0029799994,0.0009524923,0.00022673994,-0.0007257523,stable
2505,2505,0.9987113,0.01488,0.014409999,-0.00047000032,0.00047000032,0.0007036524,0.0006556335,-4.8018876e-05,stable
2843,2843,0.99871176,0.01711,0.01698,-0.0001299996,0.0001299996,0.003220843,0.0035057757,0.0002849328,stable
167,167,0.99871266,0.01749,0.01732,-0.0001699999,0.0001699999,0.0059752963,0.007156317,0.0011810209,stable
2865,2865,0.9987129,0.01675,0.01628,-0.00047000125,0.00047000125,0.00085521775,0.0008755487,2.0330946e-05,stable
5231,5231,0.9987129,0.00163,0.016069999,0.014439999,0.014439999,7.939934e-05,0.0013447604,0.0012653611,stable
2787,2787,0.9987143,0.01545,0.01575,0.00030000042,0.00030000042,0.000643864,0.0007191383,7.527432e-05,stable
2819,2819,0.9987143,0.0063199997,0.00921,0.0028900001,0.0028900001,6.0703678e-05,0.0011655766,0.0011048729,stable
1996,1996,0.9987155,0.00859,0.00084,-0.00775,0.00775,0.00042628928,3.0020827e-05,-0.00039626844,stable
878,878,0.9987172,0.00119,0.00104,-0.00014999998,0.00014999998,4.4113738e-05,3.4114666e-05,-9.999072e-06,stable
1590,1590,0.99871784,0.00907,0.0128999995,0.0038299998,0.0038299998,0.0003408545,0.0008360959,0.0004952414,stable
3086,3086,0.9987183,0.00052999996,0.00039,-0.00013999996,0.00013999996,1.809071e-05,1.1516873e-05,-6.573837e-06,stable
4463,4463,0.99871874,0.016169999,0.01261,-0.0035599992,0.0035599992,0.0016975872,0.0008098304,-0.0008877568,stable
5359,5359,0.9987191,0.0175,0.01732,-0.00018000044,0.00018000044,0.0028650023,0.0021461174,-0.00071888487,stable
6,6,0.9987194,0.01729,0.01729,0.0,0.0,0.0033419118,0.003157618,-0.00018429384,stable
1950,1950,0.99871993,0.01282,0.01151,-0.0013100002,0.0013100002,0.0014340264,0.0013735478,-6.0478575e-05,stable
5087,5087,0.99872077,0.0011199999,0.0045499997,0.0034299998,0.0034299998,3.2682714e-05,3.987984e-05,7.1971263e-06,stable
374,374,0.9987209,0.01674,0.0155,-0.0012400001,0.0012400001,0.0019826845,0.0019720187,-1.0665739e-05,stable
525,525,0.99872184,0.01705,0.0168,-0.0002500005,0.0002500005,0.002237941,0.0029519298,0.0007139889,stable
2416,2416,0.99872243,0.0113699995,0.01036,-0.0010099998,0.0010099998,0.0013688754,0.0012254854,-0.00014339003,stable
1860,1860,0.9987234,0.017409999,0.0090499995,-0.008359999,0.008359999,0.0023966986,0.0004985649,-0.0018981337,stable
3511,3511,0.99872345,0.015859999,0.01629,0.00043000095,0.00043000095,0.0013094255,0.0014406331,0.00013120763,stable
1131,1131,0.9987235,0.01715,0.01691,-0.00023999996,0.00023999996,0.0040438874,0.004715394,0.00067150686,stable
1556,1556,0.99872434,0.97301,0.9738,0.00078999996,0.00078999996,0.2582753,0.2587243,0.0004490018,stable
764,764,0.998726,0.97385997,0.97419,0.00033003092,0.00033003092,0.26884264,0.26853946,-0.00030317903,stable
2912,2912,0.99872625,0.00868,0.008719999,3.9999373e-05,3.9999373e-05,0.0005854146,0.00037727997,-0.00020813462,stable
3516,3516,0.99872637,0.0109,0.00991,-0.0009900006,0.0009900006,0.000748077,0.000554222,-0.00019385503,stable
5334,5334,0.99872756,0.0021499998,0.00117,-0.0009799999,0.0009799999,6.915145e-05,5.055503e-05,-1.859642e-05,stable
2742,2742,0.9987282,0.01659,0.01454,-0.0020499993,0.0020499993,0.0008029502,0.0008585834,5.5633194e-05,stable
487,487,0.99872863,0.01812,0.016099999,-0.0020200014,0.0020200014,0.0042033317,0.002072685,-0.0021306467,stable
1859,1859,0.9987288,0.010369999,0.011399999,0.0010299999,0.0010299999,0.0005408325,0.00076270656,0.00022187404,stable
2569,2569,0.9987294,0.96823996,0.96884,0.00060003996,0.00060003996,0.14563459,0.15239805,0.0067634583,stable
2317,2317,0.99873066,0.01292,0.0131399995,0.00021999981,0.00021999981,0.0010783032,0.0012003722,0.00012206903,stable
1508,1508,0.99873114,0.97458,0.97356,-0.0010200143,0.0010200143,0.250697,0.24685484,-0.0038421452,stable
2652,2652,0.9987329,0.012809999,0.01636,0.0035500005,0.0035500005,0.00027714734,0.00096905825,0.0006919109,stable
4866,4866,0.9987334,0.01636,0.00865,-0.0077099996,0.0077099996,0.002543757,0.0009744887,-0.0015692683,stable
1088,1088,0.9987346,0.97459996,0.97387,-0.0007299781,0.0007299781,0.25610778,0.2340834,-0.022024378,stable
5288,5288,0.9987366,0.99003,0.98996997,-6.0021877e-05,6.0021877e-05,0.29998702,0.28200144,-0.017985582,stable
5397,5397,0.9987377,0.01728,0.01676,-0.00052000023,0.00052000023,0.0015275491,0.0012926086,-0.00023494055,stable
1587,1587,0.99873817,0.008669999,0.008599999,-7.000007e-05,7.000007e-05,0.0005490494,0.00044278897,-0.00010626044,stable
3087,3087,0.9987382,0.98095995,0.97994,-0.0010199547,0.0010199547,0.21020189,0.19958328,-0.010618612,stable
3548,3548,0.998739,0.016449999,0.015579999,-0.00086999964,0.00086999964,0.0016563889,0.001418327,-0.00023806188,stable
3809,3809,0.998739,0.0087,0.00864,-6.0000457e-05,6.0000457e-05,0.00073367095,0.00034845062,-0.00038522034,stable
4597,4597,0.9987401,0.00949,0.01003,0.00053999946,0.00053999946,0.0008799341,0.0010621545,0.00018222042,stable
1086,1086,0.9987402,0.00841,0.01026,0.0018499997,0.0018499997,0.00046507452,0.000707975,0.00024290048,stable
4943,4943,0.99874043,0.017479999,0.0175,2.0001084e-05,2.0001084e-05,0.007254437,0.007873216,0.00061877863,stable
4663,4663,0.99874055,0.01691,0.01601,-0.00090000033,0.00090000033,0.0017750433,0.0014943002,-0.00028074312,stable
3258,3258,0.9987407,0.97293997,0.97226,-0.0006799698,0.0006799698,0.25021696,0.22877179,-0.02144517,stable
1097,1097,0.9987415,0.0179,0.0176,-0.0002999995,0.0002999995,0.0036931073,0.0030076592,-0.00068544806,stable
4353,4353,0.99874216,0.016339999,0.01127,-0.005069999,0.005069999,0.0020060495,0.0008762197,-0.0011298298,stable
2818,2818,0.99874353,0.00071,0.00068,-2.9999996e-05,2.9999996e-05,2.5442632e-05,2.5024776e-05,-4.1785643e-07,stable
2519,2519,0.9987447,0.97209996,0.97113997,-0.0009599924,0.0009599924,0.21409085,0.20862593,-0.0054649264,stable
3329,3329,0.998745,0.01145,0.0088599995,-0.0025900006,0.0025900006,0.0012863795,0.00051419926,-0.00077218027,stable
3841,3841,0.99874544,0.01464,0.0167,0.0020599999,0.0020599999,0.0006240924,0.0030339388,0.0024098465,stable
3245,3245,0.998746,0.01833,0.0178,-0.0005300008,0.0005300008,0.004872447,0.0049099424,3.7495513e-05,stable
2847,2847,0.9987462,0.01459,0.01311,-0.0014800001,0.0014800001,0.0006677771,0.00044174874,-0.00022602835,stable
3658,3658,0.9987463,0.01349,0.0091699995,-0.0043200003,0.0043200003,0.0016358768,0.0011611653,-0.00047471153,stable
919,919,0.99874675,0.01816,0.01766,-0.000500001,0.000500001,0.0028026665,0.0032169286,0.00041426206,stable
4003,4003,0.99874735,0.0021799998,0.0022099998,2.9999996e-05,2.9999996e-05,2.8088145e-05,2.9569577e-05,1.4814323e-06,stable
3504,3504,0.99874747,0.00845,0.008289999,-0.00016000029,0.00016000029,0.00041329302,0.00052497565,0.00011168263,stable
1613,1613,0.9987475,0.97139996,0.97072995,-0.0006700158,0.0006700158,0.19706884,0.193849,-0.003219843,stable
42,42,0.9987507,0.0109399995,0.01078,-0.00015999936,0.00015999936,0.0013672789,0.0011401405,-0.0002271384,stable
424,424,0.99875134,0.01732,0.00995,-0.00737,0.00737,0.0011318942,0.00026820644,-0.0008636877,stable
2089,2089,0.99875176,0.01712,0.015579999,-0.0015400006,0.0015400006,0.0024104114,0.0010765105,-0.0013339008,stable
2340,2340,0.9987526,0.0009,0.00101,0.00011000002,0.00011000002,2.8762706e-05,2.8761333e-05,-1.373337e-09,stable
6097,6097,0.9987532,0.00838,0.00105,-0.0073299995,0.0073299995,0.00019395213,1.4085181e-05,-0.00017986695,stable
1767,1767,0.99875367,0.01708,0.016719999,-0.00036000088,0.00036000088,0.0022683966,0.0023309935,6.2596984e-05,stable
3534,3534,0.99875474,0.00877,0.01688,0.00811,0.00811,0.00076201995,0.0044445377,0.0036825177,stable
472,472,0.99875593,0.01694,0.016889999,-5.0000846e-05,5.0000846e-05,0.0062742843,0.006016862,-0.00025742222,stable
5649,5649,0.9987563,0.00863,0.01644,0.0078100003,0.0078100003,0.00061394705,0.002075585,0.001461638,stable
2417,2417,0.998757,0.01373,0.016859999,0.0031299992,0.0031299992,0.0021136063,0.003945411,0.0018318049,stable
5228,5228,0.99875796,0.01722,0.01697,-0.0002500005,0.0002500005,0.0038580552,0.004424686,0.00056663086,stable
1095,1095,0.9987589,0.0013799999,0.00054,-0.00083999994,0.00083999994,2.7663846e-05,1.5570578e-05,-1.2093267e-05,stable
2383,2383,0.99875903,0.01133,0.00154,-0.0097900005,0.0097900005,0.0003142867,4.7206933e-05,-0.00026707977,stable
1705,1705,0.9987595,0.00094,0.0018999999,0.0009599999,0.0009599999,2.4112316e-05,1.7519576e-05,-6.5927397e-06,stable
1872,1872,0.99876034,0.013239999,0.014099999,0.00086000003,0.00086000003,0.0002584745,0.00048641843,0.00022794394,stable
2076,2076,0.99876046,0.018129999,0.017989999,-0.00014000013,0.00014000013,0.012663585,0.012201274,-0.00046231132,stable
2660,2660,0.9987606,0.015339999,0.00113,-0.01421,0.01421,0.0007702219,3.926103e-05,-0.00073096086,stable
4703,4703,0.9987615,0.01151,0.01012,-0.0013899999,0.0013899999,0.00029154064,0.00035038078,5.8840145e-05,stable
2294,2294,0.9987627,0.00998,0.00077,-0.00921,0.00921,0.00028736013,2.1628037e-05,-0.0002657321,stable
4654,4654,0.99876285,0.0077799996,0.011949999,0.0041699996,0.0041699996,7.319546e-05,0.00015368649,8.049103e-05,stable
4081,4081,0.99876404,0.01598,0.01516,-0.0008199997,0.0008199997,0.0007334741,0.00042816895,-0.00030530515,stable
4695,4695,0.9987648,0.017169999,0.017129999,-4.0000305e-05,4.0000305e-05,0.0045594485,0.0058190427,0.0012595942,stable
227,227,0.99876535,0.01675,0.01554,-0.0012100004,0.0012100004,0.0014877659,0.00083851937,-0.00064924656,stable
2147,2147,0.99876565,0.0013199999,0.00068999996,-0.00062999997,0.00062999997,2.686691e-05,2.2883114e-05,-3.983796e-06,stable
1621,1621,0.99876624,0.01707,0.01692,-0.00014999881,0.00014999881,0.0028162682,0.0033005106,0.00048424234,stable
3913,3913,0.99876773,0.00979,0.011829999,0.0020399997,0.0020399997,0.0006540036,0.0006140048,-3.999879e-05,stable
163,163,0.9987706,0.01466,0.01029,-0.00437,0.00437,0.0010233343,0.0005385015,-0.00048483285,stable
4337,4337,0.9987706,0.00088999997,0.0010599999,0.00016999996,0.00016999996,3.0390247e-05,3.1213807e-05,8.235602e-07,stable
4995,4995,0.9987706,0.01206,0.016999999,0.0049399994,0.0049399994,0.00037874462,0.0029576966,0.002578952,stable
5254,5254,0.99877125,0.9745,0.97384995,-0.00065004826,0.00065004826,0.2650782,0.2463472,-0.018730983,stable
5703,5703,0.9987713,0.00673,0.00098,-0.00575,0.00575,8.123947e-05,3.4826044e-05,-4.641343e-05,stable
2500,2500,0.99877286,0.01663,0.016339999,-0.0002900008,0.0002900008,0.0017719952,0.0016571768,-0.00011481845,stable
3323,3323,0.99877304,0.01313,0.01163,-0.0015000002,0.0015000002,0.0009954256,0.0008995677,-9.585795e-05,stable
2915,2915,0.9987733,0.01346,0.011609999,-0.0018500006,0.0018500006,0.0011744205,0.0011115331,-6.2887324e-05,stable
3463,3463,0.99877346,0.0012599999,0.00838,0.0071199997,0.0071199997,3.172602e-05,0.00032874147,0.00029701545,stable
634,634,0.9987737,0.01157,0.01684,0.0052699996,0.0052699996,0.0005900058,0.0019691961,0.0013791904,stable
2701,2701,0.99877375,0.01761,0.00904,-0.0085700005,0.0085700005,0.0022533475,0.00054261397,-0.0017107336,stable
173,173,0.9987738,0.0014599999,0.0010299999,-0.00043000001,0.00043000001,5.963252e-05,3.7473288e-05,-2.215923e-05,stable
3253,3253,0.9987738,0.01673,0.015179999,-0.0015500002,0.0015500002,0.0011444086,0.00078076054,-0.00036364805,stable
2877,2877,0.9987745,0.01172,0.0165,0.00478,0.00478,0.001378189,0.0020775814,0.0006993924,stable
2270,2270,0.99877465,0.01712,0.00913,-0.00799,0.00799,0.0018772756,0.000491383,-0.0013858926,stable
5040,5040,0.99877495,0.0010899999,0.00722,0.00613,0.00613,4.552654e-05,5.9438113e-05,1.3911573e-05,stable
54,54,0.9987752,0.01729,0.01719,-9.999983e-05,9.999983e-05,0.0024574988,0.0020338446,-0.00042365422,stable
2908,2908,0.9987755,0.00863,0.00849,-0.00014000013,0.00014000013,0.00067353935,0.00031884242,-0.00035469694,stable
5783,5783,0.99877614,0.01738,0.017169999,-0.0002100002,0.0002100002,0.0034951281,0.0043349876,0.0008398595,stable
446,446,0.99877685,0.0010299999,0.00131,0.00028000004,0.00028000004,4.5357097e-05,2.9826684e-05,-1.5530413e-05,stable
401,401,0.9987783,0.01763,0.01721,-0.0004200004,0.0004200004,0.0076818466,0.0073398263,-0.0003420203,stable
6042,6042,0.99877834,0.017479999,0.017269999,-0.0002100002,0.0002100002,0.0031363126,0.0038579456,0.00072163297,stable
6059,6059,0.99877834,0.01864,0.018099999,-0.0005400013,0.0005400013,0.006335217,0.006868393,0.0005331761,stable
5189,5189,0.99877846,0.00935,0.00864,-0.0007100003,0.0007100003,0.00045604125,0.00024078443,-0.00021525682,stable
5953,5953,0.9987786,0.00869,0.011109999,0.0024199998,0.0024199998,0.00020517585,0.00029612574,9.094989e-05,stable
2504,2504,0.99878144,0.00104,0.00062999997,-0.00041000004,0.00041000004,2.8794715e-05,1.8243774e-05,-1.0550941e-05,stable
4696,4696,0.9987842,0.016889999,0.01673,-0.00015999936,0.00015999936,0.0031711734,0.0036520504,0.000480877,stable
4077,4077,0.998785,0.015489999,0.01255,-0.002939999,0.002939999,0.0007707796,0.00030304305,-0.00046773657,stable
5707,5707,0.9987853,0.01521,0.0155299995,0.00031999964,0.00031999964,0.001003464,0.001189933,0.00018646906,stable
5732,5732,0.998787,0.01697,0.017239999,0.00026999973,0.00026999973,0.0011638652,0.0031906476,0.0020267824,stable
1924,1924,0.99878836,0.009889999,0.01246,0.0025700005,0.0025700005,0.0011370417,0.0012415391,0.00010449742,stable
2985,2985,0.998789,0.00136,0.00104,-0.00032,0.00032,5.3158597e-05,3.673986e-05,-1.6418737e-05,stable
4440,4440,0.99879116,0.97481,0.97457,-0.0002400279,0.0002400279,0.2898909,0.27858594,-0.011304945,stable
2084,2084,0.9987912,0.00065,0.00432,0.0036699998,0.0036699998,2.5065323e-05,8.961571e-05,6.455038e-05,stable
567,567,0.9987937,0.97358996,0.98068,0.007090032,0.007090032,0.27840313,0.2600904,-0.018312722,stable
6088,6088,0.9987937,0.01674,0.01562,-0.0011200001,0.0011200001,0.0012781263,0.001193889,-8.423731e-05,stable
3103,3103,0.9987947,0.015509999,0.01069,-0.0048199994,0.0048199994,0.0010831193,0.0007360476,-0.00034707173,stable
3928,3928,0.9987947,0.01603,0.015789999,-0.00024000183,0.00024000183,0.001954717,0.002002606,4.788884e-05,stable
1102,1102,0.9987951,0.01786,0.01507,-0.0027899994,0.0027899994,0.0022496344,0.0012017173,-0.0010479171,stable
2432,2432,0.9987961,0.0084,0.008289999,-0.00011000037,0.00011000037,0.00036362838,0.00025804312,-0.00010558526,stable
1662,1662,0.9987962,0.00081,0.015339999,0.014529999,0.014529999,3.4677225e-05,0.0006423709,0.0006076937,stable
429,429,0.9987972,0.0144,0.01594,0.0015399996,0.0015399996,0.0004470024,0.0005523997,0.00010539731,stable
5463,5463,0.99879766,0.98032,0.98043996,0.00011998415,0.00011998415,0.23517695,0.2224382,-0.012738749,stable
3720,3720,0.99879795,0.01797,0.01767,-0.0002999995,0.0002999995,0.0043568686,0.0035093417,-0.0008475268,stable
6111,6111,0.9987991,0.0177,0.01759,-0.00011000037,0.00011000037,0.005735013,0.006408987,0.00067397393,stable
485,485,0.99879944,0.0144,0.01225,-0.00215,0.00215,0.0013501829,0.0010844187,-0.0002657642,stable
35,35,0.99879956,0.01416,0.011709999,-0.0024500005,0.0024500005,0.0012077363,0.0011441828,-6.355357e-05,stable
5197,5197,0.9987998,0.00084999995,0.014079999,0.01323,0.01323,2.8755883e-05,0.00061481545,0.0005860596,stable
3483,3483,0.9988003,0.00822,0.00065999996,-0.0075600003,0.0075600003,0.00029627548,2.238759e-05,-0.00027388788,stable
5734,5734,0.9988003,0.00859,0.0083,-0.00028999988,0.00028999988,0.000807069,0.00018773742,-0.0006193316,stable
5526,5526,0.9988008,0.01711,0.016929999,-0.00018000044,0.00018000044,0.010303041,0.008927139,-0.0013759015,stable
2306,2306,0.99880254,0.01668,0.01692,0.00023999996,0.00023999996,0.0018054936,0.002451464,0.00064597046,stable
3502,3502,0.99880284,0.00142,0.00202,0.0006,0.0006,5.6230278e-05,4.738296e-05,-8.847317e-06,stable
6105,6105,0.99880445,0.01698,0.01678,-0.00019999966,0.00019999966,0.0073482115,0.0040031564,-0.003345055,stable
2967,2967,0.9988066,0.00057,0.00876,0.0081899995,0.0081899995,1.8351551e-05,0.00037576468,0.00035741314,stable
5127,5127,0.99880666,0.97437,0.97339,-0.0009800196,0.0009800196,0.25906098,0.24273804,-0.01632294,stable
5098,5098,0.9988082,0.00099,0.01681,0.01582,0.01582,3.4541383e-05,0.0015945621,0.0015600207,stable
5029,5029,0.9988091,0.01657,0.00196,-0.01461,0.01461,0.0016224185,2.8354289e-05,-0.0015940643,stable
288,288,0.99881005,0.00156,0.00057,-0.0009900001,0.0009900001,2.158317e-05,1.7013164e-05,-4.5700053e-06,stable
2482,2482,0.99881023,0.00865,0.00944,0.00078999996,0.00078999996,0.00081967225,0.0006164139,-0.00020325836,stable
4583,4583,0.9988126,0.97151,0.96988,-0.0016300082,0.0016300082,0.2138918,0.18867193,-0.025219873,stable
4708,4708,0.99881345,0.01784,0.01729,-0.00055,0.00055,0.0019216122,0.001330368,-0.0005912442,stable
6128,6128,0.99881405,0.01311,0.009579999,-0.0035300003,0.0035300003,0.0010311273,0.0008623829,-0.00016874442,stable
2230,2230,0.99881417,0.01743,0.01719,-0.00023999996,0.00023999996,0.0016500566,0.0029960112,0.0013459546,stable
5405,5405,0.9988152,0.00078999996,0.0023,0.0015100001,0.0015100001,3.4208286e-05,3.1166914e-05,-3.041372e-06,stable
5973,5973,0.99881595,0.01745,0.017099999,-0.00035000034,0.00035000034,0.0026940063,0.004649345,0.0019553385,stable
2355,2355,0.99881643,0.01676,0.01121,-0.005549999,0.005549999,0.003499159,0.0010568644,-0.0024422945,stable
3895,3895,0.9988172,0.00969,0.00931,-0.0003800001,0.0003800001,0.000215139,0.00015739922,-5.7739788e-05,stable
321,321,0.99881744,0.00114,0.00094999996,-0.00018999999,0.00018999999,3.4010074e-05,3.062041e-05,-3.389665e-06,stable
737,737,0.998818,0.0088,0.00719,-0.0016100002,0.0016100002,0.00017719112,7.756232e-05,-9.96288e-05,stable
6066,6066,0.9988182,0.97278,0.97309,0.00031000376,0.00031000376,0.2252314,0.224496,-0.0007353872,stable
4175,4175,0.99881834,0.01636,0.0149,-0.0014599999,0.0014599999,0.0012518913,0.0011243736,-0.00012751762,stable
5996,5996,0.99881864,0.01732,0.01705,-0.00026999973,0.00026999973,0.003888814,0.0030122122,-0.0008766018,stable
4570,4570,0.99882066,0.00156,0.00136,-0.00020000001,0.00020000001,4.8233225e-05,3.4656332e-05,-1.3576893e-05,stable
5826,5826,0.99882066,0.01785,0.01716,-0.00069000013,0.00069000013,0.0018076042,0.0015809953,-0.00022660894,stable
3041,3041,0.998821,0.00933,0.00869,-0.0006400002,0.0006400002,0.001281342,0.0006446756,-0.00063666643,stable
1384,1384,0.99882126,0.01761,0.0156,-0.0020100009,0.0020100009,0.0031294092,0.0026324792,-0.00049693,stable
438,438,0.9988244,0.0055799996,0.01138,0.0058000004,0.0058000004,4.6158762e-05,0.0005890746,0.0005429159,stable
3634,3634,0.9988252,0.01736,0.017129999,-0.00023000129,0.00023000129,0.009649328,0.007579631,-0.0020696968,stable
2878,2878,0.99882555,0.0174,0.01591,-0.0014900006,0.0014900006,0.0014859027,0.0014002866,-8.5616135e-05,stable
2678,2678,0.9988265,0.00845,0.01612,0.00767,0.00767,0.00020178455,0.00041410004,0.00021231548,stable
6038,6038,0.99882674,0.00618,0.0029,-0.00328,0.00328,0.00012735838,4.828471e-05,-7.907367e-05,stable
757,757,0.9988271,0.01543,0.00871,-0.00672,0.00672,0.0013518775,0.0005490075,-0.00080286997,stable
1339,1339,0.9988277,0.00868,0.00087,-0.00781,0.00781,0.00034658966,3.146512e-05,-0.00031512455,stable
2093,2093,0.99882793,0.01684,0.01674,-9.999983e-05,9.999983e-05,0.0072599906,0.006977825,-0.0002821656,stable
102,102,0.9988294,0.0014899999,0.01684,0.01535,0.01535,6.4225205e-05,0.0016155845,0.0015513593,stable
1593,1593,0.9988297,0.01432,0.0162,0.0018800003,0.0018800003,0.0018459,0.0021524073,0.00030650734,stable
3756,3756,0.9988302,0.00992,0.01722,0.0072999997,0.0072999997,0.00047411467,0.0015523281,0.0010782134,stable
801,801,0.9988303,0.01188,0.00904,-0.0028400002,0.0028400002,0.00033566492,8.4856605e-05,-0.0002508083,stable
1604,1604,0.9988309,0.00852,0.00854,2.0000152e-05,2.0000152e-05,0.0011426767,0.00094874465,-0.00019393204,stable
4679,4679,0.99883115,0.00569,0.00659,0.00089999987,0.00089999987,7.848033e-05,0.00013014696,5.1666633e-05,stable
3943,3943,0.9988319,0.01545,0.01663,0.0011799997,0.0011799997,0.0011716146,0.0013248968,0.00015328219,stable
4729,4729,0.99883235,0.01784,0.01742,-0.0004200004,0.0004200004,0.002004492,0.0023846026,0.00038011046,stable
2914,2914,0.9988326,0.00054,0.00037,-0.00016999998,0.00016999998,1.0470885e-05,1.0142393e-05,-3.284922e-07,stable
5701,5701,0.99883294,0.016449999,0.01585,-0.000599999,0.000599999,0.0014571557,0.0012166622,-0.00024049345,stable
3473,3473,0.9988334,0.01715,0.01721,5.9999526e-05,5.9999526e-05,0.0022298389,0.0038374504,0.0016076115,stable
4653,4653,0.99883366,0.018369999,0.01795,-0.00041999854,0.00041999854,0.012635823,0.011670222,-0.00096560176,stable
3639,3639,0.99883384,0.017479999,0.01715,-0.00032999925,0.00032999925,0.002853781,0.0038416183,0.0009878373,stable
4010,4010,0.99883676,0.016889999,0.01691,2.0001084e-05,2.0001084e-05,0.0014219461,0.0012313251,-0.00019062101,stable
2522,2522,0.9988372,0.01623,0.00882,-0.00741,0.00741,0.0021184916,0.00035123652,-0.001767255,stable
3693,3693,0.9988377,0.01664,0.01673,8.999929e-05,8.999929e-05,0.001357168,0.0016492793,0.0002921113,stable
1055,1055,0.9988381,0.0179,0.016719999,-0.0011800006,0.0011800006,0.003923514,0.0015499165,-0.0023735976,stable
3712,3712,0.9988383,0.015459999,0.01595,0.0004900005,0.0004900005,0.0006681861,0.0005619232,-0.000106262916,stable
2104,2104,0.99883926,0.97358996,0.97341996,-0.00016999245,0.00016999245,0.22770123,0.2210271,-0.006674126,stable
1312,1312,0.99884003,0.00429,0.00077,-0.00352,0.00352,4.1793708e-05,2.0386688e-05,-2.140702e-05,stable
1485,1485,0.9988407,0.0178,0.01725,-0.00055,0.00055,0.004061952,0.004167461,0.00010550907,stable
388,388,0.9988409,0.017579999,0.0175,-7.999875e-05,7.999875e-05,0.0057718833,0.0067895995,0.0010177162,stable
4311,4311,0.9988421,0.00136,0.0084999995,0.0071399994,0.0071399994,5.65568e-05,9.918793e-05,4.2631127e-05,stable
482,482,0.9988432,0.00074,0.00081999996,7.999997e-05,7.999997e-05,2.6151194e-05,2.7740049e-05,1.5888545e-06,stable
2365,2365,0.99884355,0.0165,0.00916,-0.00734,0.00734,0.0021870635,0.0003486623,-0.0018384012,stable
991,991,0.99884385,0.017649999,0.01747,-0.00017999858,0.00017999858,0.007522757,0.008168895,0.00064613763,stable
5182,5182,0.99884427,0.00913,0.0158,0.006669999,0.006669999,0.00076356385,0.001825325,0.001061761,stable
1946,1946,0.9988448,0.017169999,0.01268,-0.0044899993,0.0044899993,0.002087284,0.0014638671,-0.00062341697,stable
612,612,0.99884486,0.01756,0.01722,-0.0003399998,0.0003399998,0.0025024363,0.0022027395,-0.0002996968,stable
3944,3944,0.99884534,0.01155,0.013069999,0.0015199995,0.0015199995,0.0007641232,0.0008577876,9.366439e-05,stable
3562,3562,0.99884725,0.00047,0.00052999996,5.9999962e-05,5.9999962e-05,1.5132154e-05,1.8892903e-05,3.7607488e-06,stable
1835,1835,0.9988475,0.01101,0.008599999,-0.0024100002,0.0024100002,0.0012197131,0.0008228459,-0.00039686722,stable
3874,3874,0.99884796,0.00968,0.00895,-0.00073000044,0.00073000044,0.0009849198,0.0007712938,-0.00021362602,stable
5138,5138,0.99884963,0.00873,0.0016699999,-0.0070599997,0.0070599997,0.0002617769,3.1849213e-05,-0.0002299277,stable
1981,1981,0.9988499,0.01208,0.01612,0.00404,0.00404,0.0013100036,0.0019498501,0.00063984655,stable
1867,1867,0.99885,0.010729999,0.012329999,0.0016000001,0.0016000001,0.001066539,0.0011940334,0.00012749445,stable
1791,1791,0.9988502,0.00889,0.0094099995,0.0005199993,0.0005199993,0.00055399875,0.00054263434,-1.13644055e-05,stable
1550,1550,0.99885046,0.01777,0.01749,-0.00028000027,0.00028000027,0.0050880085,0.0047866674,-0.00030134106,stable
3857,3857,0.99885213,0.01009,0.0089,-0.0011900002,0.0011900002,0.000944902,0.0006602655,-0.0002846365,stable
3840,3840,0.9988526,0.01814,0.01752,-0.00062000006,0.00062000006,0.009683106,0.008100882,-0.0015822239,stable
4070,4070,0.9988528,0.01612,0.01163,-0.00449,0.00449,0.0015537296,0.00077604793,-0.0007776817,stable
994,994,0.99885285,0.0186,0.01809,-0.0005099997,0.0005099997,0.0046818615,0.0043074484,-0.0003744131,stable
2813,2813,0.9988537,0.01671,0.0043099998,-0.0124,0.0124,0.00054920407,5.5092165e-05,-0.0004941119,stable
1426,1426,0.99885494,0.0127799995,0.01002,-0.0027599996,0.0027599996,0.0012187685,0.0010541328,-0.00016463571,stable
343,343,0.9988557,0.010609999,0.00928,-0.0013299994,0.0013299994,0.0009468281,0.00016973427,-0.0007770938,stable
1528,1528,0.99885595,0.01756,0.017199999,-0.00036000088,0.00036000088,0.0016056865,0.001827164,0.00022147747,stable
4432,4432,0.99885726,0.01712,0.01716,4.0000305e-05,4.0000305e-05,0.0044394843,0.00367964,-0.00075984444,stable
5418,5418,0.9988585,0.00883,0.00098,-0.00785,0.00785,0.00022354187,3.4868823e-05,-0.00018867305,stable
220,220,0.9988587,0.01719,0.01718,-1.0000542e-05,1.0000542e-05,0.010208146,0.009995803,-0.00021234248,stable
3120,3120,0.9988587,0.01174,0.01657,0.00483,0.00483,0.0004924213,0.00095507,0.0004626487,stable
646,646,0.9988588,0.97305,0.9726,-0.00045001507,0.00045001507,0.21553648,0.20489652,-0.010639951,stable
3933,3933,0.99885887,0.013069999,0.01198,-0.0010899995,0.0010899995,0.0010112771,0.00091408537,-9.719172e-05,stable
5710,5710,0.99885964,0.00563,0.0074,0.00177,0.00177,6.7208886e-05,0.00010218708,3.497819e-05,stable
2429,2429,0.99886227,0.01746,0.017579999,0.00011999905,0.00011999905,0.0052811666,0.005619185,0.0003380184,stable
82,82,0.99886274,0.00959,0.00998,0.0003899997,0.0003899997,0.0009845373,0.0006806574,-0.0003038799,stable
56,56,0.99886286,0.01306,0.01229,-0.0007699998,0.0007699998,0.000703055,0.00071011134,7.05634e-06,stable
5723,5723,0.998863,0.00065,0.00067,1.9999978e-05,1.9999978e-05,2.4004337e-05,2.213838e-05,-1.8659575e-06,stable
534,534,0.99886304,0.00127,0.00119,-8.000003e-05,8.000003e-05,3.8766542e-05,3.265658e-05,-6.1099636e-06,stable
1868,1868,0.99886304,0.00924,0.014239999,0.005,0.005,0.0005332299,0.0010197546,0.00048652466,stable
4907,4907,0.9988635,0.0165,0.013169999,-0.0033300007,0.0033300007,0.0019275174,0.0014433328,-0.0004841846,stable
5065,5065,0.9988635,0.0086199995,0.0084999995,-0.00011999998,0.00011999998,0.00045699446,0.00042759208,-2.9402378e-05,stable
4511,4511,0.99886435,0.0009,0.00062999997,-0.00027000002,0.00027000002,2.4601168e-05,1.9825098e-05,-4.7760695e-06,stable
3671,3671,0.99886477,0.0011999999,0.00064,-0.00055999996,0.00055999996,2.385346e-05,1.8988318e-05,-4.865142e-06,stable
4032,4032,0.99886495,0.01726,0.01719,-7.000007e-05,7.000007e-05,0.0031755646,0.0034139326,0.00023836805,stable
3980,3980,0.99886525,0.01784,0.01714,-0.0007000007,0.0007000007,0.0029554872,0.002410478,-0.0005450093,stable
4615,4615,0.9988668,0.01718,0.01695,-0.00022999942,0.00022999942,0.00822831,0.007614784,-0.00061352644,stable
278,278,0.9988681,0.00935,0.01342,0.00407,0.00407,0.0003057315,0.0010489395,0.00074320805,stable
463,463,0.9988684,0.00968,0.0072299996,-0.0024500005,0.0024500005,0.00015062554,6.285807e-05,-8.776747e-05,stable
5538,5538,0.99886847,0.00094,0.00156,0.00062,0.00062,3.411033e-05,2.1895035e-05,-1.2215294e-05,stable
5624,5624,0.99886894,0.01739,0.01709,-0.0002999995,0.0002999995,0.0034391887,0.002309748,-0.0011294407,stable
76,76,0.9988694,0.016889999,0.00871,-0.008179999,0.008179999,0.0020772207,0.0007093995,-0.0013678211,stable
4974,4974,0.99887013,0.0008,0.00065999996,-0.00014000002,0.00014000002,2.7889784e-05,2.2479004e-05,-5.4107804e-06,stable
5575,5575,0.99887085,0.00975,0.00902,-0.00073000044,0.00073000044,0.0008244345,0.00084141,1.6975508e-05,stable
2282,2282,0.9988713,0.01677,0.00918,-0.0075899996,0.0075899996,0.0022323197,0.00073241506,-0.0014999046,stable
338,338,0.9988719,0.0071099997,0.00333,-0.0037799997,0.0037799997,6.654385e-05,3.907662e-05,-2.7467227e-05,stable
4930,4930,0.99887216,0.016379999,0.017029999,0.0006499998,0.0006499998,0.00071137404,0.0008844427,0.00017306866,stable
1051,1051,0.9988729,0.00885,0.00883,-2.0000152e-05,2.0000152e-05,0.0010472229,0.0012421283,0.00019490544,stable
5987,5987,0.998873,0.013189999,0.0092899995,-0.0039,0.0039,0.0010354002,0.00055007666,-0.00048532354,stable
3781,3781,0.9988735,0.017339999,0.01695,-0.00038999878,0.00038999878,0.003186629,0.003346228,0.00015959912,stable
3450,3450,0.99887365,0.00841,0.00803,-0.0003800001,0.0003800001,0.0012561936,0.00023238042,-0.0010238132,stable
921,921,0.99887526,0.0177,0.018059999,0.00035999902,0.00035999902,0.005041952,0.0049244706,-0.00011748122,stable
4858,4858,0.99887586,0.01695,0.00916,-0.00779,0.00779,0.0019264946,0.00087845314,-0.0010480415,stable
5444,5444,0.9988768,0.01704,0.01613,-0.000909999,0.000909999,0.00267557,0.0020113045,-0.0006642656,stable
121,121,0.9988772,0.01191,0.0106,-0.0013100002,0.0013100002,0.0009997488,0.0009903064,-9.442447e-06,stable
811,811,0.99887824,0.01016,0.009029999,-0.0011300007,0.0011300007,0.00042232918,8.6546606e-05,-0.00033578256,stable
2281,2281,0.99887896,0.009459999,0.00887,-0.00058999937,0.00058999937,0.00043730467,0.00036445013,-7.285454e-05,stable
5843,5843,0.99887896,0.01184,0.00971,-0.00213,0.00213,0.0014641044,0.001186608,-0.0002774964,stable
3220,3220,0.99888045,0.016889999,0.01682,-6.9998205e-05,6.9998205e-05,0.003661009,0.0032948232,-0.0003661858,stable
777,777,0.9988806,0.01763,0.017239999,-0.00039000064,0.00039000064,0.0042040427,0.0035919545,-0.00061208825,stable
1810,1810,0.99888086,0.01022,0.01321,0.00299,0.00299,0.00072019384,0.0011153498,0.00039515598,stable
395,395,0.998881,0.01625,0.01573,-0.00052000023,0.00052000023,0.0011918298,0.0010454642,-0.00014636561,stable
2069,2069,0.99888104,0.00062,0.0015199999,0.0008999999,0.0008999999,2.421153e-05,1.8390185e-05,-5.8213445e-06,stable
1273,1273,0.9988816,0.00835,0.00395,-0.0044,0.0044,0.0003468247,2.9245264e-05,-0.00031757943,stable
1397,1397,0.99888194,0.008979999,0.00892,-5.9999526e-05,5.9999526e-05,0.0001590434,0.0003586248,0.0001995814,stable
1069,1069,0.9988829,0.0019999999,0.00077,-0.0012299998,0.0012299998,4.638039e-05,2.6667885e-05,-1.9712506e-05,stable
1741,1741,0.99888325,0.00432,0.01573,0.01141,0.01141,5.664454e-05,0.0021683308,0.0021116864,stable
5812,5812,0.9988843,0.016689999,0.01272,-0.003969999,0.003969999,0.00081612205,0.00035988266,-0.0004562394,stable
4036,4036,0.99888456,0.016859999,0.016999999,0.00014000013,0.00014000013,0.002365294,0.0037929474,0.0014276535,stable
6048,6048,0.9988853,0.01368,0.01699,0.0033100005,0.0033100005,0.0016991768,0.0029668624,0.0012676856,stable
3947,3947,0.9988855,0.0087399995,0.00858,-0.00015999936,0.00015999936,0.00048264067,0.00042536863,-5.727203e-05,stable
3040,3040,0.99888575,0.017239999,0.01692,-0.0003199987,0.0003199987,0.0020867386,0.0022896812,0.00020294264,stable
304,304,0.9988868,0.01616,0.0165,0.0003399998,0.0003399998,0.0019786959,0.0023955605,0.00041686464,stable
4163,4163,0.99888706,0.01406,0.015559999,0.0014999993,0.0014999993,0.0008914839,0.0008444858,-4.6998088e-05,stable
6100,6100,0.9988879,0.01733,0.01714,-0.00019000098,0.00019000098,0.006499044,0.0068266685,0.00032762438,stable
3883,3883,0.9988881,0.01647,0.01114,-0.00533,0.00533,0.0019321477,0.0012182622,-0.0007138854,stable
6009,6009,0.99889016,0.01578,0.016139999,0.00035999902,0.00035999902,0.002030834,0.0021526394,0.00012180535,stable
2120,2120,0.99889076,0.02052,0.01928,-0.0012400001,0.0012400001,0.011037984,0.011646672,0.0006086882,stable
5381,5381,0.99889076,0.00423,0.00314,-0.0010900002,0.0010900002,4.8508966e-05,4.3983066e-05,-4.5259003e-06,stable
2796,2796,0.9988923,0.00077,0.00244,0.0016699999,0.0016699999,2.164843e-05,2.247815e-05,8.297211e-07,stable
5006,5006,0.99889255,0.00081,0.01028,0.00947,0.00947,2.0604373e-05,0.00075697125,0.0007363669,stable
817,817,0.9988927,0.01509,0.00265,-0.01244,0.01244,0.0004956507,5.0086124e-05,-0.00044556457,stable
2106,2106,0.99889344,0.01555,0.01464,-0.00090999994,0.00090999994,0.0013966518,0.0012449608,-0.00015169103,stable
4104,4104,0.99889374,0.01746,0.017339999,-0.000120000914,0.000120000914,0.009426755,0.007247412,-0.0021793428,stable
3033,3033,0.9988948,0.017269999,0.01564,-0.0016299989,0.0016299989,0.003316594,0.0009655934,-0.0023510007,stable
5674,5674,0.99889517,0.015339999,0.00919,-0.00615,0.00615,0.0006032317,8.525275e-05,-0.000517979,stable
1904,1904,0.9988961,0.01676,0.0162,-0.0005599987,0.0005599987,0.003211679,0.0032383653,2.668635e-05,stable
481,481,0.9988964,0.00847,0.0083,-0.0001699999,0.0001699999,0.0006319704,0.0004607326,-0.0001712378,stable
3945,3945,0.99889654,0.016139999,0.0148599995,-0.0012799995,0.0012799995,0.0016696957,0.0016335229,-3.61728e-05,stable
5594,5594,0.9988972,0.01538,0.01602,0.0006400002,0.0006400002,0.00049754605,0.0006272699,0.00012972386,stable
3211,3211,0.9988977,0.00947,0.00906,-0.00040999986,0.00040999986,0.00073901954,0.0008379045,9.888498e-05,stable
5336,5336,0.99889857,0.009029999,0.00133,-0.0076999995,0.0076999995,0.00019455208,3.7482834e-05,-0.00015706924,stable
1642,1642,0.99889886,0.01612,0.00682,-0.0093,0.0093,0.0003012711,0.00013780603,-0.00016346507,stable
3064,3064,0.99890053,0.01426,0.0132,-0.0010599997,0.0010599997,0.0013759488,0.0012103056,-0.00016564317,stable
4082,4082,0.9989016,0.008599999,0.0011199999,-0.007479999,0.007479999,0.0001574082,3.79572e-05,-0.000119451,stable
5326,5326,0.99890184,0.01685,0.01694,8.999929e-05,8.999929e-05,0.0034166684,0.004702556,0.0012858876,stable
5073,5073,0.99890286,0.00174,0.0013199999,-0.00042000005,0.00042000005,5.5140874e-05,4.2232125e-05,-1.2908749e-05,stable
2655,2655,0.9989033,0.00852,0.0048499997,-0.00367,0.00367,9.5695075e-05,4.7831585e-05,-4.786349e-05,stable
1665,1665,0.99890363,0.01726,0.01733,7.000007e-05,7.000007e-05,0.011789047,0.012085896,0.00029684883,stable
476,476,0.998904,0.00931,0.00913,-0.00017999951,0.00017999951,0.0007573248,0.0004466657,-0.0003106591,stable
5922,5922,0.99890494,0.0012899999,0.0013499999,5.999999e-05,5.999999e-05,3.7536352e-05,2.40649e-05,-1.3471452e-05,stable
3707,3707,0.9989058,0.010009999,0.01323,0.0032200003,0.0032200003,0.0007720323,0.0014417125,0.0006696802,stable
1290,1290,0.998906,0.01114,0.00091,-0.01023,0.01023,0.00034879844,3.4689783e-05,-0.00031410865,stable
5724,5724,0.99890655,0.00523,0.0008,-0.0044299997,0.0044299997,4.104445e-05,1.9196788e-05,-2.1847663e-05,stable
2755,2755,0.99890673,0.01766,0.01756,-9.999983e-05,9.999983e-05,0.0052741785,0.0042981924,-0.000975986,stable
5676,5676,0.9989091,0.01376,0.013379999,-0.0003800001,0.0003800001,0.0010850137,0.0010673936,-1.7620157e-05,stable
1876,1876,0.9989095,0.00075999997,0.00040999998,-0.00035,0.00035,2.8093487e-05,1.3114081e-05,-1.4979406e-05,stable
1470,1470,0.9989099,0.00944,0.00842,-0.0010200003,0.0010200003,0.0003165247,0.00011354223,-0.00020298248,stable
2961,2961,0.99890995,0.0011,0.0024299999,0.0013299999,0.0013299999,3.365804e-05,4.544916e-05,1.1791119e-05,stable
6026,6026,0.9989103,0.00433,0.00134,-0.00299,0.00299,6.9307294e-05,5.260611e-05,-1.6701186e-05,stable
5630,5630,0.99891216,0.01626,0.01485,-0.00141,0.00141,0.0018413552,0.0013474679,-0.00049388735,stable
168,168,0.9989135,0.00865,0.008429999,-0.00022000074,0.00022000074,0.0009951333,0.0005455277,-0.00044960558,stable
3354,3354,0.9989136,0.0011199999,0.00101,-0.000109999906,0.000109999906,3.6463283e-05,2.7791013e-05,-8.67227e-06,stable
1846,1846,0.9989141,0.01721,0.01716,-4.9998984e-05,4.9998984e-05,0.003381638,0.0040647327,0.0006830946,stable
5596,5596,0.99891424,0.00168,0.00151,-0.00017000001,0.00017000001,2.710206e-05,2.2635382e-05,-4.4666776e-06,stable
5802,5802,0.99891496,0.016859999,0.016689999,-0.0001699999,0.0001699999,0.0071195443,0.0077377865,0.0006182422,stable
1,1,0.9989151,0.01661,0.01492,-0.0016900003,0.0016900003,0.0017027779,0.001580482,-0.00012229593,stable
4842,4842,0.9989158,0.00868,0.00841,-0.00026999973,0.00026999973,0.00049292843,0.00032574698,-0.00016718145,stable
4716,4716,0.99891627,0.015029999,0.01517,0.00014000013,0.00014000013,0.0011711136,0.0012456164,7.450278e-05,stable
1740,1740,0.9989164,0.01773,0.01719,-0.00053999946,0.00053999946,0.0018839927,0.0027518272,0.00086783455,stable
3875,3875,0.9989176,0.01776,0.017579999,-0.00018000044,0.00018000044,0.0030749638,0.0032391613,0.00016419753,stable
6032,6032,0.9989188,0.00938,0.016959999,0.007579999,0.007579999,0.00047653544,0.0028388333,0.0023622978,stable
5752,5752,0.998919,0.00857,0.00837,-0.00019999966,0.00019999966,0.00076785823,0.0010655351,0.0002976769,stable
271,271,0.99891907,0.01377,0.008479999,-0.0052900007,0.0052900007,0.0011993528,0.00039578803,-0.0008035648,stable
1935,1935,0.99892026,0.0162,0.01449,-0.0017100004,0.0017100004,0.0020361221,0.0019764488,-5.967333e-05,stable
2838,2838,0.99892026,0.00065,0.00052,-0.00013,0.00013,2.2903943e-05,1.7642678e-05,-5.261265e-06,stable
4883,4883,0.99892056,0.00821,0.00877,0.00056000054,0.00056000054,0.0006351473,0.0007448892,0.00010974187,stable
4262,4262,0.9989211,0.00901,0.00168,-0.0073300004,0.0073300004,0.00041719616,3.631918e-05,-0.000380877,stable
4188,4188,0.99892247,0.0175,0.01737,-0.0001299996,0.0001299996,0.004322109,0.004293607,-2.850173e-05,stable
3750,3750,0.9989228,0.0099599995,0.015789999,0.005829999,0.005829999,0.0007475499,0.0012599577,0.0005124078,stable
664,664,0.9989229,0.00093,0.00087999995,-5.000003e-05,5.000003e-05,3.5798697e-05,3.6691756e-05,8.930583e-07,stable
3964,3964,0.99892306,0.0071,0.00786,0.0007600002,0.0007600002,7.1731425e-05,9.5193944e-05,2.3462519e-05,stable
4964,4964,0.9989232,0.008479999,0.00198,-0.006499999,0.006499999,0.00016373325,2.6886484e-05,-0.00013684676,stable
2606,2606,0.99892354,0.01054,0.0138799995,0.0033399994,0.0033399994,0.0013500436,0.0014081006,5.805702e-05,stable
3829,3829,0.9989236,0.01704,0.013069999,-0.00397,0.00397,0.0016946234,0.00063784973,-0.0010567736,stable
377,377,0.9989239,0.018539999,0.017919999,-0.00062000006,0.00062000006,0.0078068846,0.0080901,0.00028321566,stable
3401,3401,0.99892557,0.015759999,0.01629,0.0005300008,0.0005300008,0.0025456348,0.0031911843,0.0006455495,stable
4491,4491,0.9989263,0.0179,0.01742,-0.00047999993,0.00047999993,0.005477012,0.005293209,-0.00018380303,stable
2978,2978,0.9989282,0.00087,0.01598,0.01511,0.01511,3.068591e-05,0.0010933505,0.0010626646,stable
1216,1216,0.9989284,0.00099,0.00088999997,-0.000100000005,0.000100000005,3.0150202e-05,2.569517e-05,-4.4550325e-06,stable
614,614,0.9989292,0.01059,0.00108,-0.00951,0.00951,0.0011402518,3.900316e-05,-0.0011012485,stable
2982,2982,0.99893117,0.013429999,0.00809,-0.0053399997,0.0053399997,0.0017312982,0.00068039267,-0.0010509056,stable
2172,2172,0.9989324,0.0092,0.00102,-0.00818,0.00818,0.00022325508,3.924467e-05,-0.00018401041,stable
444,444,0.99893355,0.01236,0.00242,-0.00994,0.00994,0.0004734227,3.0963965e-05,-0.00044245872,stable
1461,1461,0.9989338,0.00866,0.0099,0.0012400001,0.0012400001,0.00075164746,0.0014924199,0.0007407724,stable
337,337,0.99893385,0.01694,0.01706,0.000120000914,0.000120000914,0.007122588,0.006824602,-0.00029798597,stable
3263,3263,0.9989339,0.0087399995,0.00806,-0.0006799996,0.0006799996,0.0007123823,0.00012513559,-0.00058724673,stable
1645,1645,0.9989344,0.0084999995,0.008719999,0.00021999981,0.00021999981,0.0006432315,0.0010584986,0.00041526713,stable
408,408,0.9989346,0.01169,0.0075399997,-0.0041500004,0.0041500004,0.0009341423,0.00011506119,-0.00081908115,stable
3878,3878,0.998935,0.013309999,0.01282,-0.00048999954,0.00048999954,0.0012388602,0.0014937422,0.00025488203,stable
2288,2288,0.9989351,0.01623,0.00058,-0.01565,0.01565,0.001792936,1.6707769e-05,-0.0017762282,stable
2167,2167,0.9989358,0.01767,0.01721,-0.0004600007,0.0004600007,0.003243276,0.0034746614,0.00023138546,stable
2077,2077,0.9989361,0.0177,0.01715,-0.00055,0.00055,0.0032575848,0.0027878575,-0.0004697272,stable
5404,5404,0.9989361,0.017029999,0.01695,-7.999875e-05,7.999875e-05,0.003217056,0.002794314,-0.00042274198,stable
588,588,0.9989362,0.00081,0.00043,-0.00038,0.00038,2.2677907e-05,1.4000997e-05,-8.67691e-06,stable
2631,2631,0.99893665,0.0116,0.017129999,0.005529999,0.005529999,0.00065487606,0.0018602606,0.0012053845,stable
3241,3241,0.99893713,0.0164,0.01592,-0.00047999993,0.00047999993,0.0018586951,0.0015162353,-0.00034245977,stable
3930,3930,0.998938,0.01691,0.01306,-0.00385,0.00385,0.0026397689,0.0013225115,-0.0013172574,stable
336,336,0.99893963,0.01719,0.01639,-0.0008000005,0.0008000005,0.0022682033,0.0018900256,-0.00037817773,stable
5972,5972,0.9989399,0.00987,0.00876,-0.0011100005,0.0011100005,0.0010911509,0.00045837768,-0.00063277327,stable
504,504,0.9989404,0.0186,0.01763,-0.0009700004,0.0009700004,0.0007246289,0.0009880791,0.0002634502,stable
174,174,0.9989408,0.0176,0.01733,-0.00026999973,0.00026999973,0.0066220486,0.006539026,-8.302275e-05,stable
5258,5258,0.9989408,0.008669999,0.008359999,-0.00031000003,0.00031000003,0.00049710786,0.00036900738,-0.00012810048,stable
5652,5652,0.99894136,0.00087,0.00068,-0.00018999999,0.00018999999,3.2062562e-05,2.3912005e-05,-8.150557e-06,stable
5942,5942,0.9989414,0.01043,0.01215,0.0017200001,0.0017200001,0.0008801338,0.0011514502,0.00027131638,stable
4767,4767,0.99894184,0.01101,0.00876,-0.00225,0.00225,0.001252056,0.00076076976,-0.0004912862,stable
1820,1820,0.9989424,0.0084,0.00065999996,-0.00774,0.00774,0.00012742748,1.9727791e-05,-0.00010769969,stable
1119,1119,0.9989432,0.01198,0.0122,0.00021999981,0.00021999981,0.0015101737,0.0016255194,0.0001153457,stable
1863,1863,0.99894387,0.00064,0.00072,8.000003e-05,8.000003e-05,2.75953e-05,2.4905092e-05,-2.690209e-06,stable
5034,5034,0.99894404,0.017919999,0.0178,-0.00011999905,0.00011999905,0.009878327,0.008820069,-0.0010582581,stable
976,976,0.9989465,0.014459999,0.00094999996,-0.013509999,0.013509999,0.0010127865,3.239604e-05,-0.0009803905,stable
5431,5431,0.998947,0.01749,0.01242,-0.00507,0.00507,0.0033105733,0.0009330977,-0.0023774756,stable
1565,1565,0.99894714,0.00911,0.013669999,0.0045599993,0.0045599993,0.0010172436,0.0014826839,0.00046544033,stable
555,555,0.9989478,0.01735,0.01742,7.000007e-05,7.000007e-05,0.0058054593,0.0042080195,-0.0015974399,stable
5635,5635,0.99894786,0.016309999,0.01577,-0.00053999946,0.00053999946,0.0019304809,0.0018492809,-8.1200036e-05,stable
4333,4333,0.99894834,0.008839999,0.00821,-0.0006299997,0.0006299997,0.0010320558,0.00040090067,-0.00063115516,stable
6002,6002,0.9989487,0.01572,0.01654,0.0008199997,0.0008199997,0.0010939428,0.0013094813,0.00021553854,stable
3180,3180,0.99894977,0.008789999,0.0013499999,-0.0074399994,0.0074399994,0.0002964233,4.030738e-05,-0.00025611592,stable
6057,6057,0.9989501,0.01707,0.01483,-0.0022399994,0.0022399994,0.0014796576,0.00094684784,-0.00053280976,stable
4662,4662,0.9989513,0.00086,0.00866,0.0078,0.0078,2.8592167e-05,0.00032477602,0.00029618386,stable
4889,4889,0.99895144,0.01681,0.017409999,0.000599999,0.000599999,0.0023708558,0.006121,0.003750144,stable
5421,5421,0.99895144,0.016929999,0.01677,-0.00015999936,0.00015999936,0.0010537594,0.0012140556,0.00016029621,stable
2327,2327,0.99895227,0.00902,0.00701,-0.00201,0.00201,0.00024655546,6.708964e-05,-0.00017946582,stable
1559,1559,0.9989532,0.00973,0.0122,0.0024699997,0.0024699997,0.0010733997,0.0015829297,0.0005095301,stable
3279,3279,0.9989533,0.017029999,0.01687,-0.00015999936,0.00015999936,0.00147719,0.0016477377,0.00017054775,stable
372,372,0.99895376,0.01711,0.01681,-0.0002999995,0.0002999995,0.002125133,0.0021232846,-1.8484425e-06,stable
847,847,0.9989538,0.013409999,0.00894,-0.004469999,0.004469999,0.0009314961,0.00025877263,-0.00067272346,stable
4441,4441,0.9989543,0.00294,0.00072999997,-0.00221,0.00221,3.5341025e-05,2.5471867e-05,-9.869158e-06,stable
390,390,0.9989585,0.0078,0.00081,-0.0069899997,0.0069899997,7.644043e-05,2.1329464e-05,-5.511097e-05,stable
5268,5268,0.99895895,0.00098,0.00873,0.00775,0.00775,2.9239072e-05,0.0003881876,0.0003589485,stable
1691,1691,0.998959,0.01757,0.01718,-0.00039000064,0.00039000064,0.003830752,0.0033651404,-0.0004656117,stable
2828,2828,0.99895906,0.00121,0.00113,-8.000003e-05,8.000003e-05,4.9126214e-05,4.1992225e-05,-7.133989e-06,stable
4643,4643,0.99895924,0.00868,0.008599999,-8.000061e-05,8.000061e-05,0.00029626623,0.0004632723,0.00016700607,stable
506,506,0.99895996,0.0174,0.01733,-7.000007e-05,7.000007e-05,0.0040021637,0.002667092,-0.0013350716,stable
1427,1427,0.99896073,0.01685,0.01611,-0.000740001,0.000740001,0.0013798142,0.0012384289,-0.00014138536,stable
3350,3350,0.9989633,0.01777,0.01746,-0.00031000003,0.00031000003,0.0029215552,0.0040603345,0.0011387793,stable
1542,1542,0.9989634,0.00134,0.00899,0.00765,0.00765,4.4204317e-05,0.00011939515,7.519083e-05,stable
756,756,0.9989635,0.0139999995,0.01609,0.0020900005,0.0020900005,0.0009358119,0.0016062091,0.0006703972,stable
2991,2991,0.99896353,0.00118,0.00278,0.0016,0.0016,4.1495518e-05,3.5879806e-05,-5.6157114e-06,stable
3850,3850,0.9989636,0.0112499995,0.01646,0.00521,0.00521,0.0005309418,0.0013048466,0.0007739048,stable
3044,3044,0.9989638,0.01628,0.01267,-0.003609999,0.003609999,0.0017558541,0.0013313256,-0.0004245285,stable
4030,4030,0.9989638,0.01575,0.01547,-0.00028000027,0.00028000027,0.00046835325,0.00078717177,0.00031881852,stable
2509,2509,0.99896455,0.012069999,0.0098399995,-0.0022299998,0.0022299998,0.00056665094,0.00035451286,-0.00021213808,stable
542,542,0.998965,0.01578,0.01132,-0.0044600004,0.0044600004,0.0014100662,0.00088351546,-0.0005265507,stable
5507,5507,0.9989656,0.01797,0.017919999,-5.0000846e-05,5.0000846e-05,0.0040931767,0.005217799,0.0011246223,stable
5015,5015,0.9989657,0.01721,0.01735,0.00014000013,0.00014000013,0.0037264468,0.003937448,0.00021100114,stable
4748,4748,0.99896604,0.009269999,0.00907,-0.00019999966,0.00019999966,0.0007632175,0.0006293999,-0.00013381761,stable
391,391,0.99896646,0.01694,0.01239,-0.0045499997,0.0045499997,0.0028020309,0.0014444918,-0.0013575391,stable
965,965,0.9989675,0.016069999,0.0126,-0.003469999,0.003469999,0.0017894012,0.0012609438,-0.00052845734,stable
103,103,0.99896795,0.00944,0.0169,0.007459999,0.007459999,0.00011304753,0.0014114263,0.0012983788,stable
234,234,0.9989686,0.016959999,0.010199999,-0.0067599993,0.0067599993,0.002892405,0.0014570548,-0.0014353503,stable
5572,5572,0.998969,0.00833,0.00833,0.0,0.0,0.0015484582,0.0018312704,0.00028281217,stable
242,242,0.9989691,0.0164,0.01622,-0.00018000044,0.00018000044,0.0020302618,0.002085509,5.524722e-05,stable
901,901,0.9989692,0.00548,0.016309999,0.010829999,0.010829999,0.000118914395,0.00059914915,0.00048023474,stable
4712,4712,0.9989694,0.01156,0.014889999,0.0033299997,0.0033299997,0.00065895275,0.0010506306,0.00039167784,stable
4499,4499,0.99896944,0.0092,0.012329999,0.0031299992,0.0031299992,0.0010807465,0.0015380856,0.0004573391,stable
6006,6006,0.9989696,0.00116,0.0029,0.00174,0.00174,3.369549e-05,5.5111464e-05,2.1415974e-05,stable
4580,4580,0.99896973,0.014959999,0.01575,0.0007900009,0.0007900009,0.0010970886,0.0012619195,0.00016483094,stable
3958,3958,0.9989699,0.017409999,0.01731,-9.999983e-05,9.999983e-05,0.006467722,0.0056569846,-0.00081073726,stable
3845,3845,0.9989704,0.00039,0.00049999997,0.000109999964,0.000109999964,1.4453767e-05,1.7261013e-05,2.8072454e-06,stable
4764,4764,0.9989704,0.0175,0.01704,-0.0004600007,0.0004600007,0.0025692736,0.003183436,0.00061416253,stable
2247,2247,0.99897087,0.01592,0.01536,-0.00056000054,0.00056000054,0.00080503203,0.0008997309,9.469886e-05,stable
1054,1054,0.9989711,0.00084999995,0.01076,0.0099100005,0.0099100005,1.6303238e-05,0.00083120406,0.00081490085,stable
5270,5270,0.9989713,0.013789999,0.01184,-0.0019499995,0.0019499995,0.0009976596,0.0009584622,-3.9197446e-05,stable
6107,6107,0.9989716,0.01764,0.01682,-0.0008199997,0.0008199997,0.0022440765,0.0022163475,-2.7728966e-05,stable
4544,4544,0.99897224,0.008429999,0.00841,-1.9999221e-05,1.9999221e-05,0.0007393318,0.00075590465,1.6572827e-05,stable
5645,5645,0.9989723,0.00889,0.00864,-0.0002500005,0.0002500005,0.0006845049,0.00035260234,-0.0003319026,stable
1446,1446,0.99897254,0.00093,0.00087,-5.999999e-05,5.999999e-05,2.9777302e-05,2.3034463e-05,-6.742839e-06,stable
1153,1153,0.9989726,0.0069,0.0036,-0.0033,0.0033,5.4140633e-05,2.6796393e-05,-2.734424e-05,stable
3464,3464,0.9989739,0.00861,0.008289999,-0.00032000057,0.00032000057,0.00038272396,0.00015021958,-0.00023250438,stable
4994,4994,0.9989766,0.00856,0.01267,0.00411,0.00411,0.0006076333,0.0010906373,0.00048300397,stable
3960,3960,0.9989773,0.017409999,0.01659,-0.0008199997,0.0008199997,0.0029072613,0.0008173356,-0.0020899256,stable
2806,2806,0.99897754,0.00837,0.00067,-0.0077,0.0077,0.0005028944,2.3739462e-05,-0.00047915493,stable
5781,5781,0.99897754,0.013619999,0.01597,0.0023499997,0.0023499997,0.0008697199,0.001253031,0.00038331107,stable
2375,2375,0.99897814,0.0098,0.00942,-0.0003800001,0.0003800001,0.00091957283,0.0006218444,-0.00029772846,stable
2367,2367,0.99897826,0.01626,0.01592,-0.0003399998,0.0003399998,0.00032367193,0.00068303803,0.0003593661,stable
7,7,0.9989803,0.012949999,0.01071,-0.0022399994,0.0022399994,0.00108842,0.00091534894,-0.00017307111,stable
3419,3419,0.99898076,0.013599999,0.00921,-0.0043899994,0.0043899994,0.0014302548,0.0011678045,-0.0002624503,stable
1566,1566,0.998981,0.01903,0.01839,-0.0006399993,0.0006399993,0.014899096,0.0148457745,-5.3321943e-05,stable
5654,5654,0.998981,0.01788,0.017579999,-0.00030000135,0.00030000135,0.006246172,0.0046342853,-0.0016118865,stable
2332,2332,0.9989816,0.01737,0.01688,-0.0004900005,0.0004900005,0.0018444627,0.0015267101,-0.0003177526,stable
5089,5089,0.99898195,0.01735,0.01707,-0.00028000027,0.00028000027,0.006850199,0.0061411182,-0.0007090806,stable
1009,1009,0.9989821,0.0087399995,0.01649,0.00775,0.00775,0.00042585464,0.0016919965,0.0012661419,stable
4468,4468,0.9989823,0.01452,0.013739999,-0.00078000035,0.00078000035,0.0014344113,0.0014828766,4.846533e-05,stable
2979,2979,0.99898267,0.01912,0.01886,-0.00026000105,0.00026000105,0.0072812447,0.0072831325,1.8877909e-06,stable
6043,6043,0.9989827,0.00105,0.0071699996,0.0061199996,0.0061199996,3.7683163e-05,7.1773815e-05,3.409065e-05,stable
4102,4102,0.99898374,0.015129999,0.00954,-0.0055899993,0.0055899993,0.00072663906,0.000114941824,-0.0006116972,stable
727,727,0.9989844,0.01635,0.01723,0.0008800011,0.0008800011,0.0025151903,0.0043838266,0.0018686363,stable
4517,4517,0.9989846,0.00065,0.00058,-7.000001e-05,7.000001e-05,2.3372762e-05,2.1907577e-05,-1.465185e-06,stable
795,795,0.99898463,0.01742,0.0026399998,-0.01478,0.01478,0.0016309045,6.195009e-05,-0.0015689544,stable
5731,5731,0.9989847,0.01701,0.016719999,-0.0002900008,0.0002900008,0.0049969754,0.005897699,0.0009007235,stable
4807,4807,0.9989858,0.00883,0.009099999,0.00026999973,0.00026999973,0.0003849497,0.0006037999,0.00021885018,stable
1794,1794,0.9989861,0.014509999,0.00928,-0.0052299993,0.0052299993,0.00054976455,0.00017331615,-0.00037644838,stable
2778,2778,0.9989861,0.00846,0.00944,0.00098,0.00098,0.0009638496,0.0014665715,0.0005027219,stable
5834,5834,0.99898666,0.008959999,0.00851,-0.00044999924,0.00044999924,0.00058952934,0.0006296758,4.0146464e-05,stable
3970,3970,0.99898803,0.0105,0.01709,0.0065900004,0.0065900004,0.00093513913,0.0023820521,0.001446913,stable
620,620,0.9989886,0.00841,0.0011,-0.0073100002,0.0073100002,0.00012753144,4.731177e-05,-8.0219674e-05,stable
5839,5839,0.998989,0.01164,0.00877,-0.00287,0.00287,0.00096639263,0.00048501868,-0.00048137395,stable
1698,1698,0.9989903,0.008719999,0.016339999,0.0076199993,0.0076199993,0.0006869429,0.0016304847,0.0009435418,stable
2726,2726,0.9989908,0.01757,0.01711,-0.0004600007,0.0004600007,0.004926096,0.0049188794,-7.2168186e-06,stable
1455,1455,0.99899125,0.00973,0.00849,-0.0012400001,0.0012400001,0.0013842285,0.00076226215,-0.0006219663,stable
3929,3929,0.9989939,0.00147,0.00088999997,-0.00058000005,0.00058000005,3.553061e-05,2.948402e-05,-6.046592e-06,stable
2170,2170,0.9989941,0.00902,0.00852,-0.0005000001,0.0005000001,0.00078100525,0.0004303877,-0.00035061754,stable
1183,1183,0.9989945,0.017919999,0.01721,-0.00070999935,0.00070999935,0.004145628,0.0034161406,-0.0007294873,stable
4546,4546,0.9989946,0.016409999,0.0131,-0.0033099987,0.0033099987,0.0022434378,0.0014871643,-0.0007562735,stable
4838,4838,0.9989952,0.01599,0.0167,0.00070999935,0.00070999935,0.0016322313,0.0032008584,0.0015686271,stable
5095,5095,0.9989954,0.01301,0.01752,0.0045099994,0.0045099994,0.0004503489,0.0027209516,0.0022706026,stable
3210,3210,0.9989955,0.01218,0.015759999,0.0035799993,0.0035799993,0.0013225103,0.0019178123,0.000595302,stable
1552,1552,0.9989956,0.01122,0.00885,-0.00237,0.00237,0.0004140795,0.00012165392,-0.00029242557,stable
4909,4909,0.99899584,0.00086,0.00098,0.00012000004,0.00012000004,2.5465766e-05,2.2110742e-05,-3.355024e-06,stable
3744,3744,0.998996,0.016139999,0.01483,-0.0013099993,0.0013099993,0.000671593,0.00049256743,-0.00017902558,stable
3974,3974,0.99899673,0.00892,0.012069999,0.0031499993,0.0031499993,0.0006213827,0.0011012022,0.00047981954,stable
1738,1738,0.99899715,0.01081,0.01064,-0.0001699999,0.0001699999,0.0001794521,0.0002489597,6.95076e-05,stable
1325,1325,0.9989974,0.00113,0.0011999999,6.999995e-05,6.999995e-05,4.1757605e-05,3.7918417e-05,-3.839188e-06,stable
2319,2319,0.998999,0.0167,0.01605,-0.0006499998,0.0006499998,0.001865953,0.0013600556,-0.00050589733,stable
3225,3225,0.99899936,0.01688,0.0131,-0.00378,0.00378,0.002357636,0.0011605902,-0.0011970459,stable
1686,1686,0.9989997,0.00957,0.009219999,-0.00035000034,0.00035000034,0.00071963837,0.0004739591,-0.00024567926,stable
3149,3149,0.99900043,0.01428,0.0123499995,-0.0019300003,0.0019300003,0.0016341566,0.0012863221,-0.00034783443,stable
2408,2408,0.99900115,0.017409999,0.01699,-0.00041999854,0.00041999854,0.0063434215,0.00394473,-0.0023986916,stable
123,123,0.9990013,0.00661,0.00102,-0.00559,0.00559,8.205953e-05,2.4618814e-05,-5.7440717e-05,stable
1561,1561,0.9990015,0.00585,0.0011199999,-0.00473,0.00473,6.0887658e-05,4.423001e-05,-1.6657646e-05,stable
3558,3558,0.9990031,0.00844,0.012739999,0.004299999,0.004299999,0.00018790558,0.00129241,0.0011045043,stable
3234,3234,0.9990035,0.00075999997,0.00083,7.000001e-05,7.000001e-05,2.2205522e-05,1.940066e-05,-2.8048617e-06,stable
683,683,0.9990039,0.01644,0.0009999999,-0.01544,0.01544,0.0012014229,3.2836535e-05,-0.0011685863,stable
3427,3427,0.9990039,0.00062999997,0.00043,-0.00019999998,0.00019999998,1.5040801e-05,8.694327e-06,-6.346474e-06,stable
3580,3580,0.999005,0.00894,0.00094,-0.008,0.008,0.00031729406,2.747595e-05,-0.00028981813,stable
4949,4949,0.9990052,0.01376,0.01194,-0.0018199999,0.0018199999,0.00058413384,0.00037326713,-0.00021086671,stable
2388,2388,0.9990053,0.01694,0.01572,-0.001219999,0.001219999,0.0013418234,0.001026704,-0.0003151194,stable
4071,4071,0.9990057,0.00851,0.008359999,-0.00015000068,0.00015000068,0.0011594059,0.00083255506,-0.00032685086,stable
67,67,0.99900603,0.01702,0.016789999,-0.00023000129,0.00023000129,0.0020646206,0.0024032388,0.00033861818,stable
5106,5106,0.99900633,0.01069,0.0104,-0.00028999988,0.00028999988,0.00063154195,0.0005262447,-0.00010529725,stable
215,215,0.99900734,0.00081,0.00621,0.0053999997,0.0053999997,2.3944225e-05,4.689284e-05,2.2948616e-05,stable
1007,1007,0.9990083,0.01742,0.017269999,-0.00015000068,0.00015000068,0.0044749854,0.005179086,0.00070410036,stable
3115,3115,0.99900854,0.01709,0.0169,-0.00019000098,0.00019000098,0.005621861,0.0049730698,-0.00064879144,stable
5201,5201,0.9990086,0.017719999,0.00538,-0.012339999,0.012339999,0.0012422698,5.713519e-05,-0.0011851345,stable
2193,2193,0.9990092,0.017439999,0.016169999,-0.0012699999,0.0012699999,0.0020105809,0.0010892112,-0.00092136965,stable
4312,4312,0.9990095,0.014579999,0.011159999,-0.00342,0.00342,0.0016276205,0.0011907724,-0.00043684815,stable
2072,2072,0.99900997,0.017199999,0.016789999,-0.00040999986,0.00040999986,0.0029318212,0.0027967466,-0.0001350746,stable
2211,2211,0.99901026,0.01716,0.016889999,-0.0002700016,0.0002700016,0.004757171,0.003275912,-0.001481259,stable
4771,4771,0.99901044,0.016689999,0.00902,-0.0076699993,0.0076699993,0.0015018755,0.00039547653,-0.0011063989,stable
3786,3786,0.9990107,0.01265,0.01277,0.00011999998,0.00011999998,0.00062649674,0.0006875578,6.106106e-05,stable
2105,2105,0.9990109,0.00876,0.00845,-0.00031000003,0.00031000003,0.0006123862,0.0004875191,-0.0001248671,stable
4285,4285,0.9990109,0.01694,0.01261,-0.00433,0.00433,0.00045887547,0.00031137248,-0.00014750299,stable
1536,1536,0.99901175,0.0078799995,0.007999999,0.00011999998,0.00011999998,0.00011243942,0.000118381184,5.9417653e-06,stable
5243,5243,0.9990118,0.0105099995,0.00926,-0.0012499997,0.0012499997,0.0012702034,0.0008662754,-0.000403928,stable
74,74,0.9990134,0.01699,0.01688,-0.00011000037,0.00011000037,0.002730982,0.0023950543,-0.0003359276,stable
358,358,0.9990134,0.01715,0.01707,-8.000061e-05,8.000061e-05,0.0037156933,0.004245095,0.0005294017,stable
2177,2177,0.99901414,0.018509999,0.018129999,-0.0003800001,0.0003800001,0.01159655,0.0092054615,-0.0023910888,stable
5379,5379,0.9990151,0.0139,0.01563,0.0017299997,0.0017299997,0.0017782456,0.0023081466,0.000529901,stable
3170,3170,0.9990153,0.00165,0.00913,0.00748,0.00748,3.6486384e-05,0.00045582617,0.00041933978,stable
2715,2715,0.999016,0.00914,0.0072299996,-0.0019100001,0.0019100001,0.00039973145,6.0566963e-05,-0.0003391645,stable
5592,5592,0.99901605,0.01649,0.01575,-0.0007399991,0.0007399991,0.0018104747,0.0016833476,-0.00012712704,stable
3301,3301,0.9990165,0.017509999,0.01731,-0.00019999966,0.00019999966,0.004497178,0.0042794817,-0.00021769619,stable
4340,4340,0.999017,0.01749,0.00094999996,-0.01654,0.01654,0.00354065,3.6633763e-05,-0.0035040162,stable
2393,2393,0.9990173,0.01649,0.00057,-0.01592,0.01592,0.0013512372,1.6623588e-05,-0.0013346135,stable
875,875,0.9990175,0.01735,0.016999999,-0.00035000034,0.00035000034,0.0049831285,0.0055355616,0.0005524331,stable
5964,5964,0.99901783,0.01757,0.01795,0.0003800001,0.0003800001,0.005818438,0.005855665,3.722729e-05,stable
2703,2703,0.9990182,0.01732,0.01697,-0.00035000034,0.00035000034,0.0061209574,0.005370198,-0.0007507596,stable
238,238,0.9990183,0.0148,0.01563,0.00082999934,0.00082999934,0.00090261153,0.0010401775,0.000137566,stable
2430,2430,0.9990184,0.01595,0.014169999,-0.0017800005,0.0017800005,0.0015317694,0.0014507177,-8.105172e-05,stable
4,4,0.9990188,0.00678,0.00093,-0.00585,0.00585,7.4946685e-05,3.0504714e-05,-4.444197e-05,stable
1709,1709,0.9990196,0.01754,0.01701,-0.0005300008,0.0005300008,0.0047992333,0.0030486714,-0.0017505619,stable
3376,3376,0.99901974,0.01752,0.01723,-0.00028999895,0.00028999895,0.007275404,0.0065024523,-0.00077295164,stable
6013,6013,0.99902,0.0175,0.017269999,-0.00023000129,0.00023000129,0.006198717,0.0051589957,-0.0010397211,stable
3623,3623,0.99902105,0.01119,0.01471,0.0035199998,0.0035199998,0.0012787462,0.0016673547,0.00038860855,stable
5064,5064,0.9990215,0.0011,0.00087,-0.00023,0.00023,3.378406e-05,2.6381078e-05,-7.402983e-06,stable
4178,4178,0.99902177,0.00084999995,0.00208,0.00123,0.00123,2.8861485e-05,2.7806009e-05,-1.0554759e-06,stable
4765,4765,0.9990222,0.0105,0.0019299999,-0.00857,0.00857,0.00013852985,3.9254886e-05,-9.927497e-05,stable
4291,4291,0.99902254,0.00841,0.01072,0.0023099994,0.0023099994,0.00034711172,0.0005445645,0.00019745278,stable
3089,3089,0.99902284,0.016929999,0.0162,-0.0007299986,0.0007299986,0.00274554,0.0023991163,-0.00034642383,stable
3107,3107,0.9990231,0.00889,0.00885,-4.0000305e-05,4.0000305e-05,0.00023929628,0.00014033266,-9.896362e-05,stable
187,187,0.9990232,0.018469999,0.01761,-0.00085999817,0.00085999817,0.001795293,0.0019176044,0.00012231141,stable
4672,4672,0.99902356,0.00911,0.00899,-0.00011999998,0.00011999998,0.0007499431,0.00074101303,-8.930045e-06,stable
4903,4903,0.99902356,0.008549999,0.00861,6.0000457e-05,6.0000457e-05,0.00025137715,0.00023676013,-1.46170205e-05,stable
1201,1201,0.9990237,0.008789999,0.008719999,-7.000007e-05,7.000007e-05,0.00048370723,0.00019572498,-0.00028798226,stable
2437,2437,0.9990243,0.00107,0.00107,0.0,0.0,3.9774808e-05,3.516298e-05,-4.6118294e-06,stable
1076,1076,0.99902457,0.008719999,0.00869,-2.9999763e-05,2.9999763e-05,0.000772205,0.0010265304,0.0002543254,stable
3307,3307,0.9990255,0.0169,0.01685,-4.9998984e-05,4.9998984e-05,0.0028964104,0.0040402063,0.0011437959,stable
4747,4747,0.99902564,0.01835,0.01747,-0.00087999925,0.00087999925,0.009781943,0.0077915024,-0.0019904403,stable
4485,4485,0.9990268,0.01742,0.017029999,-0.00039000064,0.00039000064,0.0037875285,0.00390578,0.000118251424,stable
5928,5928,0.99902725,0.01682,0.00885,-0.007970001,0.007970001,0.001810509,0.00038584784,-0.0014246611,stable
1025,1025,0.9990281,0.01604,0.01572,-0.0003199987,0.0003199987,0.0018421845,0.0018871555,4.4971006e-05,stable
4292,4292,0.9990281,0.01456,0.01538,0.0008199997,0.0008199997,0.0018119686,0.0022366913,0.00042472268,stable
3179,3179,0.9990283,0.00098,0.00091999996,-6.000005e-05,6.000005e-05,2.5209707e-05,2.4925539e-05,-2.8416798e-07,stable
5441,5441,0.9990284,0.00856,0.00847,-9.000022e-05,9.000022e-05,0.0006661568,0.0004338417,-0.00023231513,stable
4385,4385,0.9990289,0.0014599999,0.01146,0.01,0.01,4.1519117e-05,0.00032937428,0.00028785516,stable
2224,2224,0.99903023,0.00815,0.00087999995,-0.00727,0.00727,0.0001181098,2.9721306e-05,-8.838849e-05,stable
5589,5589,0.9990306,0.01674,0.01666,-8.000061e-05,8.000061e-05,0.005900319,0.0067064404,0.00080612116,stable
6028,6028,0.9990307,0.009819999,0.011849999,0.00203,0.00203,0.0008764523,0.0010233904,0.00014693814,stable
3948,3948,0.9990308,0.01054,0.012279999,0.0017399993,0.0017399993,0.0008100491,0.0010291989,0.00021914975,stable
3870,3870,0.99903095,0.016619999,0.01633,-0.00028999895,0.00028999895,0.0027582909,0.002820562,6.2271254e-05,stable
4878,4878,0.999032,0.0088,0.00081999996,-0.00798,0.00798,0.00044823732,2.4911122e-05,-0.0004233262,stable
5,5,0.9990323,0.01938,0.018269999,-0.0011100005,0.0011100005,0.010117482,0.009220244,-0.00089723803,stable
375,375,0.9990324,0.017719999,0.01697,-0.00074999966,0.00074999966,0.0012697557,0.0013526025,8.284685e-05,stable
3230,3230,0.99903244,0.011039999,0.01702,0.005980001,0.005980001,0.00081477215,0.002182669,0.0013678968,stable
3461,3461,0.99903345,0.01661,0.01594,-0.0006700009,0.0006700009,0.0009795089,0.0008678132,-0.00011169567,stable
1687,1687,0.9990336,0.00999,0.01255,0.00256,0.00256,0.0001378718,0.00019586866,5.7996862e-05,stable
1093,1093,0.9990339,0.01004,0.01145,0.00141,0.00141,0.00020629531,0.0002583546,5.2059273e-05,stable
2234,2234,0.999034,0.01699,0.015059999,-0.0019300012,0.0019300012,0.001927643,0.0012752597,-0.0006523833,stable
3648,3648,0.99903405,0.00055999996,0.00059,3.0000054e-05,3.0000054e-05,1.8002598e-05,1.7701392e-05,-3.0120646e-07,stable
4433,4433,0.9990344,0.00838,0.0013799999,-0.0069999998,0.0069999998,0.00028959513,1.8142684e-05,-0.00027145245,stable
1500,1500,0.99903566,0.0156,0.01664,0.0010400005,0.0010400005,0.0014697491,0.002194983,0.0007252338,stable
3718,3718,0.99903584,0.01754,0.01606,-0.0014800001,0.0014800001,0.0017376639,0.0009233075,-0.0008143564,stable
857,857,0.99903655,0.01652,0.01587,-0.0006499998,0.0006499998,0.0012469449,0.0013220398,7.509487e-05,stable
5474,5474,0.9990368,0.0084999995,0.00104,-0.0074599995,0.0074599995,0.00026028417,2.8237639e-05,-0.00023204653,stable
150,150,0.99903715,0.01736,0.01676,-0.00060000084,0.00060000084,0.002258984,0.0018058538,-0.0004531301,stable
389,389,0.99903786,0.00134,0.00102,-0.00032,0.00032,4.3270793e-05,3.3795444e-05,-9.475349e-06,stable
4390,4390,0.9990382,0.01328,0.01043,-0.0028499998,0.0028499998,0.00094468537,0.0006923496,-0.00025233574,stable
2185,2185,0.99903834,0.00083,0.0008,-2.9999996e-05,2.9999996e-05,3.6258378e-05,2.9029983e-05,-7.2283947e-06,stable
3838,3838,0.9990392,0.0102699995,0.01577,0.0055,0.0055,0.0007211406,0.0013445969,0.00062345626,stable
710,710,0.99903977,0.015829999,0.0115,-0.004329999,0.004329999,0.0022108515,0.0016229715,-0.00058788003,stable
2039,2039,0.9990401,0.00981,0.01594,0.0061299996,0.0061299996,0.00089647,0.0016768823,0.0007804123,stable
793,793,0.99904096,0.00156,0.009579999,0.00802,0.00802,5.5101747e-05,0.0007780299,0.00072292815,stable
5458,5458,0.9990416,0.01189,0.00839,-0.0034999996,0.0034999996,0.0011452629,0.00068798027,-0.0004572826,stable
5305,5305,0.99904203,0.00864,0.00853,-0.00010999944,0.00010999944,0.00023001952,0.00070178753,0.00047176803,stable
5114,5114,0.9990425,0.00877,0.00072999997,-0.00804,0.00804,0.00021305244,2.24075e-05,-0.00019064493,stable
4565,4565,0.9990427,0.016889999,0.01699,0.00010000169,0.00010000169,0.0016125082,0.00213573,0.0005232219,stable
5877,5877,0.9990427,0.0130199995,0.010849999,-0.0021700002,0.0021700002,0.0014500761,0.0011334445,-0.00031663163,stable
4919,4919,0.99904275,0.00899,0.01253,0.00354,0.00354,0.0005037673,0.0009623654,0.00045859814,stable
1762,1762,0.9990436,0.01425,0.01566,0.0014099991,0.0014099991,0.0010408662,0.0012753457,0.00023447943,stable
2646,2646,0.9990437,0.01938,0.0145499995,-0.00483,0.00483,0.0031880394,0.0010706318,-0.0021174075,stable
407,407,0.99904406,0.01673,0.01668,-4.9998984e-05,4.9998984e-05,0.0021902672,0.002774772,0.0005845048,stable
1664,1664,0.99904406,0.008839999,0.01592,0.007080001,0.007080001,0.00082769344,0.001932856,0.0011051625,stable
1775,1775,0.9990456,0.00144,0.00127,-0.00017000001,0.00017000001,5.246662e-05,4.744558e-05,-5.02104e-06,stable
839,839,0.9990475,0.0009,0.0008,-0.000100000005,0.000100000005,2.5115398e-05,2.0227628e-05,-4.88777e-06,stable
3659,3659,0.9990475,0.01542,0.014819999,-0.00060000084,0.00060000084,0.0015388461,0.0013353712,-0.00020347489,stable
4879,4879,0.9990476,0.01176,0.01188,0.00011999998,0.00011999998,0.0010390468,0.001043835,4.788162e-06,stable
3762,3762,0.99904823,0.0110599995,0.016959999,0.0058999993,0.0058999993,0.00067477766,0.0014969565,0.0008221788,stable
5613,5613,0.9990485,0.00087,0.0016099999,0.00073999993,0.00073999993,2.6453681e-05,1.9705776e-05,-6.747905e-06,stable
5915,5915,0.9990493,0.01688,0.01677,-0.00011000037,0.00011000037,0.0038262724,0.004342359,0.0005160866,stable
2821,2821,0.9990498,0.00118,0.00685,0.00567,0.00567,4.4527063e-05,6.168648e-05,1.7159415e-05,stable
1735,1735,0.9990499,0.01626,0.015859999,-0.00040000118,0.00040000118,0.0017159196,0.0017860918,7.0172246e-05,stable
73,73,0.99905044,0.0178,0.017789999,-1.0000542e-05,1.0000542e-05,0.0032434398,0.0034820782,0.00023863837,stable
1870,1870,0.9990506,0.008719999,0.0094099995,0.00069000013,0.00069000013,0.00057005713,0.0008877314,0.00031767425,stable
4380,4380,0.99905175,0.008669999,0.0123499995,0.00368,0.00368,0.00016111626,0.0006647881,0.0005036719,stable
83,83,0.9990523,0.00849,0.01592,0.00743,0.00743,0.0006300381,0.0023762386,0.0017462005,stable
788,788,0.9990531,0.01148,0.01681,0.00533,0.00533,0.00016597827,0.0014283139,0.0012623356,stable
1083,1083,0.9990531,0.00895,0.00923,0.00028000027,0.00028000027,0.00047603706,0.00068958174,0.00021354467,stable
2673,2673,0.9990535,0.00882,0.0136899995,0.0048699994,0.0048699994,0.00013323706,0.0003005474,0.00016731034,stable
3904,3904,0.99905574,0.00808,0.00763,-0.00045000017,0.00045000017,6.854943e-05,5.987622e-05,-8.673211e-06,stable
6047,6047,0.9990562,0.01704,0.01651,-0.0005299989,0.0005299989,0.0023708506,0.0015797985,-0.0007910521,stable
5969,5969,0.9990566,0.0092899995,0.01194,0.0026500002,0.0026500002,0.0012356899,0.0013179373,8.2247425e-05,stable
6073,6073,0.9990568,0.01705,0.01555,-0.0015000002,0.0015000002,0.0019283337,0.0013334999,-0.00059483375,stable
3166,3166,0.99905777,0.01732,0.01647,-0.0008499995,0.0008499995,0.0013589673,0.0012973105,-6.1656814e-05,stable
4118,4118,0.9990579,0.00727,0.0025199999,-0.0047500003,0.0047500003,8.8914465e-05,3.1196032e-05,-5.7718433e-05,stable
5443,5443,0.99905825,0.00201,0.00217,0.00016000005,0.00016000005,3.0957468e-05,3.5087123e-05,4.1296553e-06,stable
3173,3173,0.9990593,0.01702,0.01688,-0.00014000013,0.00014000013,0.0052865003,0.0038997924,-0.0013867079,stable
3780,3780,0.9990605,0.008909999,0.00893,2.0000152e-05,2.0000152e-05,0.0009294116,0.00092591374,-3.497873e-06,stable
989,989,0.999061,0.00856,0.00856,0.0,0.0,0.0010505064,0.0013296582,0.00027915183,stable
5855,5855,0.9990613,0.00201,0.00148,-0.00052999996,0.00052999996,4.2911124e-05,2.6055903e-05,-1.6855221e-05,stable
5415,5415,0.99906135,0.00096,0.00854,0.00758,0.00758,3.4866367e-05,0.000636957,0.0006020906,stable
761,761,0.9990623,0.01756,0.01692,-0.0006399993,0.0006399993,0.0018485781,0.0025380235,0.0006894454,stable
2444,2444,0.99906254,0.00118,0.012379999,0.0112,0.0112,2.0810094e-05,0.0015614016,0.0015405916,stable
1142,1142,0.99906266,0.97442997,0.97462,0.00019001961,0.00019001961,0.29206207,0.28012705,-0.011935025,stable
5031,5031,0.9990631,0.00042,0.00045999998,3.9999984e-05,3.9999984e-05,1.3563364e-05,1.2979545e-05,-5.838183e-07,stable
3454,3454,0.99906373,0.01785,0.01733,-0.00052000023,0.00052000023,0.009846067,0.008306539,-0.0015395284,stable
3592,3592,0.999064,0.01736,0.016409999,-0.0009500012,0.0009500012,0.0017533398,0.0015823252,-0.00017101457,stable
3627,3627,0.99906445,0.00179,0.00049999997,-0.00129,0.00129,1.9590625e-05,1.4830243e-05,-4.7603817e-06,stable
1938,1938,0.99906504,0.0139,0.01598,0.00208,0.00208,0.0008498952,0.00078004354,-6.985164e-05,stable
1307,1307,0.99906564,0.013069999,0.008959999,-0.00411,0.00411,0.0016885038,0.0011734695,-0.0005150343,stable
1560,1560,0.99906564,0.00871,0.0122299995,0.0035199998,0.0035199998,0.0007288555,0.0009393886,0.0002105331,stable
3561,3561,0.99906594,0.01698,0.013909999,-0.0030700006,0.0030700006,0.0024758326,0.0011872574,-0.0012885752,stable
2840,2840,0.999066,0.00858,0.00851,-7.000007e-05,7.000007e-05,0.0004051432,0.00056867726,0.00016353407,stable
2608,2608,0.9990661,0.00846,0.00804,-0.0004200004,0.0004200004,0.0003516394,9.141046e-05,-0.00026022893,stable
1383,1383,0.9990662,0.00889,0.00554,-0.0033500004,0.0033500004,0.00020932175,5.8743502e-05,-0.00015057824,stable
1422,1422,0.99906623,0.01589,0.014169999,-0.001720001,0.001720001,0.0008608109,0.0006288496,-0.00023196131,stable
3500,3500,0.9990663,0.0134499995,0.00931,-0.00414,0.00414,0.00049407384,0.00011926809,-0.00037480576,stable
669,669,0.9990665,0.01572,0.0116799995,-0.004040001,0.004040001,0.0005432484,0.00022957698,-0.0003136714,stable
3117,3117,0.99906653,0.00863,0.0081899995,-0.00044000056,0.00044000056,0.0009964885,0.000683701,-0.00031278748,stable
2844,2844,0.9990679,0.00846,0.00847,9.9996105e-06,9.9996105e-06,0.0009871833,0.0010087151,2.1531829e-05,stable
2250,2250,0.99906826,0.00918,0.01535,0.00617,0.00617,0.001459382,0.0023567611,0.0008973791,stable
5206,5206,0.99906886,0.01267,0.00911,-0.00356,0.00356,0.0012249065,0.000994078,-0.00023082853,stable
4621,4621,0.99906904,0.00868,0.01199,0.0033099996,0.0033099996,0.0005187,0.0008857717,0.0003670717,stable
134,134,0.9990692,0.008909999,0.00714,-0.0017699995,0.0017699995,0.00030420662,7.446972e-05,-0.0002297369,stable
783,783,0.99906987,0.0149,0.01438,-0.00052000023,0.00052000023,0.0012466841,0.00097461516,-0.00027206895,stable
997,997,0.99906987,0.0072999997,0.00871,0.00141,0.00141,0.00010636159,0.00032622518,0.00021986359,stable
2236,2236,0.9990703,0.00202,0.00054,-0.0014800001,0.0014800001,2.2078875e-05,1.2866934e-05,-9.211941e-06,stable
183,183,0.9990709,0.016789999,0.01674,-4.9998984e-05,4.9998984e-05,0.0040989798,0.0035067901,-0.0005921896,stable
3008,3008,0.99907094,0.01647,0.016449999,-2.0001084e-05,2.0001084e-05,0.0032332458,0.0037919597,0.0005587139,stable
711,711,0.999071,0.017409999,0.01702,-0.00038999878,0.00038999878,0.0028281908,0.002844079,1.588813e-05,stable
1970,1970,0.99907243,0.0087399995,0.00852,-0.00021999981,0.00021999981,0.00093480083,0.0005843655,-0.00035043532,stable
4840,4840,0.9990742,0.01714,0.016689999,-0.00045000017,0.00045000017,0.0021246457,0.002247727,0.00012308126,stable
4857,4857,0.9990742,0.01738,0.017099999,-0.00028000027,0.00028000027,0.00250879,0.0027682548,0.00025946484,stable
2018,2018,0.99907446,0.01509,0.015829999,0.0007399991,0.0007399991,0.0011292209,0.0012867935,0.00015757256,stable
4484,4484,0.9990747,0.016649999,0.01167,-0.004979999,0.004979999,0.0011345857,0.0005288315,-0.0006057542,stable
4165,4165,0.99907494,0.016549999,0.01435,-0.002199999,0.002199999,0.00086234754,0.0004081999,-0.00045414764,stable
3588,3588,0.99907523,0.01783,0.0174,-0.00042999908,0.00042999908,0.002278923,0.002600355,0.00032143202,stable
5483,5483,0.9990754,0.017129999,0.01715,2.0001084e-05,2.0001084e-05,0.0020963934,0.0031481243,0.001051731,stable
2016,2016,0.99907595,0.00904,0.00887,-0.0001699999,0.0001699999,0.0007583305,0.0005656916,-0.0001926389,stable
4726,4726,0.99907595,0.016889999,0.017029999,0.00014000013,0.00014000013,0.0017316848,0.0026023723,0.00087068754,stable
219,219,0.9990764,0.017029999,0.01668,-0.00034999847,0.00034999847,0.0012346864,0.0013637806,0.00012909423,stable
3641,3641,0.9990766,0.01757,0.01692,-0.0006499998,0.0006499998,0.0029758215,0.0026529334,-0.00032288814,stable
4278,4278,0.99907696,0.0141199995,0.01406,-5.9999526e-05,5.9999526e-05,0.000533119,0.0004973851,-3.5733916e-05,stable
4127,4127,0.9990777,0.00995,0.0149799995,0.0050299997,0.0050299997,0.0015056588,0.0020324246,0.0005267657,stable
2760,2760,0.9990779,0.01697,0.00967,-0.0072999997,0.0072999997,0.0016015691,0.00040076554,-0.0012008036,stable
4584,4584,0.999078,0.014889999,0.01487,-1.9999221e-05,1.9999221e-05,0.0012270061,0.0009815916,-0.00024541444,stable
4505,4505,0.9990781,0.01708,0.01306,-0.00402,0.00402,0.0010951564,0.00064167136,-0.00045348506,stable
4442,4442,0.99907815,0.00151,0.00131,-0.00020000001,0.00020000001,3.8740804e-05,3.590407e-05,-2.8367322e-06,stable
3395,3395,0.99907833,0.01754,0.01737,-0.0001699999,0.0001699999,0.0034997778,0.004142288,0.00064251036,stable
1229,1229,0.9990785,0.01421,0.014889999,0.0006799996,0.0006799996,0.001344183,0.0014263031,8.212007e-05,stable
5859,5859,0.99907887,0.0177,0.01709,-0.0006099995,0.0006099995,0.0042198943,0.0019811757,-0.0022387186,stable
5437,5437,0.9990794,0.00803,0.00811,7.999968e-05,7.999968e-05,0.00016558474,0.00017593506,1.0350312e-05,stable
5218,5218,0.9990798,0.008839999,0.00864,-0.00019999966,0.00019999966,0.00061321334,0.00028241405,-0.0003307993,stable
1287,1287,0.99908,0.01746,0.01707,-0.00039000064,0.00039000064,0.0012776596,0.0011178862,-0.0001597734,stable
4248,4248,0.99908054,0.00837,0.00809,-0.00028000027,0.00028000027,0.00044002236,0.00011812493,-0.00032189742,stable
3714,3714,0.9990812,0.00926,0.0089,-0.00035999995,0.00035999995,0.00059449143,0.00057938695,-1.5104481e-05,stable
5902,5902,0.99908215,0.00062,0.00049,-0.00013,0.00013,1.7265282e-05,1.564563e-05,-1.6196518e-06,stable
5068,5068,0.99908257,0.0090499995,0.00832,-0.0007299995,0.0007299995,0.0006498717,0.0007249949,7.5123215e-05,stable
897,897,0.9990827,0.01389,0.01306,-0.00083000027,0.00083000027,0.0010208666,0.00075889064,-0.00026197592,stable
4982,4982,0.99908316,0.019399999,0.018609999,-0.00078999996,0.00078999996,0.008071668,0.007471162,-0.00060050655,stable
5794,5794,0.99908394,0.01623,0.015509999,-0.0007200008,0.0007200008,0.0020949724,0.0020599184,-3.505405e-05,stable
1901,1901,0.9990849,0.0013499999,0.00145,0.00010000006,0.00010000006,4.9326085e-05,4.217434e-05,-7.151746e-06,stable
4760,4760,0.99908507,0.01131,0.008789999,-0.0025200006,0.0025200006,0.0006518167,0.00022474343,-0.00042707328,stable
790,790,0.99908525,0.00333,0.00191,-0.00142,0.00142,7.053107e-05,5.0604245e-05,-1.9926822e-05,stable
4355,4355,0.9990854,0.01423,0.01352,-0.0007100003,0.0007100003,0.0020437015,0.0019967894,-4.6912115e-05,stable
3373,3373,0.99908584,0.013599999,0.00889,-0.004709999,0.004709999,0.0010687489,0.00022943475,-0.00083931413,stable
3818,3818,0.99908626,0.01701,0.01613,-0.00087999925,0.00087999925,0.000674956,0.00046244482,-0.0002125112,stable
32,32,0.9990866,0.016409999,0.0105099995,-0.0058999993,0.0058999993,0.0015806607,0.0006410356,-0.0009396251,stable
3514,3514,0.9990867,0.01731,0.01707,-0.00023999996,0.00023999996,0.005875115,0.003485633,-0.0023894818,stable
6134,6134,0.9990871,0.00876,0.00087,-0.00789,0.00789,0.0007401935,3.4636287e-05,-0.00070555724,stable
2894,2894,0.9990872,0.017549999,0.01715,-0.00039999932,0.00039999932,0.0047391728,0.005735563,0.0009963904,stable
2464,2464,0.99908733,0.01704,0.01687,-0.0001699999,0.0001699999,0.010262123,0.009743736,-0.0005183872,stable
5230,5230,0.9990875,0.01716,0.01675,-0.00040999986,0.00040999986,0.0027623584,0.0035002967,0.00073793833,stable
2873,2873,0.9990878,0.01009,0.01133,0.0012400001,0.0012400001,0.0009182531,0.0010617787,0.00014352566,stable
701,701,0.9990879,0.01681,0.0156,-0.0012100004,0.0012100004,0.0019690143,0.0015316118,-0.00043740252,stable
378,378,0.99908805,0.00865,0.00854,-0.00011000037,0.00011000037,0.0006673802,0.000180477,-0.00048690324,stable
2848,2848,0.9990895,0.00963,0.01313,0.0034999996,0.0034999996,0.00085431186,0.0010695773,0.00021526543,stable
5411,5411,0.9990895,0.01363,0.01578,0.00215,0.00215,0.00022766233,0.00038553253,0.0001578702,stable
816,816,0.9990897,0.01764,0.01737,-0.00026999973,0.00026999973,0.0038865947,0.0054414035,0.0015548088,stable
1421,1421,0.9990897,0.011399999,0.00074,-0.010659999,0.010659999,0.00090380956,2.0556785e-05,-0.00088325277,stable
2974,2974,0.9990899,0.014099999,0.008669999,-0.00543,0.00543,0.0011519117,0.0005539255,-0.00059798616,stable
3345,3345,0.9990899,0.017509999,0.01721,-0.0002999995,0.0002999995,0.0039348886,0.0041715987,0.00023671007,stable
4862,4862,0.99909,0.016069999,0.014579999,-0.0014899997,0.0014899997,0.0020249411,0.001928592,-9.634916e-05,stable
3238,3238,0.99909085,0.0155299995,0.01606,0.0005300008,0.0005300008,0.0021237591,0.0023132435,0.00018948433,stable
6124,6124,0.9990922,0.014239999,0.01585,0.0016100006,0.0016100006,0.0011646175,0.0016410643,0.00047644682,stable
4813,4813,0.9990928,0.0084999995,0.01277,0.0042700004,0.0042700004,0.000492746,0.0010200501,0.00052730413,stable
934,934,0.99909365,0.016619999,0.01368,-0.002939999,0.002939999,0.0017795819,0.0014897336,-0.0002898483,stable
4609,4609,0.9990939,0.00351,0.00262,-0.00089,0.00089,4.220453e-05,3.3875276e-05,-8.329254e-06,stable
4921,4921,0.99909455,0.00911,0.00885,-0.00026000012,0.00026000012,0.0005966048,0.00038843643,-0.00020816835,stable
2024,2024,0.9990953,0.01559,0.013289999,-0.0023000007,0.0023000007,0.00059407734,0.00029310805,-0.0003009693,stable
874,874,0.99909544,0.01387,0.00895,-0.00492,0.00492,0.0010089567,0.0003246021,-0.00068435457,stable
6079,6079,0.99909544,0.01752,0.01723,-0.00028999895,0.00028999895,0.008437429,0.0069243466,-0.0015130821,stable
1337,1337,0.99909556,0.01289,0.01316,0.00026999973,0.00026999973,0.00092865096,0.0009054997,-2.3151282e-05,stable
1625,1625,0.99909556,0.00864,0.00781,-0.0008299998,0.0008299998,0.0003597593,0.0001177704,-0.00024198889,stable
3985,3985,0.99909604,0.018129999,0.01802,-0.00010999851,0.00010999851,0.0043141614,0.003075465,-0.0012386963,stable
2516,2516,0.9990962,0.008549999,0.00846,-8.999929e-05,8.999929e-05,0.00050146575,0.00042507178,-7.6393975e-05,stable
399,399,0.99909794,0.00802,0.00815,0.00013000052,0.00013000052,0.0001049559,0.00011424179,9.28589e-06,stable
1673,1673,0.9990982,0.01707,0.01668,-0.00038999878,0.00038999878,0.0031702167,0.0031082304,-6.198627e-05,stable
1605,1605,0.9990983,0.01697,0.01699,2.0001084e-05,2.0001084e-05,0.0032320814,0.004103283,0.0008712015,stable
5093,5093,0.99909854,0.01731,0.01716,-0.00014999881,0.00014999881,0.0065419986,0.0053108237,-0.0012311749,stable
1256,1256,0.99909866,0.01826,0.01661,-0.00165,0.00165,0.00081797346,0.00048303846,-0.000334935,stable
3527,3527,0.9990989,0.00837,0.01533,0.00696,0.00696,0.0012829306,0.0027894378,0.0015065072,stable
5683,5683,0.9990989,0.00914,0.008959999,-0.00018000044,0.00018000044,0.0008463003,0.00079717755,-4.9122726e-05,stable
4969,4969,0.99909914,0.00854,0.00072,-0.00782,0.00782,0.00028188186,2.719994e-05,-0.00025468192,stable
4091,4091,0.9990996,0.01664,0.01704,0.00039999932,0.00039999932,0.0017444292,0.0033879138,0.0016434846,stable
4827,4827,0.99909973,0.01715,0.015489999,-0.0016600005,0.0016600005,0.0014308321,0.0008523718,-0.0005784603,stable
3121,3121,0.99909997,0.014239999,0.01034,-0.0039,0.0039,0.0013891864,0.0009753288,-0.00041385758,stable
4958,4958,0.9991002,0.00861,0.0067399996,-0.0018700003,0.0018700003,0.0006932829,0.00011174123,-0.0005815417,stable
639,639,0.99910104,0.01602,0.01315,-0.00287,0.00287,0.0017729318,0.0012770307,-0.0004959011,stable
2803,2803,0.9991016,0.01729,0.01676,-0.0005300008,0.0005300008,0.0027199767,0.0014674106,-0.0012525661,stable
1828,1828,0.99910223,0.00899,0.009219999,0.00022999942,0.00022999942,0.0011817701,0.0012684292,8.66591e-05,stable
3192,3192,0.99910295,0.01096,0.00876,-0.0022,0.0022,0.0011838487,0.00066415,-0.0005196987,stable
5403,5403,0.9991032,0.01588,0.01502,-0.00086000003,0.00086000003,0.0011220488,0.0009247302,-0.00019731862,stable
2973,2973,0.9991034,0.01698,0.01699,1.0000542e-05,1.0000542e-05,0.0025773682,0.004604647,0.0020272788,stable
1284,1284,0.99910545,0.01687,0.016929999,5.9999526e-05,5.9999526e-05,0.0045881467,0.0039214143,-0.00066673243,stable
6035,6035,0.99910545,0.00385,0.01019,0.00634,0.00634,8.1807266e-05,0.00039117903,0.00030937177,stable
3069,3069,0.9991056,0.010319999,0.00918,-0.0011399994,0.0011399994,0.0006921652,0.000588977,-0.00010318821,stable
2633,2633,0.9991057,0.007999999,0.0010899999,-0.0069099995,0.0069099995,0.00012079828,3.343262e-05,-8.736565e-05,stable
3901,3901,0.99910605,0.00864,0.01559,0.0069500003,0.0069500003,0.0007587733,0.0014923122,0.0007335389,stable
4714,4714,0.9991075,0.016999999,0.01682,-0.00017999858,0.00017999858,0.0012886935,0.0017084206,0.00041972706,stable
5354,5354,0.9991077,0.00987,0.00913,-0.00074000005,0.00074000005,0.0009579132,0.0003450481,-0.0006128651,stable
248,248,0.99910784,0.016619999,0.015829999,-0.00078999996,0.00078999996,0.0012846735,0.001707146,0.00042247248,stable
1367,1367,0.99910855,0.01771,0.01753,-0.00018000044,0.00018000044,0.003877418,0.0023064553,-0.0015709628,stable
5103,5103,0.99910915,0.01657,0.01575,-0.0008199997,0.0008199997,0.0010998064,0.0009935587,-0.000106247724,stable
4289,4289,0.9991096,0.01652,0.0123499995,-0.0041699996,0.0041699996,0.00087554683,0.0006398423,-0.00023570453,stable
5118,5118,0.99911034,0.00923,0.00859,-0.0006400002,0.0006400002,0.0016936813,0.0015377804,-0.00015590095,stable
3935,3935,0.999111,0.01334,0.009819999,-0.0035200007,0.0035200007,0.00067631004,0.00021010294,-0.0004662071,stable
5410,5410,0.9991114,0.00835,0.00804,-0.00031000003,0.00031000003,0.00018013376,0.0001068359,-7.3297866e-05,stable
2574,2574,0.9991118,0.01698,0.00521,-0.01177,0.01177,0.0009318919,8.305296e-05,-0.00084883894,stable
4210,4210,0.999112,0.01685,0.01659,-0.00026000105,0.00026000105,0.0040733255,0.004063207,-1.0118354e-05,stable
520,520,0.9991122,0.00999,0.0127,0.0027099997,0.0027099997,0.0013212954,0.0016647301,0.00034343475,stable
2083,2083,0.99911225,0.01564,0.0076699997,-0.00797,0.00797,0.00079741026,9.5392184e-05,-0.0007020181,stable
4201,4201,0.9991125,0.011729999,0.0128999995,0.0011700001,0.0011700001,0.0016189016,0.0016546029,3.570132e-05,stable
5568,5568,0.9991129,0.010439999,0.01046,2.0000152e-05,2.0000152e-05,0.0014346882,0.0013554675,-7.922074e-05,stable
5406,5406,0.99911314,0.00851,0.0086199995,0.00010999944,0.00010999944,0.0005611639,0.0006693424,0.00010817853,stable
445,445,0.99911326,0.0013799999,0.00059999997,-0.00077999994,0.00077999994,3.9850183e-05,2.0747702e-05,-1.9102481e-05,stable
3342,3342,0.99911404,0.0185,0.01773,-0.00077000074,0.00077000074,0.0038810726,0.0031478032,-0.0007332694,stable
59,59,0.9991154,0.01591,0.01349,-0.0024199998,0.0024199998,0.0005845803,0.00032445588,-0.00026012442,stable
4472,4472,0.9991175,0.0175,0.01735,-0.00015000068,0.00015000068,0.0033733202,0.0042794254,0.00090610515,stable
4284,4284,0.99911773,0.008119999,0.00049,-0.0076299994,0.0076299994,9.8476274e-05,1.7234865e-05,-8.124141e-05,stable
166,166,0.9991181,0.00752,0.00646,-0.0010600002,0.0010600002,0.000105375955,6.29922e-05,-4.2383755e-05,stable
3425,3425,0.9991203,0.01711,0.01619,-0.00091999955,0.00091999955,0.0010613361,0.0011871703,0.00012583414,stable
5290,5290,0.99912053,0.010489999,0.008599999,-0.00189,0.00189,0.0008306935,0.00030114385,-0.00052954967,stable
2060,2060,0.9991206,0.01726,0.01732,5.9999526e-05,5.9999526e-05,0.0058238693,0.0041204477,-0.0017034216,stable
4605,4605,0.999121,0.00087,0.0131,0.01223,0.01223,2.1138043e-05,0.00034369636,0.0003225583,stable
182,182,0.99912107,0.01701,0.01625,-0.0007600002,0.0007600002,0.0022802092,0.0019126926,-0.00036751665,stable
4304,4304,0.9991214,0.00344,0.00851,0.00507,0.00507,3.1420055e-05,0.00022856994,0.00019714989,stable
6056,6056,0.99912184,0.01728,0.01711,-0.0001699999,0.0001699999,0.0032371688,0.002714025,-0.0005231437,stable
4347,4347,0.9991219,0.01414,0.01232,-0.0018199999,0.0018199999,0.0012528547,0.0011426599,-0.000110194786,stable
210,210,0.99912214,0.01784,0.017339999,-0.000500001,0.000500001,0.0036811791,0.0023599446,-0.0013212345,stable
3692,3692,0.99912256,0.009219999,0.0025,-0.0067199995,0.0067199995,0.00043201004,4.7532256e-05,-0.00038447778,stable
5481,5481,0.99912274,0.014359999,0.0095999995,-0.00476,0.00476,0.001203871,0.0007859585,-0.0004179125,stable
4119,4119,0.999124,0.01452,0.00127,-0.01325,0.01325,0.00080742553,5.016868e-05,-0.0007572569,stable
4828,4828,0.9991245,0.01533,0.01234,-0.00299,0.00299,0.0009929368,0.00065043336,-0.00034250342,stable
3232,3232,0.99912524,0.97319996,0.97273,-0.00046998262,0.00046998262,0.24941048,0.25069052,0.0012800395,stable
3519,3519,0.99912536,0.00849,0.008599999,0.00010999944,0.00010999944,0.0005228165,0.00036430435,-0.00015851215,stable
3559,3559,0.9991259,0.00861,0.014819999,0.0062099993,0.0062099993,0.0001379159,0.0011766561,0.0010387402,stable
2939,2939,0.9991272,0.015029999,0.016099999,0.0010699993,0.0010699993,0.0017524038,0.0024204033,0.0006679995,stable
4675,4675,0.99912727,0.017129999,0.01702,-0.00010999851,0.00010999851,0.0022385207,0.0021716768,-6.6843815e-05,stable
5386,5386,0.99912727,0.010919999,0.01141,0.0004900005,0.0004900005,0.0013011432,0.0012505202,-5.062297e-05,stable
5919,5919,0.9991275,0.01725,0.01603,-0.001219999,0.001219999,0.0020314758,0.0018997149,-0.00013176084,stable
3429,3429,0.99912775,0.017409999,0.01738,-2.9999763e-05,2.9999763e-05,0.0066102855,0.0064151757,-0.00019510975,stable
1999,1999,0.9991282,0.00357,0.0047299997,0.0011599998,0.0011599998,8.149393e-05,9.596836e-05,1.4474434e-05,stable
5473,5473,0.99912834,0.016579999,0.014769999,-0.0018099993,0.0018099993,0.0020403748,0.001969602,-7.077283e-05,stable
4603,4603,0.99912846,0.01706,0.01678,-0.00028000027,0.00028000027,0.003752624,0.003853654,0.000101030106,stable
5513,5513,0.9991286,0.008429999,0.0084999995,7.000007e-05,7.000007e-05,0.0003672386,0.000190939,-0.0001762996,stable
5172,5172,0.99912864,0.01762,0.015389999,-0.0022299998,0.0022299998,0.000980306,0.00061335735,-0.0003669486,stable
3048,3048,0.9991297,0.0088,0.00882,2.0000152e-05,2.0000152e-05,0.00039446948,0.0006777527,0.00028328324,stable
4639,4639,0.99912983,0.01476,0.01692,0.0021600006,0.0021600006,0.00062399823,0.0016648626,0.0010408644,stable
5912,5912,0.99913,0.01382,0.01543,0.0016099997,0.0016099997,0.00094965275,0.0012806554,0.00033100264,stable
135,135,0.99913055,0.00785,0.00392,-0.0039299997,0.0039299997,0.00019302467,7.6836695e-05,-0.00011618797,stable
4167,4167,0.9991323,0.00835,0.00841,6.0000457e-05,6.0000457e-05,0.0004998844,0.00035608112,-0.0001438033,stable
5091,5091,0.9991323,0.01045,0.01332,0.00287,0.00287,0.0010550537,0.0013133227,0.00025826902,stable
4873,4873,0.99913293,0.01334,0.01543,0.0020899996,0.0020899996,0.00093832775,0.0014154727,0.00047714496,stable
4951,4951,0.999133,0.0149799995,0.016339999,0.0013599992,0.0013599992,0.00095417904,0.0015627233,0.0006085443,stable
5944,5944,0.9991336,0.00892,0.01687,0.0079499995,0.0079499995,0.00087336125,0.0029929334,0.0021195721,stable
4655,4655,0.99913377,0.01761,0.01731,-0.00030000135,0.00030000135,0.0057860217,0.0041761277,-0.001609894,stable
4265,4265,0.9991338,0.01499,0.01126,-0.00373,0.00373,0.001082634,0.0005976812,-0.00048495276,stable
2903,2903,0.9991342,0.01743,0.01743,0.0,0.0,0.005511236,0.0057210685,0.00020983256,stable
5090,5090,0.9991348,0.01633,0.01548,-0.0008500004,0.0008500004,0.0018248168,0.001589262,-0.00023555476,stable
4043,4043,0.999135,0.01229,0.00665,-0.00564,0.00564,0.00027899715,6.0486593e-05,-0.00021851055,stable
1303,1303,0.9991354,0.00835,0.00094999996,-0.0074,0.0074,0.00014190617,2.3888471e-05,-0.000118017706,stable
5590,5590,0.9991354,0.01729,0.01709,-0.00019999966,0.00019999966,0.0064996313,0.005635974,-0.00086365733,stable
3348,3348,0.9991356,0.008789999,0.01519,0.0064000003,0.0064000003,0.00070054556,0.0012884611,0.0005879156,stable
2307,2307,0.99913627,0.00892,0.00863,-0.00028999988,0.00028999988,0.00073738943,0.000547219,-0.00019017042,stable
5086,5086,0.9991363,0.0109,0.00168,-0.00922,0.00922,0.00034505178,2.0464839e-05,-0.00032458693,stable
4963,4963,0.99913806,0.00064,0.00075999997,0.00011999998,0.00011999998,2.1406273e-05,1.7676528e-05,-3.729745e-06,stable
2636,2636,0.9991381,0.01124,0.008479999,-0.0027600005,0.0027600005,0.0006981392,0.00013323913,-0.00056490005,stable
4713,4713,0.9991381,0.01682,0.01644,-0.0003800001,0.0003800001,0.0018250657,0.0014556829,-0.0003693828,stable
323,323,0.99913836,0.01382,0.00923,-0.00459,0.00459,0.0006527514,0.00033601202,-0.0003167394,stable
3206,3206,0.9991387,0.01237,0.01599,0.0036200006,0.0036200006,0.0010533171,0.0016756207,0.0006223036,stable
2344,2344,0.99913883,0.0088,0.00866,-0.00014000013,0.00014000013,0.0007397469,0.0008659522,0.00012620533,stable
4704,4704,0.9991399,0.0095999995,0.00925,-0.0003499994,0.0003499994,0.0007881421,0.0004767586,-0.00031138348,stable
2857,2857,0.9991402,0.00062,0.00923,0.00861,0.00861,2.300866e-05,0.0003911792,0.00036817053,stable
2536,2536,0.9991403,0.0084,0.013309999,0.0049099997,0.0049099997,0.00013680356,0.0013225662,0.0011857626,stable
3584,3584,0.9991411,0.0101499995,0.01105,0.00090000033,0.00090000033,0.0002608842,0.00017860153,-8.228267e-05,stable
1437,1437,0.9991418,0.00808,0.0007,-0.0073800003,0.0073800003,0.00011598608,2.0857677e-05,-9.51284e-05,stable
1366,1366,0.99914193,0.00873,0.00899,0.00026000012,0.00026000012,0.00055461784,0.00053756865,-1.7049199e-05,stable
5841,5841,0.99914193,0.01603,0.01675,0.0007199999,0.0007199999,0.001213041,0.0016999532,0.0004869122,stable
5847,5847,0.9991423,0.01705,0.01678,-0.00026999973,0.00026999973,0.0031222375,0.0036340817,0.0005118442,stable
5971,5971,0.9991428,0.01702,0.01653,-0.0004900005,0.0004900005,0.0024519837,0.002375056,-7.692771e-05,stable
678,678,0.99914384,0.00845,0.009269999,0.0008199997,0.0008199997,0.00012828805,0.00028537904,0.00015709098,stable
3317,3317,0.9991441,0.01653,0.00841,-0.008119999,0.008119999,0.0005971097,0.00010809545,-0.00048901426,stable
3208,3208,0.9991442,0.0088,0.008669999,-0.00013000052,0.00013000052,0.0005196053,0.00048180373,-3.780157e-05,stable
4243,4243,0.99914443,0.01109,0.01162,0.00052999984,0.00052999984,0.00064843916,0.0006859902,3.7551043e-05,stable
3475,3475,0.99914455,0.01706,0.0169,-0.00016000122,0.00016000122,0.0024309473,0.0027591991,0.00032825186,stable
1765,1765,0.9991446,0.00859,0.00685,-0.0017399997,0.0017399997,0.00053767243,8.491993e-05,-0.00045275252,stable
2721,2721,0.9991446,0.0110599995,0.0071699996,-0.0038899998,0.0038899998,0.0007275113,7.413392e-05,-0.0006533774,stable
3383,3383,0.99914503,0.00068999996,0.00087,0.00018000003,0.00018000003,2.5010742e-05,1.6536935e-05,-8.473808e-06,stable
5557,5557,0.99914503,0.013259999,0.0071199997,-0.0061399997,0.0061399997,0.0006553448,6.214813e-05,-0.00059319666,stable
2918,2918,0.99914557,0.00914,0.00838,-0.0007600002,0.0007600002,0.00027381236,8.8938636e-05,-0.00018487373,stable
661,661,0.9991461,0.01208,0.01268,0.0005999999,0.0005999999,0.0019209466,0.001897156,-2.3790635e-05,stable
5210,5210,0.99914634,0.00881,0.00864,-0.0001699999,0.0001699999,0.00066128647,0.00032586945,-0.00033541702,stable
1043,1043,0.9991464,0.01681,0.01602,-0.00078999996,0.00078999996,0.002816451,0.002396786,-0.00041966513,stable
5122,5122,0.99914646,0.01003,0.015269999,0.00524,0.00524,0.0004862216,0.00075965485,0.00027343325,stable
2428,2428,0.99914706,0.01729,0.01144,-0.0058500003,0.0058500003,0.0013047464,0.0003331726,-0.00097157375,stable
629,629,0.99914765,0.017509999,0.01753,2.0001084e-05,2.0001084e-05,0.014526372,0.014418014,-0.00010835752,stable
2861,2861,0.9991478,0.01266,0.01157,-0.0010899995,0.0010899995,0.0009674072,0.00080575375,-0.00016165344,stable
4209,4209,0.9991486,0.01688,0.016339999,-0.0005400013,0.0005400013,0.0011891975,0.0011974409,8.243369e-06,stable
2299,2299,0.9991487,0.00947,0.009649999,0.00017999951,0.00017999951,0.0005947223,0.00095376873,0.00035904645,stable
1103,1103,0.9991491,0.00133,0.0016999999,0.0003699999,0.0003699999,3.6147314e-05,3.871802e-05,2.570705e-06,stable
486,486,0.9991493,0.00616,0.00093,-0.00523,0.00523,4.2130632e-05,3.2003496e-05,-1.0127136e-05,stable
1146,1146,0.99915016,0.017649999,0.01732,-0.00032999925,0.00032999925,0.0044275094,0.0047465153,0.00031900592,stable
2853,2853,0.99915016,0.00908,0.008789999,-0.0002900008,0.0002900008,0.00034934073,0.00027041227,-7.892845e-05,stable
1865,1865,0.99915034,0.00985,0.008839999,-0.0010100007,0.0010100007,0.0006286347,0.00026828132,-0.00036035338,stable
2899,2899,0.99915075,0.0056499997,0.00821,0.00256,0.00256,3.7229427e-05,0.00013139177,9.4162344e-05,stable
733,733,0.999151,0.00906,0.01194,0.0028799996,0.0028799996,0.000711172,0.00084464444,0.00013347244,stable
5921,5921,0.99915123,0.01365,0.01152,-0.00213,0.00213,0.0015889717,0.0013177374,-0.0002712343,stable
2362,2362,0.99915147,0.01681,0.0092899995,-0.0075200005,0.0075200005,0.0009385185,0.00014467647,-0.000793842,stable
5019,5019,0.9991516,0.0089,0.01387,0.00497,0.00497,0.0004789424,0.001367079,0.00088813656,stable
430,430,0.99915165,0.017409999,0.01674,-0.00066999905,0.00066999905,0.003064038,0.0024672125,-0.0005968255,stable
1031,1031,0.99915195,0.0095999995,0.008479999,-0.0011200001,0.0011200001,0.001159258,0.0005192488,-0.0006400092,stable
1728,1728,0.99915224,0.014649999,0.00598,-0.008669999,0.008669999,0.0011126717,6.412855e-05,-0.0010485431,stable
5884,5884,0.9991525,0.01802,0.017579999,-0.0004400015,0.0004400015,0.0074486337,0.006020041,-0.0014285925,stable
773,773,0.9991528,0.017509999,0.01714,-0.00036999956,0.00036999956,0.00503064,0.0039928257,-0.0010378142,stable
1282,1282,0.99915314,0.00923,0.01003,0.0007999996,0.0007999996,0.00077632116,0.0005724349,-0.00020388624,stable
4336,4336,0.9991541,0.01632,0.0167,0.0003800001,0.0003800001,0.002087347,0.0027300434,0.0006426964,stable
4518,4518,0.9991548,0.010199999,0.01052,0.00032000057,0.00032000057,0.00068232144,0.00075576885,7.3447416e-05,stable
3886,3886,0.999155,0.017959999,0.01794,-1.9999221e-05,1.9999221e-05,0.0068200533,0.006794906,-2.5147106e-05,stable
1443,1443,0.99915504,0.01432,0.0134,-0.0009200005,0.0009200005,0.0014765663,0.0014356794,-4.0886924e-05,stable
4146,4146,0.9991556,0.00866,0.00914,0.00047999993,0.00047999993,0.00075718825,0.0008529,9.571173e-05,stable
881,881,0.9991561,0.01639,0.013409999,-0.0029800003,0.0029800003,0.0012095302,0.00102553,-0.00018400012,stable
5705,5705,0.9991561,0.0178,0.01753,-0.00026999973,0.00026999973,0.0037122204,0.0034713128,-0.00024090754,stable
2684,2684,0.99915624,0.009149999,0.01231,0.0031600008,0.0031600008,0.0007969099,0.0008924173,9.550736e-05,stable
4450,4450,0.99915636,0.0012899999,0.00493,0.0036399998,0.0036399998,4.479802e-05,4.4137305e-05,-6.6071516e-07,stable
1575,1575,0.9991565,0.00469,0.0072899996,0.0025999998,0.0025999998,4.874089e-05,7.610385e-05,2.7362956e-05,stable
85,85,0.99915683,0.00336,0.00087999995,-0.00248,0.00248,4.109007e-05,2.6303347e-05,-1.4786721e-05,stable
1464,1464,0.99915683,0.01633,0.01509,-0.0012400001,0.0012400001,0.001551922,0.001345808,-0.00020611391,stable
3699,3699,0.99915713,0.0087399995,0.00839,-0.0003499994,0.0003499994,0.0009985773,0.00077060313,-0.0002279742,stable
3957,3957,0.9991572,0.00877,0.008549999,-0.00022000074,0.00022000074,0.0002520472,0.00027232093,2.0273728e-05,stable
5588,5588,0.9991572,0.0065599997,0.0072999997,0.00074000005,0.00074000005,5.3146934e-05,5.212591e-05,-1.0210242e-06,stable
6025,6025,0.9991573,0.00849,0.008239999,-0.0002500005,0.0002500005,0.0007525712,0.0007330505,-1.9520696e-05,stable
786,786,0.9991574,0.00875,0.008669999,-8.000061e-05,8.000061e-05,0.00087987195,0.0006492975,-0.00023057446,stable
4769,4769,0.99915874,0.017989999,0.018,1.0000542e-05,1.0000542e-05,0.0050231786,0.0039493786,-0.0010738,stable
4792,4792,0.99915886,0.00071,0.00098,0.00027000002,0.00027000002,2.429383e-05,1.9039959e-05,-5.2538708e-06,stable
3493,3493,0.9991589,0.009579999,0.00913,-0.00044999924,0.00044999924,0.00058751466,0.00034741516,-0.0002400995,stable
1077,1077,0.9991592,0.00093,0.00078999996,-0.00014000002,0.00014000002,3.06626e-05,2.0474801e-05,-1.0187798e-05,stable
3480,3480,0.99915946,0.00923,0.00871,-0.00052000023,0.00052000023,0.00103601,0.0008810774,-0.00015493261,stable
827,827,0.9991597,0.01801,0.01726,-0.00074999966,0.00074999966,0.00917372,0.007386749,-0.001786971,stable
4308,4308,0.99915975,0.01397,0.016789999,0.0028199991,0.0028199991,0.0009972005,0.0022280603,0.0012308598,stable
2476,2476,0.9991602,0.01602,0.01695,0.0009300001,0.0009300001,0.0018137444,0.002682851,0.0008691065,stable
4528,4528,0.9991602,0.00094,0.00145,0.00051,0.00051,3.7351674e-05,3.552773e-05,-1.8239443e-06,stable
5277,5277,0.9991603,0.0088599995,0.00108,-0.0077799996,0.0077799996,0.00041236967,4.0694922e-05,-0.00037167475,stable
171,171,0.99916124,0.01738,0.0173,-7.999875e-05,7.999875e-05,0.0061746677,0.005776625,-0.0003980426,stable
2693,2693,0.99916124,0.00837,0.00833,-4.0000305e-05,4.0000305e-05,0.00082174153,0.0004817978,-0.00033994374,stable
5681,5681,0.9991613,0.015559999,0.00233,-0.01323,0.01323,0.0010447635,2.2333803e-05,-0.0010224297,stable
46,46,0.9991618,0.01306,0.01069,-0.00237,0.00237,0.00079519354,0.0004889583,-0.00030623522,stable
51,51,0.9991624,0.00525,0.00098,-0.00427,0.00427,4.5800378e-05,2.9918636e-05,-1.5881742e-05,stable
3139,3139,0.99916244,0.0173,0.016859999,-0.0004400015,0.0004400015,0.0022971134,0.0020316115,-0.0002655019,stable
4618,4618,0.9991628,0.01229,0.00881,-0.0034800004,0.0034800004,0.0015257274,0.0007865219,-0.00073920557,stable
2425,2425,0.9991629,0.01058,0.01186,0.0012800004,0.0012800004,0.0012167204,0.0014529879,0.00023626746,stable
2592,2592,0.99916387,0.01705,0.0167,-0.00035000034,0.00035000034,0.0034221588,0.0020997757,-0.0013223831,stable
5493,5493,0.999164,0.00137,0.00047,-0.0009,0.0009,1.7360364e-05,1.3422648e-05,-3.9377155e-06,stable
5836,5836,0.9991641,0.01759,0.01688,-0.00070999935,0.00070999935,0.0029919446,0.003035356,4.3411506e-05,stable
734,734,0.9991648,0.00876,0.00863,-0.0001299996,0.0001299996,0.000735689,0.00041712198,-0.00031856704,stable
1688,1688,0.9991648,0.0088,0.00973,0.0009300001,0.0009300001,0.00033762577,0.0007218346,0.00038420883,stable
3803,3803,0.9991654,0.00673,0.00081999996,-0.00591,0.00591,6.725639e-05,3.20088e-05,-3.524759e-05,stable
21,21,0.99916565,0.00833,0.008359999,2.9999763e-05,2.9999763e-05,0.00056232227,0.0003206384,-0.00024168385,stable
2761,2761,0.99916637,0.00084999995,0.00075999997,-8.999999e-05,8.999999e-05,2.8044109e-05,2.3582343e-05,-4.4617664e-06,stable
5811,5811,0.99916637,0.0176,0.01722,-0.0003800001,0.0003800001,0.0021751919,0.0032244108,0.0010492189,stable
6037,6037,0.99916655,0.01707,0.014629999,-0.00244,0.00244,0.001744683,0.0014490159,-0.0002956671,stable
1321,1321,0.99916714,0.018029999,0.01788,-0.00014999881,0.00014999881,0.009553451,0.0070077414,-0.0025457097,stable
3783,3783,0.9991673,0.01224,0.00809,-0.0041500004,0.0041500004,0.0007766715,0.00013439472,-0.0006422768,stable
433,433,0.9991678,0.0155,0.01363,-0.0018699998,0.0018699998,0.0010703905,0.00060028455,-0.0004701059,stable
4147,4147,0.9991678,0.01376,0.01563,0.0018699998,0.0018699998,0.00062073185,0.00092628965,0.0003055578,stable
3357,3357,0.9991684,0.017679999,0.01773,5.0000846e-05,5.0000846e-05,0.0061674137,0.0068031647,0.00063575106,stable
1724,1724,0.9991685,0.01504,0.00832,-0.00672,0.00672,0.00112166,0.00013029111,-0.0009913689,stable
2890,2890,0.99916863,0.01787,0.01747,-0.00039999932,0.00039999932,0.00692696,0.0059457677,-0.0009811921,stable
4257,4257,0.9991687,0.01715,0.016859999,-0.0002900008,0.0002900008,0.002687469,0.0036654198,0.0009779509,stable
3637,3637,0.99917036,0.00081,0.00087,5.999999e-05,5.999999e-05,2.9710669e-05,2.8139948e-05,-1.570721e-06,stable
5249,5249,0.9991711,0.01035,0.0141199995,0.0037699994,0.0037699994,0.00010080814,0.00041853785,0.00031772972,stable
5169,5169,0.9991713,0.01735,0.01722,-0.0001299996,0.0001299996,0.0061711264,0.006416068,0.00024494156,stable
2884,2884,0.99917144,0.01673,0.014389999,-0.0023400001,0.0023400001,0.0014993609,0.0003294557,-0.0011699052,stable
4140,4140,0.9991722,0.014359999,0.00878,-0.0055799996,0.0055799996,0.0016691049,0.00072991016,-0.00093919475,stable
3526,3526,0.9991728,0.01701,0.016959999,-5.0000846e-05,5.0000846e-05,0.0033787475,0.0042386805,0.000859933,stable
748,748,0.99917406,0.013239999,0.01115,-0.0020899996,0.0020899996,0.0012339789,0.00076737866,-0.00046660024,stable
5913,5913,0.99917424,0.01224,0.01567,0.0034299996,0.0034299996,0.00074504234,0.0012441634,0.00049912103,stable
3432,3432,0.99917454,0.0028199998,0.00075,-0.00207,0.00207,4.3344902e-05,2.1272612e-05,-2.207229e-05,stable
1223,1223,0.99917525,0.00815,0.013069999,0.0049199993,0.0049199993,0.00011591626,0.0003366451,0.00022072886,stable
3271,3271,0.9991755,0.01581,0.0111299995,-0.0046800002,0.0046800002,0.0015509231,0.0010028722,-0.00054805086,stable
1755,1755,0.99917555,0.01739,0.0173,-8.999929e-05,8.999929e-05,0.011006291,0.010816379,-0.00018991157,stable
1944,1944,0.99917567,0.01394,0.01093,-0.00301,0.00301,0.00049844733,0.00013966487,-0.00035878248,stable
5132,5132,0.9991758,0.00868,0.00875,7.000007e-05,7.000007e-05,0.00022229411,0.00031993716,9.7643046e-05,stable
4362,4362,0.999176,0.00067,0.00081999996,0.00014999998,0.00014999998,2.7573336e-05,2.8814375e-05,1.2410383e-06,stable
1874,1874,0.99917614,0.00059999997,0.00055999996,-4.0000014e-05,4.0000014e-05,1.6069707e-05,1.892247e-05,2.852763e-06,stable
355,355,0.99917644,0.013049999,0.010489999,-0.00256,0.00256,0.0011705959,0.0008606544,-0.00030994148,stable
1213,1213,0.9991765,0.01735,0.01726,-8.999929e-05,8.999929e-05,0.004710494,0.0040230863,-0.0006874078,stable
2835,2835,0.99917674,0.0077199996,0.00339,-0.00433,0.00433,9.0773e-05,2.9879884e-05,-6.0893115e-05,stable
3800,3800,0.99917674,0.017439999,0.017479999,4.0000305e-05,4.0000305e-05,0.0040494544,0.0028317228,-0.0012177315,stable
3664,3664,0.999177,0.01552,0.00064,-0.01488,0.01488,0.000768614,1.6096626e-05,-0.0007525174,stable
2507,2507,0.99917704,0.01738,0.01712,-0.0002599992,0.0002599992,0.0040921466,0.005109207,0.0010170601,stable
2068,2068,0.9991772,0.01516,0.016169999,0.0010099988,0.0010099988,0.00121694,0.0017573311,0.0005403911,stable
2284,2284,0.99917793,0.01761,0.01736,-0.0002500005,0.0002500005,0.0028751683,0.0034693033,0.0005941349,stable
785,785,0.999178,0.0020299999,0.00101,-0.0010199999,0.0010199999,5.4467506e-05,4.012717e-05,-1.4340334e-05,stable
4686,4686,0.9991783,0.01709,0.01702,-7.000007e-05,7.000007e-05,0.0058161095,0.004929681,-0.00088642864,stable
5610,5610,0.9991783,0.01481,0.011299999,-0.0035100002,0.0035100002,0.0010366602,0.0003738616,-0.0006627985,stable
500,500,0.9991784,0.014239999,0.0101,-0.00414,0.00414,0.0008622559,0.000535937,-0.0003263189,stable
2100,2100,0.99918,0.01767,0.01723,-0.00043999963,0.00043999963,0.0049384534,0.0044762553,-0.00046219816,stable
3219,3219,0.99918056,0.01726,0.0127799995,-0.0044800006,0.0044800006,0.0023029454,0.00035020633,-0.001952739,stable
2581,2581,0.9991808,0.0082,0.00093,-0.00727,0.00727,0.00011170596,3.3554177e-05,-7.815178e-05,stable
4989,4989,0.99918085,0.00701,0.0026699998,-0.00434,0.00434,8.988516e-05,3.4157685e-05,-5.5727472e-05,stable
2694,2694,0.99918133,0.01701,0.017439999,0.00042999908,0.00042999908,0.0015845642,0.0028291661,0.0012446019,stable
5833,5833,0.99918175,0.01666,0.016789999,0.0001299996,0.0001299996,0.0017961771,0.002029858,0.00023368094,stable
3902,3902,0.9991818,0.01587,0.01555,-0.00031999964,0.00031999964,0.00082452956,0.0009092672,8.4737665e-05,stable
2700,2700,0.99918187,0.00191,0.00088999997,-0.0010200001,0.0010200001,3.741017e-05,2.386007e-05,-1.35500995e-05,stable
6130,6130,0.9991822,0.01735,0.0149799995,-0.00237,0.00237,0.0023817949,0.0010684535,-0.0013133413,stable
3071,3071,0.9991827,0.00068999996,0.00072,3.0000054e-05,3.0000054e-05,2.3818673e-05,1.9763913e-05,-4.05476e-06,stable
823,823,0.99918294,0.00469,0.00446,-0.00022999989,0.00022999989,4.4860353e-05,4.004119e-05,-4.819165e-06,stable
860,860,0.9991833,0.015299999,0.01517,-0.0001299996,0.0001299996,0.0023336024,0.0025109907,0.00017738831,stable
4936,4936,0.9991836,0.00857,0.00851,-5.9999526e-05,5.9999526e-05,0.0002502414,0.00055634853,0.00030610713,stable
1836,1836,0.999184,0.01647,0.01654,7.000007e-05,7.000007e-05,0.000878172,0.0010181806,0.00014000863,stable
1285,1285,0.9991842,0.01728,0.01736,8.000061e-05,8.000061e-05,0.0056968722,0.0059544444,0.00025757216,stable
4234,4234,0.99918437,0.00859,0.00078999996,-0.0078,0.0078,0.0002463555,3.0803698e-05,-0.00021555182,stable
591,591,0.9991845,0.01702,0.01562,-0.0014000004,0.0014000004,0.0013178022,0.00087733153,-0.0004404707,stable
3431,3431,0.9991845,0.01433,0.012449999,-0.0018800003,0.0018800003,0.0008629929,0.00060901686,-0.00025397603,stable
4251,4251,0.9991847,0.01718,0.01698,-0.00019999966,0.00019999966,0.0033106834,0.0043467404,0.001036057,stable
4275,4275,0.9991851,0.00117,0.00091,-0.00025999994,0.00025999994,3.3822467e-05,2.4867548e-05,-8.954919e-06,stable
2407,2407,0.9991858,0.016139999,0.016449999,0.00031000003,0.00031000003,0.0022634943,0.0028775579,0.0006140636,stable
5264,5264,0.99918616,0.01721,0.0168,-0.00040999986,0.00040999986,0.0019222804,0.0015760987,-0.00034618168,stable
5828,5828,0.9991865,0.00857,0.008359999,-0.0002100002,0.0002100002,0.00047327852,0.00027287172,-0.0002004068,stable
2989,2989,0.99918675,0.0155,0.013409999,-0.0020900005,0.0020900005,0.0010731645,0.00062326505,-0.00044989947,stable
4868,4868,0.99918723,0.0156,0.009649999,-0.00595,0.00595,0.0009107878,0.00034742546,-0.0005633623,stable
845,845,0.99918747,0.01726,0.01588,-0.0013800003,0.0013800003,0.002250718,0.0022590535,8.33557e-06,stable
1971,1971,0.99918765,0.012619999,0.0113699995,-0.0012499997,0.0012499997,0.0009918856,0.00086682173,-0.00012506382,stable
5333,5333,0.9991879,0.00072999997,0.00077,4.0000014e-05,4.0000014e-05,2.2816199e-05,1.8728166e-05,-4.088033e-06,stable
4996,4996,0.99918795,0.00043999997,0.00037,-6.999998e-05,6.999998e-05,1.2881381e-05,8.504973e-06,-4.3764076e-06,stable
2197,2197,0.99918807,0.01138,0.00864,-0.0027400004,0.0027400004,0.0011913197,0.00078046124,-0.00041085843,stable
1409,1409,0.9991883,0.017169999,0.01688,-0.00028999895,0.00028999895,0.0028620812,0.0016025393,-0.0012595418,stable
1720,1720,0.9991883,0.01749,0.01706,-0.00042999908,0.00042999908,0.0023119042,0.0024047077,9.28035e-05,stable
5737,5737,0.99918836,0.00072,0.0032,0.0024799998,0.0024799998,2.7591776e-05,2.37649e-05,-3.8268754e-06,stable
313,313,0.9991884,0.015319999,0.013259999,-0.0020599999,0.0020599999,0.0015368486,0.0014596331,-7.721549e-05,stable
1117,1117,0.9991889,0.01145,0.011,-0.00045000017,0.00045000017,0.0012627213,0.0010607694,-0.00020195183,stable
5876,5876,0.999189,0.00271,0.008719999,0.0060099997,0.0060099997,3.645144e-05,0.00026386845,0.00022741701,stable
2575,2575,0.9991892,0.00918,0.00869,-0.0004900005,0.0004900005,0.0012443555,0.0006429225,-0.000601433,stable
6023,6023,0.99919,0.00901,0.00838,-0.0006300006,0.0006300006,0.00079458405,0.0003965947,-0.00039798935,stable
5697,5697,0.99919015,0.00847,0.00067,-0.0078,0.0078,0.00032099747,2.3668794e-05,-0.00029732866,stable
1504,1504,0.9991903,0.01735,0.01708,-0.00026999973,0.00026999973,0.0035707976,0.002691604,-0.00087919366,stable
799,799,0.99919045,0.015319999,0.00888,-0.0064399997,0.0064399997,0.0012953689,0.00048391265,-0.00081145624,stable
3910,3910,0.99919045,0.016379999,0.016649999,0.00026999973,0.00026999973,0.001061404,0.0011405194,7.911539e-05,stable
4644,4644,0.99919045,0.01737,0.01495,-0.0024200007,0.0024200007,0.001280245,0.0009356839,-0.00034456112,stable
1246,1246,0.9991907,0.00083,0.00062,-0.00020999997,0.00020999997,2.6059202e-05,2.1248097e-05,-4.811105e-06,stable
3832,3832,0.9991914,0.00055,0.00055,0.0,0.0,1.7774872e-05,1.4274146e-05,-3.5007251e-06,stable
3187,3187,0.9991915,0.00966,0.01673,0.0070699994,0.0070699994,0.001120462,0.002037056,0.00091659406,stable
4443,4443,0.99919176,0.01739,0.01715,-0.00023999996,0.00023999996,0.00511713,0.005277483,0.00016035279,stable
269,269,0.9991925,0.01735,0.01694,-0.00040999986,0.00040999986,0.009405661,0.008358842,-0.0010468196,stable
2718,2718,0.9991925,0.01749,0.01701,-0.00047999993,0.00047999993,0.011957685,0.00934884,-0.002608845,stable
5245,5245,0.9991932,0.010489999,0.01035,-0.0001399992,0.0001399992,0.0009934739,0.00095912,-3.435393e-05,stable
3050,3050,0.9991933,0.01708,0.016959999,-0.000120000914,0.000120000914,0.006143193,0.0055458667,-0.00059732655,stable
2612,2612,0.9991935,0.00883,0.00866,-0.0001699999,0.0001699999,0.00024820465,0.00055280625,0.0003046016,stable
2181,2181,0.9991936,0.017409999,0.01707,-0.0003399998,0.0003399998,0.0015949645,0.0029975274,0.0014025628,stable
5476,5476,0.9991938,0.0155,0.016479999,0.0009799991,0.0009799991,0.0013362118,0.0017079891,0.00037177734,stable
2008,2008,0.99919397,0.00065,0.00827,0.0076200003,0.0076200003,2.0276497e-05,0.0002418449,0.0002215684,stable
2025,2025,0.999194,0.017509999,0.01723,-0.0002799984,0.0002799984,0.0033949835,0.0030409112,-0.0003540723,stable
5623,5623,0.9991941,0.01186,0.0098399995,-0.0020200005,0.0020200005,0.0010921974,0.00093234854,-0.00015984883,stable
2891,2891,0.99919415,0.01139,0.011109999,-0.00028000027,0.00028000027,0.0010132905,0.0009978303,-1.5460188e-05,stable
1430,1430,0.9991951,0.01618,0.01622,4.0000305e-05,4.0000305e-05,0.0022560074,0.002790623,0.0005346157,stable
2836,2836,0.9991951,0.01201,0.014629999,0.0026199995,0.0026199995,0.00089952373,0.00089429424,-5.2294927e-06,stable
4547,4547,0.9991951,0.016999999,0.01709,9.000115e-05,9.000115e-05,0.0061025326,0.0045867795,-0.0015157531,stable
4335,4335,0.99919534,0.01199,0.01254,0.00055,0.00055,0.0012938923,0.0011754576,-0.00011843466,stable
4684,4684,0.9991962,0.01545,0.0165,0.0010500001,0.0010500001,0.0017155344,0.0018218969,0.00010636251,stable
4439,4439,0.9991963,0.00931,0.00894,-0.00036999956,0.00036999956,0.00069322827,0.0006573684,-3.5859877e-05,stable
3569,3569,0.99919677,0.00364,0.00075,-0.0028900001,0.0028900001,2.7658156e-05,2.2563137e-05,-5.0950184e-06,stable
515,515,0.99919724,0.01677,0.01476,-0.00201,0.00201,0.0016830094,0.0014724575,-0.0002105519,stable
3705,3705,0.99919724,0.00863,0.0009999999,-0.00763,0.00763,0.00036852682,3.8041424e-05,-0.0003304854,stable
6138,6138,0.99919736,0.00084,0.00074,-0.000100000005,0.000100000005,3.0584142e-05,2.3184353e-05,-7.399789e-06,stable
3351,3351,0.9991975,0.00061,0.00049,-0.00011999998,0.00011999998,2.0695295e-05,1.5510754e-05,-5.184542e-06,stable
3228,3228,0.9991977,0.00897,0.00865,-0.00031999964,0.00031999964,0.0009012802,0.0005152795,-0.00038600073,stable
5378,5378,0.9991977,0.01747,0.01747,0.0,0.0,0.0036286577,0.0025224483,-0.0011062094,stable
2042,2042,0.9991982,0.01289,0.01649,0.0035999995,0.0035999995,0.0008896145,0.0021961837,0.0013065692,stable
3410,3410,0.9991988,0.0050399997,0.013409999,0.008369999,0.008369999,8.083094e-05,0.00022819446,0.00014736352,stable
3991,3991,0.999199,0.01716,0.016929999,-0.00023000129,0.00023000129,0.0025367693,0.00242837,-0.000108399196,stable
1911,1911,0.99919915,0.0069299997,0.00062999997,-0.0062999995,0.0062999995,7.398732e-05,2.1194586e-05,-5.2792733e-05,stable
3088,3088,0.9992,0.00871,0.00921,0.0005000001,0.0005000001,0.0013612838,0.0014503085,8.902466e-05,stable
5775,5775,0.9992001,0.01747,0.017169999,-0.00030000135,0.00030000135,0.0056203282,0.006249813,0.00062948465,stable
298,298,0.99920034,0.0175,0.01637,-0.0011299998,0.0011299998,0.003191776,0.0018816314,-0.0013101447,stable
369,369,0.99920034,0.01495,0.01127,-0.00368,0.00368,0.0014620196,0.0011277162,-0.00033430348,stable
1400,1400,0.9992007,0.008959999,0.00859,-0.00036999956,0.00036999956,0.0008299655,0.000981073,0.0001511075,stable
3614,3614,0.9992014,0.01691,0.01361,-0.0033,0.0033,0.00092068664,0.000757729,-0.00016295764,stable
175,175,0.99920154,0.01664,0.01651,-0.0001299996,0.0001299996,0.002082645,0.0025479826,0.00046533765,stable
1551,1551,0.99920154,0.00981,0.00865,-0.0011599995,0.0011599995,0.0007487769,0.00041120875,-0.00033756814,stable
2669,2669,0.99920154,0.01108,0.00074,-0.01034,0.01034,0.00083678274,2.2486118e-05,-0.0008142966,stable
5048,5048,0.99920166,0.018889999,0.01752,-0.0013699997,0.0013699997,0.006862419,0.0044136764,-0.0024487427,stable
1602,1602,0.9992024,0.00858,0.008549999,-3.0000694e-05,3.0000694e-05,0.00015401207,0.00023169062,7.7678545e-05,stable
2377,2377,0.9992026,0.00909,0.0088599995,-0.00023000035,0.00023000035,0.00072934217,0.0003951,-0.00033424216,stable
5988,5988,0.99920285,0.01268,0.0092,-0.0034799995,0.0034799995,0.0015208569,0.0010625169,-0.00045833993,stable
4314,4314,0.9992038,0.01684,0.01676,-8.000061e-05,8.000061e-05,0.0022433773,0.0037945025,0.0015511252,stable
3026,3026,0.99920416,0.00869,0.00067,-0.00802,0.00802,0.00026660747,1.97083e-05,-0.00024689917,stable
1707,1707,0.9992042,0.01678,0.01616,-0.00062000006,0.00062000006,0.0024701583,0.0018131757,-0.00065698253,stable
4742,4742,0.9992046,0.00057,0.00034,-0.00022999998,0.00022999998,9.485924e-06,9.764343e-06,2.7841907e-07,stable
480,480,0.999205,0.01616,0.01563,-0.0005300008,0.0005300008,0.0022185473,0.0025128056,0.00029425835,stable
1785,1785,0.9992052,0.00851,0.00844,-7.000007e-05,7.000007e-05,0.00042620528,0.00046693266,4.0727376e-05,stable
5209,5209,0.9992056,0.01732,0.01709,-0.00022999942,0.00022999942,0.0033438306,0.0033817173,3.7886668e-05,stable
1982,1982,0.9992057,0.00538,0.00192,-0.00346,0.00346,7.56686e-05,7.175919e-05,-3.9094084e-06,stable
778,778,0.99920595,0.00194,0.00068,-0.00126,0.00126,2.8646225e-05,1.8186744e-05,-1.0459482e-05,stable
3859,3859,0.99920726,0.014289999,0.0155299995,0.0012400001,0.0012400001,0.0013433232,0.0016177673,0.00027444412,stable
1748,1748,0.9992076,0.00978,0.0092899995,-0.0004900005,0.0004900005,0.00050512596,0.00043510154,-7.002443e-05,stable
2304,2304,0.99920785,0.00852,0.0030099999,-0.0055099996,0.0055099996,0.00095412735,2.8120154e-05,-0.00092600717,stable
4683,4683,0.9992079,0.017339999,0.01701,-0.00032999925,0.00032999925,0.0053068004,0.0051901746,-0.0001166258,stable
3049,3049,0.99920845,0.00134,0.00102,-0.00032,0.00032,5.1611565e-05,3.2648728e-05,-1.8962837e-05,stable
5655,5655,0.9992087,0.01277,0.01334,0.00057000015,0.00057000015,0.00062473846,0.0007719258,0.00014718733,stable
5899,5899,0.9992089,0.008599999,0.00864,4.0000305e-05,4.0000305e-05,0.00020641102,0.00043356276,0.00022715174,stable
5275,5275,0.9992099,0.01761,0.01726,-0.00035000034,0.00035000034,0.0021316966,0.0028725688,0.00074087223,stable
3882,3882,0.99921024,0.00847,0.00944,0.0009700004,0.0009700004,0.0005210637,0.0005845057,6.3441985e-05,stable
2679,2679,0.9992105,0.0009999999,0.00097,-2.9999937e-05,2.9999937e-05,3.9154176e-05,3.170364e-05,-7.450537e-06,stable
872,872,0.99921095,0.01674,0.01535,-0.0013899999,0.0013899999,0.001524548,0.001312915,-0.00021163304,stable
5409,5409,0.99921095,0.00055,0.00064,8.999999e-05,8.999999e-05,2.0321257e-05,2.2027538e-05,1.7062812e-06,stable
1939,1939,0.99921143,0.0090499995,0.008909999,-0.00014000013,0.00014000013,0.00055953034,0.00043078695,-0.00012874338,stable
4454,4454,0.99921155,0.01091,0.00277,-0.00814,0.00814,0.00018300413,4.2293508e-05,-0.00014071062,stable
679,679,0.99921167,0.008429999,0.013859999,0.00543,0.00543,0.00028868392,0.00073048373,0.0004417998,stable
4514,4514,0.9992122,0.015269999,0.01229,-0.0029799994,0.0029799994,0.0009678787,0.0007043802,-0.00026349846,stable
647,647,0.999213,0.01148,0.01003,-0.0014500003,0.0014500003,0.00066834805,0.0006298123,-3.853574e-05,stable
1484,1484,0.9992132,0.0173,0.01715,-0.00015000068,0.00015000068,0.0048848903,0.0041158143,-0.00076907594,stable
4348,4348,0.9992132,0.009649999,0.010749999,0.0011,0.0011,0.0003127879,0.0003714461,5.8658217e-05,stable
1653,1653,0.99921393,0.01737,0.017269999,-0.00010000169,0.00010000169,0.003659683,0.004463289,0.0008036059,stable
2946,2946,0.999214,0.0119199995,0.01231,0.00039000064,0.00039000064,0.0011195438,0.0012037305,8.418667e-05,stable
2777,2777,0.9992144,0.0087399995,0.00857,-0.0001699999,0.0001699999,0.00028084303,0.0007850386,0.0005041956,stable
4459,4459,0.99921465,0.0103899995,0.0049699997,-0.00542,0.00542,9.1494876e-05,9.3972296e-05,2.47742e-06,stable
5399,5399,0.9992151,0.0175,0.01722,-0.00028000027,0.00028000027,0.0018975812,0.0018516463,-4.593481e-05,stable
4212,4212,0.9992156,0.00987,0.00864,-0.0012300005,0.0012300005,0.00037992455,0.00031104693,-6.887762e-05,stable
1496,1496,0.99921584,0.00973,0.00933,-0.00040000025,0.00040000025,0.00074004894,0.0007131195,-2.6929425e-05,stable
551,551,0.9992162,0.00966,0.00875,-0.00090999994,0.00090999994,0.0013853682,0.0013194713,-6.589689e-05,stable
4972,4972,0.9992162,0.00083,0.00971,0.00888,0.00888,2.6684913e-05,0.00057317415,0.00054648926,stable
5276,5276,0.9992162,0.01698,0.0168,-0.00018000044,0.00018000044,0.005476709,0.0053848084,-9.190058e-05,stable
5858,5858,0.99921656,0.01622,0.00099,-0.01523,0.01523,0.0012075198,3.0425708e-05,-0.0011770941,stable
4088,4088,0.999217,0.01743,0.01691,-0.00052000023,0.00052000023,0.003287363,0.0019273758,-0.0013599873,stable
3616,3616,0.9992173,0.00858,0.00909,0.0005099997,0.0005099997,0.0002778932,0.00040973403,0.00013184082,stable
1073,1073,0.9992186,0.01774,0.01761,-0.0001299996,0.0001299996,0.0033527252,0.00406236,0.000709635,stable
3372,3372,0.99921894,0.00845,0.00835,-9.999983e-05,9.999983e-05,0.0005482833,0.00060726696,5.8983685e-05,stable
1456,1456,0.99921906,0.00853,0.00901,0.00047999993,0.00047999993,0.0003809966,0.00051454187,0.00013354528,stable
94,94,0.9992191,0.01667,0.01652,-0.00015000068,0.00015000068,0.002170099,0.002174233,4.134141e-06,stable
3133,3133,0.99922025,0.01706,0.0117,-0.0053600008,0.0053600008,0.002852271,0.0011698019,-0.0016824692,stable
2112,2112,0.9992204,0.00096,0.00185,0.00089,0.00089,2.3383085e-05,2.5440007e-05,2.0569223e-06,stable
5544,5544,0.9992204,0.00815,0.0012299999,-0.00692,0.00692,0.000101132944,3.0449664e-05,-7.068328e-05,stable
4134,4134,0.9992205,0.01404,0.01144,-0.0026000002,0.0026000002,0.0013896014,0.0011677106,-0.00022189075,stable
421,421,0.99922097,0.00924,0.01019,0.00095000025,0.00095000025,0.001204469,0.0013131924,0.00010872341,stable
2781,2781,0.9992212,0.00101,0.00151,0.00049999997,0.00049999997,3.0162133e-05,2.2907105e-05,-7.2550283e-06,stable
1377,1377,0.9992217,0.00084,0.00065999996,-0.00018000003,0.00018000003,2.6850528e-05,2.2236458e-05,-4.6140703e-06,stable
5678,5678,0.99922264,0.008479999,0.00075,-0.0077299993,0.0077299993,0.0006119252,2.0788555e-05,-0.00059113663,stable
3998,3998,0.9992229,0.00409,0.01196,0.00787,0.00787,2.5287796e-05,0.00026059296,0.00023530517,stable
1908,1908,0.9992232,0.01426,0.013409999,-0.0008500004,0.0008500004,0.00086978043,0.0007126894,-0.00015709101,stable
1618,1618,0.9992233,0.00084,0.00641,0.00557,0.00557,2.664576e-05,4.892001e-05,2.2274251e-05,stable
762,762,0.99922335,0.01716,0.01691,-0.0002500005,0.0002500005,0.0043775793,0.0047935504,0.00041597104,stable
3582,3582,0.99922436,0.017029999,0.016719999,-0.00031000003,0.00031000003,0.003974499,0.0022371742,-0.001737325,stable
2949,2949,0.99922454,0.00084999995,0.01012,0.009269999,0.009269999,3.7432783e-05,0.00075014296,0.0007127102,stable
4608,4608,0.99922454,0.00835,0.0069799996,-0.0013700002,0.0013700002,0.00017731402,9.022825e-05,-8.708578e-05,stable
4107,4107,0.99922466,0.01701,0.01688,-0.0001299996,0.0001299996,0.003547219,0.0038824412,0.0003352221,stable
3167,3167,0.9992248,0.01698,0.0150999995,-0.0018800003,0.0018800003,0.0038899102,0.0016657485,-0.0022241618,stable
4334,4334,0.9992251,0.0141199995,0.01663,0.00251,0.00251,0.0011387462,0.001452556,0.00031380984,stable
1666,1666,0.99922526,0.01695,0.01681,-0.00014000013,0.00014000013,0.0057285912,0.0065887896,0.0008601984,stable
2202,2202,0.9992261,0.017479999,0.01715,-0.00032999925,0.00032999925,0.0038761052,0.003013852,-0.00086225313,stable
57,57,0.99922645,0.01712,0.01671,-0.00040999986,0.00040999986,0.0033181596,0.0037429081,0.00042474852,stable
4706,4706,0.99922645,0.01706,0.016859999,-0.00020000152,0.00020000152,0.0013699359,0.0015853087,0.00021537277,stable
364,364,0.99922657,0.00913,0.008789999,-0.00034000073,0.00034000073,0.0008221437,0.00079961005,-2.253364e-05,stable
5435,5435,0.9992268,0.0075499997,0.00799,0.0004400001,0.0004400001,7.922643e-05,0.000110048466,3.0822033e-05,stable
1096,1096,0.99922717,0.01626,0.01615,-0.00011000037,0.00011000037,0.000825085,0.000828355,3.2700482e-06,stable
2403,2403,0.99922717,0.016889999,0.015369999,-0.0015199995,0.0015199995,0.002533946,0.0015617096,-0.0009722364,stable
2707,2707,0.9992281,0.00883,0.00876,-7.000007e-05,7.000007e-05,0.0009520447,0.00056526356,-0.00038678112,stable
1681,1681,0.9992284,0.00065,0.00059999997,-5.000003e-05,5.000003e-05,2.2781962e-05,1.4988601e-05,-7.793361e-06,stable
3864,3864,0.9992286,0.01074,0.0087,-0.0020399997,0.0020399997,0.0006943973,0.0003307653,-0.00036363202,stable
3382,3382,0.9992289,0.01687,0.00849,-0.00838,0.00838,0.0021854052,0.00013628138,-0.0020491239,stable
3771,3771,0.9992291,0.008669999,0.00834,-0.00032999925,0.00032999925,0.00029746222,0.00019141204,-0.00010605018,stable
293,293,0.99922925,0.01761,0.01714,-0.00047000125,0.00047000125,0.0054876427,0.0047291033,-0.0007585394,stable
2472,2472,0.99922943,0.01599,0.012519999,-0.0034700008,0.0034700008,0.00199488,0.0015755716,-0.00041930832,stable
2913,2913,0.99922955,0.01729,0.01711,-0.00018000044,0.00018000044,0.003877824,0.0045912354,0.0007134115,stable
1359,1359,0.9992304,0.008669999,0.00857,-9.999983e-05,9.999983e-05,0.0005426819,0.0003513492,-0.00019133269,stable
4177,4177,0.9992305,0.00672,0.00081999996,-0.0059,0.0059,6.4291984e-05,3.2518084e-05,-3.17739e-05,stable
5059,5059,0.9992323,0.01749,0.01699,-0.00049999915,0.00049999915,0.0036970791,0.0026549143,-0.0010421649,stable
1719,1719,0.99923265,0.0058899997,0.0064499998,0.0005600001,0.0005600001,5.0775525e-05,7.0799186e-05,2.002366e-05,stable
3925,3925,0.999233,0.0175,0.01698,-0.00052000023,0.00052000023,0.0106460275,0.008854572,-0.0017914558,stable
3160,3160,0.99923307,0.0087,0.01234,0.0036399998,0.0036399998,0.00042368384,0.0013598732,0.0009361894,stable
2090,2090,0.99923325,0.0144299995,0.01119,-0.0032399995,0.0032399995,0.00094988296,0.00060837076,-0.0003415122,stable
1742,1742,0.99923337,0.009579999,0.00966,8.000061e-05,8.000061e-05,0.0007974908,0.00066934066,-0.00012815016,stable
5382,5382,0.9992337,0.00068999996,0.0015199999,0.00083,0.00083,2.2934277e-05,1.964252e-05,-3.291756e-06,stable
5984,5984,0.99923396,0.00863,0.0055799996,-0.0030500004,0.0030500004,0.0003239296,4.4042332e-05,-0.00027988726,stable
283,283,0.9992345,0.01456,0.0095999995,-0.0049600005,0.0049600005,0.0012149913,0.0006131605,-0.00060183083,stable
1081,1081,0.99923474,0.01003,0.01619,0.0061600003,0.0061600003,0.00042552737,0.0014503173,0.00102479,stable
4938,4938,0.9992349,0.016929999,0.01697,4.0000305e-05,4.0000305e-05,0.0028110943,0.0030770751,0.00026598084,stable
722,722,0.99923503,0.01042,0.0112499995,0.00082999934,0.00082999934,0.0010068807,0.0009912805,-1.5600119e-05,stable
5370,5370,0.9992354,0.0174,0.01698,-0.0004200004,0.0004200004,0.0031337827,0.002424018,-0.00070976466,stable
5997,5997,0.9992354,0.0024599999,0.00344,0.00098,0.00098,6.168194e-05,5.0271763e-05,-1.1410175e-05,stable
3520,3520,0.9992355,0.0166,0.009,-0.0076,0.0076,0.001359317,0.0004838777,-0.00087543926,stable
97,97,0.99923575,0.017679999,0.01749,-0.00018999912,0.00018999912,0.0079622455,0.0070285783,-0.0009336672,stable
5763,5763,0.999236,0.00851,0.0042499998,-0.0042600003,0.0042600003,0.0001080368,3.1177547e-05,-7.685926e-05,stable
4554,4554,0.99923635,0.0022399998,0.00857,0.00633,0.00633,3.2851007e-05,0.00023130771,0.0001984567,stable
4650,4650,0.9992365,0.01559,0.01285,-0.0027400004,0.0027400004,0.00163053,0.0011106732,-0.0005198568,stable
3887,3887,0.9992372,0.01699,0.016859999,-0.00013000146,0.00013000146,0.0051302556,0.0048795515,-0.00025070412,stable
322,322,0.9992375,0.01676,0.00991,-0.0068499995,0.0068499995,0.0009222641,0.00014002428,-0.00078223983,stable
2361,2361,0.9992386,0.0009999999,0.00856,0.00756,0.00756,3.0737785e-05,0.00019755177,0.00016681399,stable
1331,1331,0.99923927,0.009029999,0.00852,-0.0005099997,0.0005099997,0.00038997488,0.00026381388,-0.000126161,stable
2976,2976,0.9992398,0.01777,0.01742,-0.00035000034,0.00035000034,0.0031641808,0.0030283232,-0.00013585761,stable
4922,4922,0.99923986,0.01712,0.01524,-0.0018800003,0.0018800003,0.0023720562,0.0016114638,-0.0007605924,stable
3229,3229,0.99924004,0.0084,0.00913,0.00073000044,0.00073000044,0.00024648348,0.00068184896,0.00043536548,stable
1099,1099,0.9992405,0.017169999,0.01697,-0.00019999966,0.00019999966,0.00460469,0.003663809,-0.00094088074,stable
2959,2959,0.9992405,0.01691,0.01587,-0.0010400005,0.0010400005,0.0032009701,0.0024381524,-0.0007628177,stable
3181,3181,0.9992408,0.0058999998,0.00064,-0.00526,0.00526,5.5530403e-05,2.0076923e-05,-3.545348e-05,stable
2549,2549,0.9992409,0.0169,0.01666,-0.00023999996,0.00023999996,0.002163851,0.0022554682,9.161723e-05,stable
856,856,0.99924135,0.00857,0.00847,-9.999983e-05,9.999983e-05,0.00088085845,0.00083543005,-4.54284e-05,stable
3976,3976,0.99924135,0.00065,0.00058,-7.000001e-05,7.000001e-05,1.9811296e-05,1.5367961e-05,-4.4433345e-06,stable
4635,4635,0.9992414,0.01721,0.01697,-0.00023999996,0.00023999996,0.0041469494,0.00392348,-0.00022346945,stable
394,394,0.99924254,0.01722,0.01725,2.9999763e-05,2.9999763e-05,0.0026982839,0.002709602,1.131813e-05,stable
2038,2038,0.99924254,0.014359999,0.011299999,-0.00306,0.00306,0.0011859499,0.0007844363,-0.0004015136,stable
4881,4881,0.99924326,0.01034,0.0145499995,0.00421,0.00421,0.0012970993,0.001851434,0.0005543347,stable
780,780,0.9992436,0.01774,0.01711,-0.0006300006,0.0006300006,0.0027139343,0.0029006859,0.0001867516,stable
2514,2514,0.999244,0.00081,0.00055999996,-0.00025000004,0.00025000004,2.2160377e-05,1.6948985e-05,-5.211392e-06,stable
3914,3914,0.99924403,0.01729,0.017269999,-2.0001084e-05,2.0001084e-05,0.006194268,0.0055449866,-0.0006492813,stable
2271,2271,0.9992441,0.01705,0.017029999,-2.0001084e-05,2.0001084e-05,0.003596768,0.0051515843,0.0015548163,stable
1380,1380,0.9992452,0.00978,0.01435,0.00457,0.00457,0.00010130098,0.00031517938,0.0002138784,stable
2461,2461,0.99924546,0.01726,0.017129999,-0.00013000146,0.00013000146,0.0027149394,0.002904673,0.00018973369,stable
4282,4282,0.99924546,0.01692,0.01667,-0.0002500005,0.0002500005,0.005331806,0.0038094616,-0.0015223443,stable
3560,3560,0.99924564,0.01699,0.01678,-0.0002100002,0.0002100002,0.004247771,0.0043109003,6.3129235e-05,stable
4551,4551,0.99924576,0.00099,0.00078999996,-0.00020000001,0.00020000001,2.6773903e-05,2.4595394e-05,-2.178509e-06,stable
2097,2097,0.9992459,0.01732,0.01621,-0.0011100005,0.0011100005,0.0023982232,0.0021022137,-0.00029600947,stable
2423,2423,0.9992465,0.018989999,0.01919,0.00020000152,0.00020000152,0.008618396,0.007351726,-0.00126667,stable
1574,1574,0.9992466,0.01705,0.01712,7.000007e-05,7.000007e-05,0.0047658514,0.0048392466,7.3395204e-05,stable
4342,4342,0.9992466,0.00868,0.008549999,-0.00013000052,0.00013000052,0.0007622624,0.00018241176,-0.00057985063,stable
2846,2846,0.9992467,0.00918,0.00897,-0.0002100002,0.0002100002,0.0009877001,0.0007967762,-0.00019092386,stable
5081,5081,0.99924695,0.01788,0.017819999,-6.000139e-05,6.000139e-05,0.0040434925,0.004176121,0.00013262872,stable
3563,3563,0.9992472,0.00835,0.0088599995,0.0005099997,0.0005099997,0.000658676,0.00079474424,0.0001360682,stable
50,50,0.9992478,0.01778,0.01714,-0.00064000115,0.00064000115,0.002704803,0.0024267181,-0.00027808477,stable
3293,3293,0.9992479,0.0086199995,0.0084999995,-0.00011999998,0.00011999998,0.00052409695,0.0006229649,9.8867924e-05,stable
3306,3306,0.9992485,0.01805,0.0175,-0.00055,0.00055,0.0067921616,0.007881394,0.001089232,stable
2303,2303,0.999249,0.01612,0.016069999,-5.0000846e-05,5.0000846e-05,0.0010887944,0.001190883,0.000102088554,stable
142,142,0.99924994,0.01083,0.0137,0.00287,0.00287,0.0016598806,0.001953526,0.0002936453,stable
4956,4956,0.99925005,0.017549999,0.00988,-0.0076699993,0.0076699993,0.0022354198,0.00017772499,-0.0020576948,stable
2272,2272,0.9992508,0.01767,0.017169999,-0.000500001,0.000500001,0.005317075,0.003431956,-0.0018851191,stable
2754,2754,0.999251,0.01733,0.01712,-0.0002100002,0.0002100002,0.008103215,0.008282804,0.0001795888,stable
4474,4474,0.9992512,0.0054599997,0.00094999996,-0.00451,0.00451,5.336806e-05,3.256417e-05,-2.0803891e-05,stable
4929,4929,0.9992515,0.01563,0.00944,-0.006189999,0.006189999,0.0015650248,0.0011557702,-0.0004092547,stable
3661,3661,0.99925184,0.016999999,0.01676,-0.00023999996,0.00023999996,0.0071774973,0.004327286,-0.0028502112,stable
4303,4303,0.999252,0.0127,0.00897,-0.00373,0.00373,0.00067618256,0.00031632057,-0.000359862,stable
4510,4510,0.9992528,0.01132,0.011589999,0.00026999973,0.00026999973,0.00041443968,0.00038447088,-2.9968796e-05,stable
5133,5133,0.9992532,0.0018999999,0.0020599999,0.00015999994,0.00015999994,4.8117345e-05,3.8418846e-05,-9.698499e-06,stable
1700,1700,0.9992534,0.01793,0.01725,-0.0006799996,0.0006799996,0.006555032,0.0055015893,-0.0010534427,stable
5340,5340,0.9992534,0.01709,0.013259999,-0.0038300008,0.0038300008,0.001388071,0.0009093718,-0.00047869916,stable
459,459,0.9992536,0.011399999,0.00899,-0.0024099993,0.0024099993,0.0006456478,0.00042069846,-0.00022494936,stable
5097,5097,0.99925363,0.01716,0.01571,-0.0014500003,0.0014500003,0.0017750581,0.0011246321,-0.000650426,stable
5527,5527,0.99925375,0.00065999996,0.00064,-1.9999978e-05,1.9999978e-05,2.0404208e-05,1.839174e-05,-2.012468e-06,stable
239,239,0.9992542,0.01737,0.01719,-0.00018000044,0.00018000044,0.0043566828,0.0037933032,-0.0005633796,stable
855,855,0.9992547,0.0013199999,0.00099,-0.00032999995,0.00032999995,4.076807e-05,3.1645483e-05,-9.122588e-06,stable
2218,2218,0.9992547,0.01687,0.0121,-0.0047699995,0.0047699995,0.0014162,0.0008974844,-0.00051871553,stable
5888,5888,0.9992548,0.01497,0.01783,0.0028599994,0.0028599994,0.00044676775,0.0030055277,0.0025587599,stable
4619,4619,0.99925524,0.01578,0.01635,0.0005699992,0.0005699992,0.0013264227,0.0018394225,0.00051299983,stable
5872,5872,0.99925536,0.00863,0.00863,0.0,0.0,0.0004746626,0.00042769947,-4.6963134e-05,stable
5105,5105,0.99925625,0.00094,0.00102,7.999997e-05,7.999997e-05,3.600393e-05,3.6436315e-05,4.323847e-07,stable
1540,1540,0.9992564,0.01547,0.015999999,0.0005299989,0.0005299989,0.0012866895,0.0016772843,0.0003905947,stable
1918,1918,0.9992566,0.01721,0.00072,-0.01649,0.01649,0.0021543172,2.3584547e-05,-0.0021307326,stable
2712,2712,0.9992566,0.00507,0.00395,-0.0011200001,0.0011200001,6.2548075e-05,5.0826973e-05,-1.1721102e-05,stable
3708,3708,0.99925685,0.0173,0.01678,-0.00052000023,0.00052000023,0.003159373,0.0028560278,-0.00030334527,stable
98,98,0.999257,0.017439999,0.01683,-0.0006099995,0.0006099995,0.004877185,0.003644699,-0.001232486,stable
5235,5235,0.99925745,0.01311,0.01656,0.0034499997,0.0034499997,0.0010921465,0.0018913255,0.00079917896,stable
72,72,0.9992579,0.008789999,0.008789999,0.0,0.0,0.0005833526,0.0006045586,2.120604e-05,stable
4015,4015,0.99925804,0.008839999,0.00887,3.0000694e-05,3.0000694e-05,0.0020774046,0.0016396692,-0.00043773546,stable
5562,5562,0.9992581,0.00938,0.01562,0.00624,0.00624,0.0009806732,0.0017729382,0.00079226494,stable
3065,3065,0.99925846,0.0141199995,0.013169999,-0.00095000025,0.00095000025,0.0015964377,0.0014972142,-9.9223456e-05,stable
2043,2043,0.9992585,0.0178,0.0157,-0.0021000002,0.0021000002,0.0021816774,0.0017521218,-0.00042955554,stable
1733,1733,0.99925864,0.01783,0.013309999,-0.00452,0.00452,0.003876756,0.0020687233,-0.0018080326,stable
4171,4171,0.99925905,0.00077,0.00078,1.0000018e-05,1.0000018e-05,2.8219714e-05,2.938087e-05,1.1611555e-06,stable
464,464,0.9992596,0.00868,0.00844,-0.00023999996,0.00023999996,0.00023504176,0.00023936952,4.327754e-06,stable
4783,4783,0.9992602,0.0087,0.0083099995,-0.00039000064,0.00039000064,0.0013891417,0.0011597221,-0.00022941956,stable
3802,3802,0.9992605,0.01754,0.01726,-0.00028000027,0.00028000027,0.0045845946,0.0053913346,0.00080674,stable
2826,2826,0.999261,0.00887,0.013739999,0.0048699994,0.0048699994,0.00096236874,0.0013053677,0.00034299894,stable
2484,2484,0.99926114,0.01054,0.01667,0.0061299996,0.0061299996,0.00091068237,0.0027493413,0.0018386589,stable
2494,2494,0.9992612,0.01731,0.01716,-0.00014999881,0.00014999881,0.00315025,0.002683395,-0.000466855,stable
1385,1385,0.9992614,0.00847,0.00791,-0.0005599996,0.0005599996,0.00029465958,0.00026153977,-3.311981e-05,stable
983,983,0.9992616,0.01495,0.01354,-0.00141,0.00141,0.0010850047,0.0008562257,-0.00022877892,stable
2647,2647,0.999262,0.016099999,0.01444,-0.0016599987,0.0016599987,0.0017930266,0.0015421371,-0.00025088945,stable
2221,2221,0.9992622,0.00871,0.00098,-0.0077299997,0.0077299997,0.00014759635,2.9584722e-05,-0.00011801163,stable
4144,4144,0.9992622,0.00844,0.008289999,-0.00015000068,0.00015000068,0.0013859221,0.0003673171,-0.001018605,stable
5675,5675,0.9992622,0.00854,0.00087999995,-0.0076599997,0.0076599997,0.00052349776,1.7965027e-05,-0.0005055327,stable
1228,1228,0.9992624,0.01783,0.01752,-0.00031000003,0.00031000003,0.0038179425,0.0037288982,-8.904422e-05,stable
5677,5677,0.99926245,0.01592,0.00878,-0.0071400004,0.0071400004,0.0018779348,0.0012493148,-0.00062862004,stable
1799,1799,0.99926305,0.00091999996,0.00269,0.00177,0.00177,3.664908e-05,3.301921e-05,-3.6298698e-06,stable
4598,4598,0.99926317,0.0011,0.00101,-8.999999e-05,8.999999e-05,3.721859e-05,3.32062e-05,-4.0123887e-06,stable
1883,1883,0.9992634,0.009149999,0.00084999995,-0.008299999,0.008299999,0.0005016467,2.4862007e-05,-0.0004767847,stable
107,107,0.9992636,0.0049,0.00254,-0.00236,0.00236,7.433513e-05,4.765834e-05,-2.6676786e-05,stable
240,240,0.99926364,0.00873,0.011299999,0.0025699995,0.0025699995,0.00066020933,0.000907973,0.00024776364,stable
5485,5485,0.9992639,0.00866,0.00866,0.0,0.0,0.0012089155,0.0008962374,-0.0003126781,stable
5711,5711,0.99926424,0.017819999,0.017649999,-0.0001699999,0.0001699999,0.0078034624,0.0078091887,5.726237e-06,stable
5534,5534,0.9992643,0.01753,0.01695,-0.00057999976,0.00057999976,0.004146879,0.0039432715,-0.0002036076,stable
1986,1986,0.9992644,0.01704,0.00192,-0.01512,0.01512,0.0009032576,3.777926e-05,-0.0008654783,stable
1085,1085,0.9992645,0.01499,0.01098,-0.0040100003,0.0040100003,0.0012143874,0.0008153295,-0.00039905787,stable
2662,2662,0.9992648,0.00072,0.00062999997,-9.0000045e-05,9.0000045e-05,2.650381e-05,1.8315524e-05,-8.188286e-06,stable
2055,2055,0.9992658,0.01743,0.01708,-0.00035000034,0.00035000034,0.005617239,0.0052504065,-0.0003668326,stable
3682,3682,0.9992658,0.00087,0.00072,-0.00014999998,0.00014999998,2.9675326e-05,2.1177859e-05,-8.497467e-06,stable
5000,5000,0.999266,0.00061,0.00072999997,0.00011999998,0.00011999998,2.009454e-05,2.28522e-05,2.7576607e-06,stable
5657,5657,0.9992664,0.01088,0.00074,-0.01014,0.01014,0.0006253324,1.6266502e-05,-0.00060906593,stable
4777,4777,0.9992666,0.01701,0.013859999,-0.0031500002,0.0031500002,0.0011773896,0.0008755529,-0.00030183676,stable
4190,4190,0.999267,0.009769999,0.00839,-0.0013799993,0.0013799993,0.00084204425,0.0005699211,-0.00027212314,stable
1316,1316,0.99926704,0.00168,0.00099,-0.00069,0.00069,3.7857826e-05,3.1899057e-05,-5.958769e-06,stable
5217,5217,0.9992671,0.00883,0.0083,-0.00052999984,0.00052999984,0.00023740208,6.9028174e-05,-0.00016837391,stable
1221,1221,0.9992672,0.01722,0.01715,-7.000007e-05,7.000007e-05,0.0029681139,0.0039849756,0.0010168618,stable
717,717,0.9992673,0.01548,0.01117,-0.0043099998,0.0043099998,0.00077704556,0.00022645564,-0.00055058993,stable
4790,4790,0.99926764,0.00956,0.01105,0.0014899997,0.0014899997,0.0009850288,0.0010051876,2.0158826e-05,stable
5735,5735,0.99926794,0.008429999,0.00853,0.00010000076,0.00010000076,0.00014487661,0.00016346668,1.8590072e-05,stable
1314,1314,0.9992682,0.00111,0.0036499999,0.0025399998,0.0025399998,3.5708683e-05,4.167943e-05,5.9707454e-06,stable
3255,3255,0.9992689,0.015459999,0.0149799995,-0.00047999993,0.00047999993,0.0021505444,0.0020077862,-0.00014275825,stable
5777,5777,0.999269,0.01715,0.01692,-0.00022999942,0.00022999942,0.0061006187,0.005703664,-0.00039695483,stable
2101,2101,0.9992691,0.01296,0.0112499995,-0.0017100004,0.0017100004,0.0009652508,0.0010780835,0.00011283276,stable
2756,2756,0.9992691,0.00072999997,0.00059999997,-0.00013,0.00013,2.4750414e-05,1.9219402e-05,-5.531012e-06,stable
3741,3741,0.99926984,0.01028,0.015149999,0.0048699994,0.0048699994,0.00097507355,0.0016127798,0.00063770625,stable
6092,6092,0.9992707,0.0128999995,0.01473,0.0018300004,0.0018300004,0.0011790828,0.0014426284,0.00026354566,stable
4959,4959,0.99927074,0.012879999,0.00936,-0.0035199998,0.0035199998,0.0003836405,0.00013814819,-0.00024549232,stable
738,738,0.9992708,0.01654,0.01691,0.00036999956,0.00036999956,0.0025169454,0.0029091197,0.00039217435,stable
4849,4849,0.9992708,0.014479999,0.01413,-0.0003499994,0.0003499994,0.0006129038,0.0008737773,0.00026087352,stable
3171,3171,0.999271,0.017509999,0.01729,-0.00021999888,0.00021999888,0.0035247896,0.004413131,0.0008883416,stable
282,282,0.9992712,0.01469,0.01091,-0.00378,0.00378,0.0020036148,0.001379251,-0.0006243638,stable
5767,5767,0.9992713,0.00186,0.00078999996,-0.00107,0.00107,3.528874e-05,2.6910508e-05,-8.378232e-06,stable
196,196,0.99927163,0.0132,0.013809999,0.0006099995,0.0006099995,0.002036259,0.0019976236,-3.863545e-05,stable
1089,1089,0.9992727,0.01677,0.01457,-0.0022,0.0022,0.0012362938,0.0005676408,-0.000668653,stable
1729,1729,0.99927294,0.01668,0.01332,-0.0033600004,0.0033600004,0.0027063666,0.0019537748,-0.00075259176,stable
5574,5574,0.99927306,0.013979999,0.0126,-0.0013799993,0.0013799993,0.00063118,0.00052126974,-0.00010991027,stable
3101,3101,0.99927366,0.00814,0.00054,-0.0075999997,0.0075999997,0.0001276132,2.3828125e-05,-0.000103785074,stable
3554,3554,0.999274,0.015999999,0.01647,0.00047000125,0.00047000125,0.0012523115,0.0015730677,0.00032075623,stable
1144,1144,0.99927413,0.00121,0.00737,0.00616,0.00616,3.342628e-05,7.858049e-05,4.5154207e-05,stable
2349,2349,0.9992742,0.018,0.01766,-0.0003399998,0.0003399998,0.005181772,0.004604698,-0.000577074,stable
3003,3003,0.99927425,0.00885,0.00933,0.00047999993,0.00047999993,0.00021814583,0.00034765,0.00012950417,stable
1398,1398,0.9992744,0.0173,0.016409999,-0.00089000165,0.00089000165,0.0014060405,0.0012415918,-0.00016444875,stable
1736,1736,0.9992751,0.0173,0.01706,-0.00023999996,0.00023999996,0.005672986,0.004842505,-0.0008304813,stable
1793,1793,0.9992752,0.00554,0.0033399998,-0.0022,0.0022,5.104592e-05,3.3642937e-05,-1.7402985e-05,stable
3598,3598,0.99927557,0.0084,0.0101,0.0016999999,0.0016999999,0.00095049496,0.0010881823,0.00013768737,stable
1053,1053,0.9992759,0.01737,0.01712,-0.0002500005,0.0002500005,0.0050023007,0.0036744708,-0.0013278299,stable
211,211,0.99927604,0.01616,0.00865,-0.00751,0.00751,0.0020944693,0.0009547516,-0.0011397176,stable
3157,3157,0.99927604,0.016449999,0.01632,-0.0001299996,0.0001299996,0.0017803222,0.002186376,0.00040605373,stable
3613,3613,0.9992763,0.00897,0.00105,-0.00792,0.00792,0.0004243486,3.668317e-05,-0.00038766544,stable
3268,3268,0.9992765,0.01105,0.00075999997,-0.01029,0.01029,0.0009294088,2.9316543e-05,-0.0009000923,stable
859,859,0.9992769,0.01721,0.01706,-0.00014999881,0.00014999881,0.008937448,0.008397724,-0.0005397247,stable
2729,2729,0.999277,0.01694,0.01684,-9.999983e-05,9.999983e-05,0.0033458758,0.0035527986,0.00020692288,stable
1882,1882,0.9992771,0.00074,0.00072999997,-1.0000018e-05,1.0000018e-05,2.396037e-05,2.01044e-05,-3.85597e-06,stable
3059,3059,0.9992776,0.0027599998,0.00222,-0.0005399999,0.0005399999,0.00010391561,8.42132e-05,-1.9702413e-05,stable
5629,5629,0.99927765,0.01459,0.015439999,0.0008499995,0.0008499995,0.0015800387,0.0016630117,8.297304e-05,stable
3061,3061,0.99927795,0.01737,0.01739,1.9999221e-05,1.9999221e-05,0.005767654,0.0061615673,0.00039391313,stable
3449,3449,0.9992783,0.00242,0.0009999999,-0.0014200001,0.0014200001,4.0165953e-05,3.549259e-05,-4.673362e-06,stable
763,763,0.9992792,0.01193,0.00422,-0.00771,0.00771,0.00021261934,5.0937702e-05,-0.00016168164,stable
4317,4317,0.99927926,0.00827,0.00105,-0.00722,0.00722,0.00011932541,3.0285393e-05,-8.904001e-05,stable
6054,6054,0.9992794,0.00091999996,0.00081999996,-0.000100000005,0.000100000005,2.4603816e-05,2.8449182e-05,3.8453654e-06,stable
1857,1857,0.9992795,0.014909999,0.01461,-0.0002999995,0.0002999995,0.0011968126,0.001025704,-0.00017110864,stable
2517,2517,0.99928004,0.00844,0.00833,-0.00011000037,0.00011000037,0.0009945949,0.00060728454,-0.00038731034,stable
3477,3477,0.9992801,0.0174,0.017029999,-0.00037000142,0.00037000142,0.0031734344,0.0032569421,8.350774e-05,stable
1960,1960,0.99928075,0.0101499995,0.013049999,0.0028999997,0.0028999997,0.00055061415,0.0007543887,0.00020377454,stable
1603,1603,0.999281,0.01721,0.01688,-0.00032999925,0.00032999925,0.0032009801,0.003177692,-2.3288187e-05,stable
528,528,0.99928135,0.01712,0.016889999,-0.00023000129,0.00023000129,0.0037874768,0.004671365,0.0008838882,stable
5078,5078,0.99928164,0.0047299997,0.0068099997,0.00208,0.00208,3.3473225e-05,6.928776e-05,3.5814533e-05,stable
529,529,0.999282,0.00875,0.0022,-0.00655,0.00655,9.3064074e-05,5.492464e-05,-3.8139435e-05,stable
1912,1912,0.9992821,0.017479999,0.017129999,-0.00035000034,0.00035000034,0.0051412387,0.004370235,-0.0007710038,stable
5447,5447,0.99928224,0.013289999,0.0165,0.0032100007,0.0032100007,0.0009592894,0.0019516111,0.0009923218,stable
164,164,0.9992824,0.00122,0.00099,-0.00023,0.00023,4.1874962e-05,3.481913e-05,-7.055831e-06,stable
2200,2200,0.9992826,0.017239999,0.01695,-0.00028999895,0.00028999895,0.0076070945,0.0067270715,-0.000880023,stable
3990,3990,0.99928284,0.01619,0.01628,8.999929e-05,8.999929e-05,0.0010924652,0.0016834631,0.00059099786,stable
5162,5162,0.9992833,0.01695,0.01524,-0.0017100004,0.0017100004,0.0056185047,0.0025454187,-0.003073086,stable
1327,1327,0.9992837,0.018099999,0.0179,-0.00019999966,0.00019999966,0.010537979,0.010103236,-0.00043474324,stable
2219,2219,0.999284,0.01759,0.01752,-7.000007e-05,7.000007e-05,0.0035591638,0.0033278319,-0.00023133191,stable
4856,4856,0.9992841,0.01722,0.01682,-0.00039999932,0.00039999932,0.00250406,0.0025420904,3.8030325e-05,stable
1899,1899,0.99928486,0.0049699997,0.00111,-0.0038599996,0.0038599996,4.83185e-05,2.6274824e-05,-2.2043676e-05,stable
4152,4152,0.99928486,0.01723,0.017169999,-6.000139e-05,6.000139e-05,0.0021516553,0.0032411267,0.0010894714,stable
379,379,0.9992858,0.01681,0.016929999,0.00011999905,0.00011999905,0.0023986592,0.0034881677,0.0010895084,stable
5312,5312,0.99928594,0.00055999996,0.00064,8.000003e-05,8.000003e-05,1.3192781e-05,1.7574423e-05,4.3816417e-06,stable
1026,1026,0.999286,0.00118,0.008839999,0.007659999,0.007659999,2.2667984e-05,0.00023443047,0.00021176248,stable
4363,4363,0.999286,0.01737,0.01684,-0.0005300008,0.0005300008,0.0024953028,0.0012607712,-0.0012345316,stable
706,706,0.99928606,0.01745,0.01691,-0.00053999946,0.00053999946,0.0020128647,0.0018040771,-0.00020878762,stable
1558,1558,0.9992864,0.00392,0.00086,-0.00306,0.00306,4.1105355e-05,2.3276443e-05,-1.7828912e-05,stable
3010,3010,0.9992864,0.01234,0.0088599995,-0.0034800004,0.0034800004,0.0011601251,0.00073556113,-0.000424564,stable
6052,6052,0.9992869,0.01714,0.01684,-0.0002999995,0.0002999995,0.004489015,0.003422165,-0.0010668498,stable
3987,3987,0.999287,0.0069,0.00094999996,-0.00595,0.00595,7.312661e-05,2.8722605e-05,-4.4404005e-05,stable
4286,4286,0.9992871,0.00949,0.0055299997,-0.0039600004,0.0039600004,0.00036846174,6.3059175e-05,-0.00030540256,stable
4395,4395,0.9992871,0.01454,0.00914,-0.0054,0.0054,0.0019022519,0.0011832532,-0.0007189986,stable
100,100,0.9992878,0.01785,0.01687,-0.000980001,0.000980001,0.0029211377,0.0025165689,-0.00040456885,stable
1302,1302,0.99928784,0.01756,0.01635,-0.0012100004,0.0012100004,0.003545937,0.0027599004,-0.0007860365,stable
1140,1140,0.9992887,0.00099,0.00081,-0.00017999997,0.00017999997,3.505435e-05,2.3921302e-05,-1.1133046e-05,stable
4942,4942,0.99928904,0.0052,0.00068,-0.00452,0.00452,3.198293e-05,1.9222554e-05,-1.2760376e-05,stable
5755,5755,0.99928904,0.0024599999,0.00074,-0.0017199998,0.0017199998,3.3380536e-05,1.7843791e-05,-1.5536745e-05,stable
3823,3823,0.9992893,0.0167,0.00544,-0.011259999,0.011259999,0.00039519355,7.706085e-05,-0.0003181327,stable
3518,3518,0.99929,0.01687,0.01673,-0.00014000013,0.00014000013,0.0029329562,0.0040699923,0.0011370361,stable
2013,2013,0.9992902,0.017099999,0.01675,-0.00034999847,0.00034999847,0.004700079,0.002961361,-0.001738718,stable
4016,4016,0.9992902,0.01346,0.01492,0.0014599999,0.0014599999,0.00079671835,0.00083697063,4.0252286e-05,stable
2595,2595,0.99929035,0.016889999,0.016689999,-0.00019999966,0.00019999966,0.004107415,0.00449517,0.00038775476,stable
3557,3557,0.9992905,0.0169,0.01708,0.00018000044,0.00018000044,0.004282963,0.0040480257,-0.0002349373,stable
3274,3274,0.99929124,0.01726,0.01714,-0.000120000914,0.000120000914,0.0063365097,0.006574071,0.0002375613,stable
2465,2465,0.9992915,0.00435,0.00111,-0.00324,0.00324,4.834362e-05,3.065797e-05,-1.7685648e-05,stable
5193,5193,0.9992915,0.013069999,0.00943,-0.0036399998,0.0036399998,0.00096880825,0.00063516945,-0.0003336388,stable
3799,3799,0.99929154,0.00179,0.00771,0.00592,0.00592,3.807298e-05,7.128206e-05,3.3209082e-05,stable
5436,5436,0.99929154,0.01721,0.01705,-0.00015999936,0.00015999936,0.0057371925,0.0053265123,-0.0004106802,stable
149,149,0.99929166,0.01613,0.00842,-0.0077100005,0.0077100005,0.00202882,0.0007607942,-0.001268026,stable
2115,2115,0.9992918,0.0123,0.00883,-0.0034699999,0.0034699999,0.0012344074,0.00040719105,-0.00082721637,stable
2445,2445,0.99929184,0.01737,0.017029999,-0.00034000166,0.00034000166,0.006675186,0.005061889,-0.001613297,stable
4664,4664,0.99929285,0.00841,0.00949,0.0010799998,0.0010799998,0.00018403018,0.0008392774,0.00065524725,stable
1509,1509,0.9992933,0.01759,0.01729,-0.0002999995,0.0002999995,0.004673687,0.004366993,-0.00030669384,stable
294,294,0.9992935,0.00387,0.016139999,0.012269999,0.012269999,6.906441e-05,0.00045555623,0.00038649183,stable
1652,1652,0.9992945,0.014149999,0.0136899995,-0.00045999978,0.00045999978,0.0012912638,0.0014476678,0.00015640398,stable
3725,3725,0.999295,0.0010299999,0.00853,0.0075000003,0.0075000003,3.1647378e-05,0.00012419831,9.255094e-05,stable
5580,5580,0.9992952,0.00059,0.00054,-5.000003e-05,5.000003e-05,2.2981312e-05,1.7780618e-05,-5.2006944e-06,stable
5982,5982,0.99929535,0.01574,0.013599999,-0.0021400005,0.0021400005,0.0016929102,0.0014449935,-0.00024791667,stable
1570,1570,0.999296,0.0143,0.013069999,-0.0012300005,0.0012300005,0.0004710742,0.00037675787,-9.431632e-05,stable
3389,3389,0.9992963,0.0148,0.01606,0.0012600003,0.0012600003,0.0017507452,0.002655867,0.0009051218,stable
4568,4568,0.9992963,0.013909999,0.0123,-0.0016099997,0.0016099997,0.0015700134,0.0013174152,-0.0002525982,stable
2714,2714,0.99929655,0.01715,0.01719,4.0000305e-05,4.0000305e-05,0.0026117992,0.00421603,0.0016042306,stable
691,691,0.99929667,0.01794,0.01754,-0.00039999932,0.00039999932,0.0036317192,0.0030566482,-0.00057507097,stable
1237,1237,0.9992981,0.00857,0.01291,0.0043400005,0.0043400005,0.00036974478,0.0010303252,0.0006605804,stable
1731,1731,0.99929845,0.01613,0.01401,-0.0021200003,0.0021200003,0.0020113841,0.0016937715,-0.00031761266,stable
4576,4576,0.99929845,0.0008,0.008239999,0.0074399994,0.0074399994,2.9914088e-05,0.00016961318,0.00013969908,stable
3605,3605,0.99929875,0.01639,0.01574,-0.0006499998,0.0006499998,0.0015607657,0.0013352224,-0.00022554328,stable
1217,1217,0.99929917,0.01418,0.0104,-0.00378,0.00378,0.00128019,0.0007355597,-0.0005446303,stable
1917,1917,0.9993019,0.0177,0.016549999,-0.0011500008,0.0011500008,0.0027474554,0.0019174002,-0.0008300552,stable
6114,6114,0.999302,0.01785,0.017169999,-0.00068000145,0.00068000145,0.0042160037,0.0043185055,0.00010250183,stable
5951,5951,0.99930227,0.0009,0.00075,-0.00014999998,0.00014999998,4.1470063e-05,2.6783604e-05,-1.4686459e-05,stable
2160,2160,0.99930257,0.014789999,0.01582,0.0010300009,0.0010300009,0.0010377753,0.001336424,0.00029864872,stable
5002,5002,0.9993026,0.00878,0.0084999995,-0.00028000027,0.00028000027,0.00032298942,0.00018116056,-0.00014182886,stable
1802,1802,0.99930286,0.00869,0.01187,0.00318,0.00318,0.0010398444,0.0012098782,0.00017003389,stable
3546,3546,0.99930346,0.00918,0.00863,-0.00055,0.00055,0.000980508,0.00047768603,-0.000502822,stable
5612,5612,0.9993036,0.00084999995,0.0128999995,0.012049999,0.012049999,2.7991658e-05,0.00040308802,0.00037509637,stable
5522,5522,0.9993037,0.0169,0.01664,-0.0002599992,0.0002599992,0.0041457503,0.0025779097,-0.0015678406,stable
2439,2439,0.99930394,0.009699999,0.00892,-0.0007799994,0.0007799994,0.00022774377,0.00014360315,-8.414063e-05,stable
4534,4534,0.9993042,0.015029999,0.01318,-0.0018499997,0.0018499997,0.0010518669,0.0010081694,-4.369754e-05,stable
3884,3884,0.9993044,0.0174,0.017239999,-0.00016000122,0.00016000122,0.007965273,0.007856961,-0.000108311884,stable
1606,1606,0.99930537,0.01691,0.01495,-0.00196,0.00196,0.002122443,0.0010462683,-0.0010761747,stable
2730,2730,0.9993055,0.01449,0.014649999,0.00015999936,0.00015999936,0.00057242136,0.000529183,-4.323834e-05,stable
1264,1264,0.9993063,0.00877,0.00865,-0.00011999998,0.00011999998,0.0008348236,0.00068182003,-0.00015300355,stable
649,649,0.99930656,0.0021199998,0.00101,-0.0011099998,0.0011099998,2.9691386e-05,2.2555005e-05,-7.136381e-06,stable
1599,1599,0.9993068,0.0168,0.01605,-0.00074999966,0.00074999966,0.0030093526,0.0028469164,-0.00016243616,stable
4299,4299,0.9993068,0.013429999,0.013789999,0.00035999995,0.00035999995,0.0005720947,0.00036610838,-0.00020598632,stable
4321,4321,0.99930733,0.017409999,0.01732,-8.999929e-05,8.999929e-05,0.008559786,0.0075667137,-0.000993072,stable
1379,1379,0.9993082,0.00318,0.00093,-0.00225,0.00225,2.7540224e-05,2.1848182e-05,-5.6920417e-06,stable
5490,5490,0.9993082,0.01742,0.016999999,-0.0004200004,0.0004200004,0.0039028588,0.004215695,0.00031283614,stable
2839,2839,0.99930835,0.017509999,0.01705,-0.00045999885,0.00045999885,0.0027076427,0.0025564143,-0.00015122839,stable
883,883,0.99930894,0.01742,0.0011199999,-0.0163,0.0163,0.0019466282,3.383888e-05,-0.0019127893,stable
5540,5540,0.99930966,0.00882,0.008549999,-0.00027000066,0.00027000066,0.0010160253,0.00052173994,-0.00049428537,stable
892,892,0.9993099,0.01692,0.01456,-0.0023600003,0.0023600003,0.0018026346,0.00097539776,-0.0008272368,stable
1390,1390,0.9993099,0.01046,0.00908,-0.0013799993,0.0013799993,0.0010013098,0.0006831251,-0.00031818473,stable
6041,6041,0.99931,0.01811,0.0178,-0.00031000003,0.00031000003,0.007984127,0.008545323,0.00056119636,stable
1656,1656,0.9993104,0.01675,0.00985,-0.0069000004,0.0069000004,0.0024991122,0.0010168803,-0.0014822319,stable
274,274,0.999311,0.00853,0.00854,9.9996105e-06,9.9996105e-06,0.0004839965,0.00082196685,0.00033797036,stable
3465,3465,0.999311,0.00834,0.00846,0.00011999998,0.00011999998,0.00014873904,0.00017507793,2.6338894e-05,stable
5970,5970,0.99931157,0.017269999,0.01719,-7.999875e-05,7.999875e-05,0.0072617293,0.0062183556,-0.0010433737,stable
3095,3095,0.9993117,0.01745,0.01722,-0.00022999942,0.00022999942,0.006009107,0.0056365365,-0.00037257047,stable
637,637,0.9993118,0.017749999,0.017269999,-0.00047999993,0.00047999993,0.008481607,0.008630445,0.00014883839,stable
2498,2498,0.99931216,0.00691,0.0088,0.00189,0.00189,7.9872174e-05,0.00035668188,0.0002768097,stable
3423,3423,0.99931264,0.0014599999,0.0027599998,0.0012999999,0.0012999999,3.4970846e-05,4.4779634e-05,9.808788e-06,stable
960,960,0.999313,0.01743,0.01601,-0.0014200006,0.0014200006,0.0010348288,0.0005977036,-0.0004371252,stable
3973,3973,0.9993137,0.00087,0.0010299999,0.00015999994,0.00015999994,3.1811087e-05,2.9673056e-05,-2.138031e-06,stable
955,955,0.99931407,0.00866,0.00866,0.0,0.0,0.00034493412,0.0004237905,7.885639e-05,stable
2896,2896,0.9993142,0.01559,0.01493,-0.00066000037,0.00066000037,0.001389186,0.0015219867,0.00013280066,stable
1743,1743,0.99931467,0.00059,0.00049999997,-9.0000045e-05,9.0000045e-05,1.6929675e-05,1.7393746e-05,4.640715e-07,stable
4250,4250,0.9993149,0.00153,0.00121,-0.00032,0.00032,3.1818843e-05,3.15298e-05,-2.890447e-07,stable
606,606,0.99931514,0.00806,0.00988,0.0018199999,0.0018199999,9.8249984e-05,0.0002545576,0.00015630762,stable
1003,1003,0.9993156,0.0019699999,0.015059999,0.01309,0.01309,3.5255587e-05,0.00030730816,0.00027205257,stable
5402,5402,0.9993156,0.008599999,0.00985,0.0012500007,0.0012500007,0.0003878758,0.00037688116,-1.0994641e-05,stable
6004,6004,0.9993156,0.010489999,0.01036,-0.0001299996,0.0001299996,0.0011127192,0.0010191231,-9.3596056e-05,stable
357,357,0.99931574,0.017239999,0.01697,-0.00026999973,0.00026999973,0.007226298,0.0061448705,-0.0010814276,stable
5854,5854,0.99931574,0.00882,0.00399,-0.00483,0.00483,0.0005269343,2.4292307e-05,-0.00050264195,stable
2966,2966,0.99931586,0.008599999,0.00078999996,-0.0078099994,0.0078099994,0.0003379646,2.5383348e-05,-0.00031258125,stable
2856,2856,0.999316,0.01721,0.017129999,-8.000061e-05,8.000061e-05,0.006713149,0.005476224,-0.0012369254,stable
5842,5842,0.9993162,0.01344,0.0123499995,-0.0010900004,0.0010900004,0.0015119897,0.00161406,0.00010207028,stable
130,130,0.9993168,0.017169999,0.01698,-0.00018999912,0.00018999912,0.0074057737,0.008866843,0.0014610691,stable
1280,1280,0.9993171,0.01701,0.017129999,0.00011999905,0.00011999905,0.0058154077,0.006582457,0.0007670494,stable
3385,3385,0.9993173,0.01215,0.00935,-0.0028,0.0028,0.0006056434,0.00013321365,-0.00047242973,stable
5199,5199,0.99931747,0.0024299999,0.008669999,0.0062399996,0.0062399996,4.9547925e-05,0.0003138625,0.00026431456,stable
4066,4066,0.9993176,0.01688,0.01575,-0.0011299998,0.0011299998,0.002946032,0.002402842,-0.00054318993,stable
940,940,0.99931777,0.014939999,0.01457,-0.00036999956,0.00036999956,0.0010056001,0.000835182,-0.00017041806,stable
2762,2762,0.99931777,0.01715,0.017239999,8.999929e-05,8.999929e-05,0.0049293516,0.00394279,-0.0009865616,stable
4409,4409,0.99931824,0.008479999,0.00091999996,-0.0075599994,0.0075599994,0.00038375464,2.6658057e-05,-0.00035709658,stable
1601,1601,0.9993183,0.00882,0.0012899999,-0.00753,0.00753,0.00042386982,4.481857e-05,-0.00037905126,stable
4136,4136,0.9993185,0.00422,0.00062,-0.0036,0.0036,3.618274e-05,1.6226984e-05,-1.9955756e-05,stable
2321,2321,0.99931866,0.00873,0.0067499997,-0.0019800002,0.0019800002,0.00018963065,5.5545843e-05,-0.00013408481,stable
4754,4754,0.9993187,0.01555,0.0131,-0.0024499996,0.0024499996,0.0010019259,0.0009914472,-1.04786595e-05,stable
1713,1713,0.99931896,0.01809,0.01764,-0.00045000017,0.00045000017,0.00362615,0.0037218945,9.5744384e-05,stable
699,699,0.9993191,0.00864,0.008549999,-9.000022e-05,9.000022e-05,0.0011031447,0.00050949445,-0.0005936503,stable
5100,5100,0.9993191,0.0088,0.00987,0.0010700002,0.0010700002,0.0009836534,0.0009745798,-9.073585e-06,stable
1110,1110,0.99931943,0.01647,0.01604,-0.00043000095,0.00043000095,0.00040676608,0.00038795735,-1.8808729e-05,stable
4230,4230,0.9993195,0.01735,0.01694,-0.00040999986,0.00040999986,0.008859169,0.008565745,-0.00029342342,stable
695,695,0.9993198,0.01761,0.0164,-0.0012100004,0.0012100004,0.0036253473,0.0023573842,-0.0012679631,stable
2166,2166,0.9993199,0.01528,0.01449,-0.00078999996,0.00078999996,0.0014900037,0.0014511691,-3.883452e-05,stable
5770,5770,0.99932,0.010919999,0.010439999,-0.00047999993,0.00047999993,0.0010602982,0.0008321005,-0.00022819766,stable
2198,2198,0.9993204,0.01677,0.01675,-1.9999221e-05,1.9999221e-05,0.0059450534,0.0064013572,0.00045630382,stable
2518,2518,0.99932075,0.01681,0.016339999,-0.00047000125,0.00047000125,0.001306866,0.0010363869,-0.000270479,stable
3722,3722,0.9993213,0.00787,0.0087399995,0.00086999964,0.00086999964,0.00010525785,0.00045365797,0.00034840012,stable
6121,6121,0.99932134,0.01017,0.01081,0.0006400002,0.0006400002,0.0010119153,0.0009285543,-8.3360996e-05,stable
208,208,0.99932194,0.017239999,0.01706,-0.00017999858,0.00017999858,0.004737161,0.0059178905,0.0011807294,stable
4109,4109,0.99932206,0.011589999,0.00976,-0.0018299995,0.0018299995,0.00096727215,0.00084769115,-0.000119581004,stable
2644,2644,0.999323,0.01661,0.014409999,-0.002200001,0.002200001,0.0025832201,0.0016089611,-0.000974259,stable
4217,4217,0.99932307,0.00078999996,0.00059,-0.00019999995,0.00019999995,3.9576375e-05,2.501038e-05,-1.4565994e-05,stable
2265,2265,0.9993235,0.01353,0.00845,-0.0050800005,0.0050800005,0.0022147608,0.0013895399,-0.00082522084,stable
1766,1766,0.9993237,0.0083099995,0.0016099999,-0.0067,0.0067,0.000324392,2.2832422e-05,-0.00030155957,stable
52,52,0.9993242,0.00101,0.00075999997,-0.00025000004,0.00025000004,3.4311543e-05,2.3454884e-05,-1.0856658e-05,stable
5910,5910,0.9993246,0.017479999,0.01762,0.00014000013,0.00014000013,0.00625036,0.005670814,-0.0005795462,stable
1831,1831,0.9993248,0.01773,0.01729,-0.00043999963,0.00043999963,0.0046089212,0.0036455516,-0.0009633696,stable
3550,3550,0.9993251,0.01746,0.01719,-0.00026999973,0.00026999973,0.005258908,0.0048618885,-0.00039701955,stable
631,631,0.99932593,0.01667,0.01661,-5.9999526e-05,5.9999526e-05,0.0028055175,0.0042436454,0.0014381278,stable
5224,5224,0.99932647,0.01725,0.017199999,-5.0000846e-05,5.0000846e-05,0.0069620986,0.005986299,-0.00097579975,stable
436,436,0.9993267,0.00854,0.00835,-0.00019000005,0.00019000005,0.000655444,0.00044054983,-0.00021489416,stable
2392,2392,0.99932694,0.017239999,0.015899999,-0.00134,0.00134,0.0021154538,0.001871515,-0.00024393888,stable
4172,4172,0.9993273,0.01688,0.01721,0.00032999925,0.00032999925,0.0029056976,0.003466175,0.0005604774,stable
5134,5134,0.99932766,0.01475,0.01702,0.00227,0.00227,0.00063118077,0.0022968033,0.0016656225,stable
6065,6065,0.99932766,0.00074,0.00061,-0.00013,0.00013,2.9991874e-05,2.273374e-05,-7.2581333e-06,stable
1903,1903,0.99932814,0.01709,0.01705,-4.0000305e-05,4.0000305e-05,0.0066163815,0.006538712,-7.766951e-05,stable
414,414,0.9993286,0.00125,0.00062,-0.00062999997,0.00062999997,3.413823e-05,2.9668565e-05,-4.4696644e-06,stable
301,301,0.99932885,0.00838,0.00814,-0.00023999996,0.00023999996,0.0005480912,0.00049162144,-5.6469755e-05,stable
581,581,0.9993293,0.0088599995,0.012329999,0.0034699999,0.0034699999,0.00011095621,0.00028112583,0.00017016963,stable
2898,2898,0.9993293,0.01726,0.0168,-0.0004600007,0.0004600007,0.0014012564,0.0016554275,0.0002541711,stable
6116,6116,0.99932945,0.0089,0.00207,-0.00683,0.00683,0.00032229055,2.89617e-05,-0.00029332886,stable
434,434,0.99932957,0.016959999,0.01637,-0.00058999844,0.00058999844,0.0026789226,0.0027936304,0.00011470774,stable
543,543,0.9993298,0.00968,0.0127,0.0030199997,0.0030199997,0.00085306034,0.0010566454,0.00020358508,stable
474,474,0.9993303,0.01165,0.01224,0.0005900003,0.0005900003,0.0009293182,0.0005476828,-0.0003816354,stable
4693,4693,0.9993303,0.01723,0.01695,-0.00028000027,0.00028000027,0.006299235,0.0056032725,-0.00069596246,stable
5155,5155,0.9993305,0.00974,0.008839999,-0.00090000033,0.00090000033,0.00045413218,0.00023195022,-0.00022218196,stable
5499,5499,0.9993305,0.00998,0.008719999,-0.0012600003,0.0012600003,0.00062047987,0.0003486714,-0.00027180847,stable
5990,5990,0.9993308,0.00861,0.00853,-7.999968e-05,7.999968e-05,0.00018706529,0.0005521604,0.0003650951,stable
34,34,0.9993309,0.00125,0.0008,-0.00045,0.00045,4.611001e-05,3.1704658e-05,-1.4405352e-05,stable
2226,2226,0.99933124,0.01786,0.01757,-0.00028999895,0.00028999895,0.0066640493,0.0063927923,-0.000271257,stable
1822,1822,0.9993315,0.01709,0.016859999,-0.00023000129,0.00023000129,0.0054707914,0.0055138795,4.3088105e-05,stable
3597,3597,0.9993317,0.016449999,0.014819999,-0.0016299998,0.0016299998,0.0011918105,0.0011058839,-8.5926615e-05,stable
3552,3552,0.99933225,0.01706,0.015459999,-0.001600001,0.001600001,0.0026440537,0.00092327787,-0.0017207759,stable
4214,4214,0.9993323,0.010849999,0.0126,0.0017500008,0.0017500008,0.00049528235,0.0005918483,9.656593e-05,stable
1921,1921,0.9993324,0.00974,0.00907,-0.00067,0.00067,0.00074718136,0.00036869597,-0.0003784854,stable
1306,1306,0.99933255,0.011279999,0.008359999,-0.0029199999,0.0029199999,0.0012559353,0.0009650664,-0.00029086886,stable
2420,2420,0.99933255,0.010369999,0.01007,-0.0002999995,0.0002999995,0.0009598077,0.0009221145,-3.7693244e-05,stable
1467,1467,0.999333,0.01706,0.0128999995,-0.004160001,0.004160001,0.0026256437,0.0017493304,-0.0008763133,stable
967,967,0.99933326,0.00084,0.0069199996,0.0060799997,0.0060799997,3.295965e-05,6.596415e-05,3.30045e-05,stable
844,844,0.9993334,0.00841,0.00084,-0.0075700004,0.0075700004,0.000721508,2.1265238e-05,-0.00070024276,stable
4290,4290,0.9993334,0.017169999,0.01708,-8.999929e-05,8.999929e-05,0.0048921625,0.004335757,-0.00055640563,stable
659,659,0.9993335,0.01646,0.015459999,-0.0010000002,0.0010000002,0.0023745403,0.0019557434,-0.0004187969,stable
3165,3165,0.9993336,0.01578,0.016889999,0.0011099987,0.0011099987,0.0011380924,0.0018958469,0.00075775455,stable
5989,5989,0.99933404,0.01704,0.01718,0.00014000013,0.00014000013,0.002089091,0.002590345,0.0005012539,stable
3575,3575,0.9993344,0.01153,0.01517,0.0036399998,0.0036399998,0.001217697,0.001532274,0.0003145769,stable
4628,4628,0.99933547,0.017029999,0.0130199995,-0.0040099993,0.0040099993,0.002646757,0.0014248494,-0.0012219077,stable
5248,5248,0.9993355,0.01743,0.016929999,-0.000500001,0.000500001,0.0081776,0.0060598794,-0.0021177204,stable
582,582,0.9993365,0.00949,0.01014,0.0006499998,0.0006499998,0.000715613,0.00065208174,-6.3531275e-05,stable
1342,1342,0.9993366,0.01766,0.016929999,-0.00073000044,0.00073000044,0.0038066162,0.00282331,-0.0009833062,stable
382,382,0.9993367,0.011709999,0.01077,-0.0009399997,0.0009399997,0.00056280155,0.00042331615,-0.0001394854,stable
1428,1428,0.99933684,0.01456,0.01613,0.0015700003,0.0015700003,0.0012780088,0.0018436855,0.0005656767,stable
868,868,0.9993372,0.013839999,0.01468,0.0008400008,0.0008400008,0.0014127252,0.0017930297,0.00038030453,stable
3760,3760,0.9993373,0.01225,0.01115,-0.0011,0.0011,0.0013581674,0.001238553,-0.000119614415,stable
3140,3140,0.99933743,0.017409999,0.01729,-0.00011999905,0.00011999905,0.003489385,0.003530512,4.1127205e-05,stable
5205,5205,0.9993379,0.016169999,0.01352,-0.0026499992,0.0026499992,0.0017856347,0.0014399575,-0.00034567714,stable
1730,1730,0.99933827,0.01685,0.01678,-7.000007e-05,7.000007e-05,0.0060010813,0.005652402,-0.00034867926,stable
1080,1080,0.9993384,0.01771,0.017509999,-0.00020000152,0.00020000152,0.0028966991,0.002986983,9.028381e-05,stable
1227,1227,0.99933916,0.009099999,0.00117,-0.007929999,0.007929999,0.00016123599,3.762642e-05,-0.00012360957,stable
370,370,0.99933934,0.01564,0.01578,0.00014000013,0.00014000013,0.0017526405,0.001980953,0.00022831245,stable
6003,6003,0.99933964,0.01763,0.016999999,-0.0006300006,0.0006300006,0.0035467802,0.0031329107,-0.0004138695,stable
1714,1714,0.9993398,0.0084,0.00494,-0.0034599998,0.0034599998,0.00021492012,3.4052668e-05,-0.00018086744,stable
667,667,0.9993402,0.00894,0.00869,-0.0002500005,0.0002500005,0.0013826692,0.001351335,-3.133423e-05,stable
1206,1206,0.9993403,0.013739999,0.01227,-0.0014699996,0.0014699996,0.0018798485,0.0016484491,-0.00023139943,stable
3320,3320,0.9993404,0.00821,0.010439999,0.0022299998,0.0022299998,0.00012276789,0.00048099188,0.00035822397,stable
5056,5056,0.9993407,0.01604,0.01485,-0.0011899993,0.0011899993,0.0009519234,0.00063053716,-0.0003213862,stable
5113,5113,0.9993408,0.0148,0.015249999,0.00044999924,0.00044999924,0.0014996893,0.0014130431,-8.664618e-05,stable
3478,3478,0.99934083,0.016789999,0.016479999,-0.00031000003,0.00031000003,0.004101302,0.0027093077,-0.0013919943,stable
6135,6135,0.9993409,0.01023,0.0155,0.0052699996,0.0052699996,0.0011058288,0.0017052714,0.00059944263,stable
4775,4775,0.99934137,0.01715,0.01698,-0.0001699999,0.0001699999,0.007939764,0.007892271,-4.7493726e-05,stable
1833,1833,0.9993415,0.00818,0.0007,-0.00748,0.00748,0.000120758,2.1784295e-05,-9.89737e-05,stable
1361,1361,0.9993416,0.0082,0.00918,0.00098,0.00098,0.0005574806,0.0010306096,0.00047312898,stable
3591,3591,0.9993418,0.01738,0.01735,-2.9999763e-05,2.9999763e-05,0.0043316777,0.003665673,-0.0006660046,stable
4999,4999,0.99934185,0.01719,0.01677,-0.0004200004,0.0004200004,0.0025400037,0.0020525274,-0.00048747635,stable
2248,2248,0.99934196,0.01774,0.01726,-0.00047999993,0.00047999993,0.0015760662,0.0024247856,0.0008487194,stable
5720,5720,0.9993421,0.009509999,0.0092,-0.0003099991,0.0003099991,0.00092686684,0.00089906104,-2.78058e-05,stable
3,3,0.99934256,0.00047,0.00031,-0.00016,0.00016,1.8146533e-05,1.0340136e-05,-7.806397e-06,stable
4746,4746,0.99934256,0.017239999,0.017339999,9.999983e-05,9.999983e-05,0.0054845456,0.0050629596,-0.00042158598,stable
1260,1260,0.9993428,0.01575,0.01322,-0.0025300002,0.0025300002,0.0013584634,0.0009480824,-0.000410381,stable
3590,3590,0.9993428,0.01004,0.00936,-0.0006800005,0.0006800005,0.0014128225,0.0009824127,-0.0004304098,stable
6024,6024,0.99934286,0.01548,0.0092899995,-0.00619,0.00619,0.0016515569,0.0011011022,-0.0005504547,stable
999,999,0.99934304,0.0157,0.0148,-0.0008999994,0.0008999994,0.0018357497,0.0017310015,-0.00010474818,stable
1038,1038,0.99934304,0.01659,0.01633,-0.0002599992,0.0002599992,0.0031910504,0.0030964296,-9.4620744e-05,stable
3113,3113,0.99934316,0.01702,0.015689999,-0.0013300013,0.0013300013,0.0029317425,0.002452513,-0.0004792295,stable
3965,3965,0.9993433,0.01657,0.01589,-0.0006799996,0.0006799996,0.0029151142,0.0023581204,-0.00055699376,stable
3470,3470,0.9993434,0.00477,0.00116,-0.00361,0.00361,4.6203106e-05,3.0326331e-05,-1.5876774e-05,stable
3116,3116,0.999344,0.017339999,0.01676,-0.00057999976,0.00057999976,0.0014406381,0.00072222366,-0.00071841443,stable
5761,5761,0.9993441,0.01767,0.0176,-7.000007e-05,7.000007e-05,0.0023890312,0.0025298456,0.00014081434,stable
966,966,0.99934417,0.01735,0.01674,-0.0006099995,0.0006099995,0.003511953,0.0020621845,-0.0014497684,stable
1497,1497,0.9993442,0.00846,0.00835,-0.00011000037,0.00011000037,0.001345903,0.0011291925,-0.0002167105,stable
3366,3366,0.9993442,0.0174,0.017099999,-0.00030000135,0.00030000135,0.0021317936,0.0039865524,0.0018547587,stable
5900,5900,0.9993442,0.00959,0.0103899995,0.0007999996,0.0007999996,0.00050305435,0.00043698226,-6.60721e-05,stable
3254,3254,0.999345,0.0087,0.008359999,-0.00034000073,0.00034000073,0.00023893038,0.00036239074,0.00012346036,stable
4890,4890,0.99934506,0.01749,0.0116,-0.0058899997,0.0058899997,0.0020081108,0.00052421796,-0.0014838928,stable
5008,5008,0.99934536,0.01778,0.01753,-0.0002500005,0.0002500005,0.0047885887,0.0038880717,-0.000900517,stable
3364,3364,0.99934554,0.01605,0.01201,-0.00404,0.00404,0.0007711385,0.00047474029,-0.00029639824,stable
1563,1563,0.99934566,0.01787,0.01723,-0.0006399993,0.0006399993,0.0011157339,0.0012406345,0.0001249006,stable
2876,2876,0.9993458,0.01711,0.016959999,-0.00015000068,0.00015000068,0.0051343553,0.0041042613,-0.001030094,stable
1030,1030,0.99934626,0.017169999,0.01721,4.0000305e-05,4.0000305e-05,0.0033457058,0.003753844,0.00040813815,stable
6075,6075,0.9993467,0.00844,0.00859,0.00014999975,0.00014999975,0.0005014516,0.0007033749,0.0002019233,stable
1062,1062,0.99934685,0.016449999,0.01627,-0.00017999858,0.00017999858,0.0008501295,0.0010307896,0.00018066005,stable
5236,5236,0.9993477,0.00823,0.00822,-9.9996105e-06,9.9996105e-06,0.0005223703,0.0005715395,4.9169234e-05,stable
2643,2643,0.99934787,0.017199999,0.01708,-0.00011999905,0.00011999905,0.0042370576,0.0040963413,-0.00014071632,stable
95,95,0.99934804,0.017549999,0.01664,-0.000909999,0.000909999,0.0022731673,0.0021704051,-0.00010276213,stable
3196,3196,0.99934834,0.008719999,0.00097,-0.0077499994,0.0077499994,0.00015018752,3.654447e-05,-0.00011364305,stable
461,461,0.9993489,0.010249999,0.01322,0.0029700007,0.0029700007,0.0009662975,0.001359065,0.00039276743,stable
265,265,0.9993498,0.01714,0.01704,-9.999983e-05,9.999983e-05,0.003521893,0.0026625025,-0.0008593905,stable
5571,5571,0.999351,0.0173,0.01659,-0.0007100012,0.0007100012,0.0039196974,0.0023296312,-0.0015900661,stable
1482,1482,0.9993513,0.01517,0.01456,-0.0006099995,0.0006099995,0.000968486,0.0008855203,-8.296571e-05,stable
1896,1896,0.9993515,0.017099999,0.01684,-0.0002599992,0.0002599992,0.0024154317,0.0019372506,-0.00047818106,stable
1488,1488,0.99935174,0.016789999,0.01684,5.0000846e-05,5.0000846e-05,0.0022348664,0.0024736396,0.00023877318,stable
1490,1490,0.99935293,0.01745,0.017129999,-0.00032000057,0.00032000057,0.0034962443,0.003191801,-0.0003044433,stable
2023,2023,0.99935305,0.01695,0.01687,-8.000061e-05,8.000061e-05,0.0049564377,0.0061879135,0.0012314757,stable
4843,4843,0.99935305,0.0041199997,0.012329999,0.00821,0.00821,3.8644732e-05,0.00039411098,0.00035546624,stable
268,268,0.99935365,0.01719,0.01684,-0.00035000034,0.00035000034,0.0023597737,0.002848631,0.0004888573,stable
565,565,0.9993537,0.01706,0.01683,-0.00023000129,0.00023000129,0.004666891,0.005219449,0.0005525579,stable
3397,3397,0.9993549,0.01674,0.01232,-0.00442,0.00442,0.0010058432,0.00052932167,-0.0004765215,stable
4529,4529,0.9993551,0.00925,0.00883,-0.0004200004,0.0004200004,0.0009270052,0.00062409265,-0.00030291255,stable
2628,2628,0.99935526,0.00061,0.00049,-0.00011999998,0.00011999998,2.2188882e-05,1.8594455e-05,-3.5944267e-06,stable
19,19,0.9993555,0.008479999,0.00101,-0.0074699996,0.0074699996,0.0001809381,2.1708262e-05,-0.00015922985,stable
3191,3191,0.9993559,0.011419999,0.015579999,0.00416,0.00416,0.000687312,0.001227563,0.000540251,stable
5265,5265,0.999356,0.008599999,0.007999999,-0.0005999999,0.0005999999,0.00037314292,0.00011630101,-0.00025684191,stable
5076,5076,0.9993561,0.017339999,0.01574,-0.0015999991,0.0015999991,0.0016831039,0.0012932944,-0.0003898095,stable
1573,1573,0.99935615,0.01783,0.01756,-0.00026999973,0.00026999973,0.0057672667,0.004421108,-0.0013461588,stable
5880,5880,0.9993562,0.0089,0.00289,-0.0060099997,0.0060099997,0.0005162786,3.9665112e-05,-0.0004766135,stable
1370,1370,0.9993566,0.00064,0.00062,-1.9999978e-05,1.9999978e-05,2.0017811e-05,2.1809377e-05,1.7915663e-06,stable
4141,4141,0.9993566,0.01677,0.01598,-0.00078999996,0.00078999996,0.0018520204,0.0018440228,-7.997616e-06,stable
4097,4097,0.99935675,0.01728,0.017029999,-0.0002500005,0.0002500005,0.00973948,0.009165694,-0.000573786,stable
5700,5700,0.99935675,0.00904,0.008839999,-0.00020000059,0.00020000059,0.0006396936,0.00049010257,-0.00014959101,stable
4626,4626,0.9993572,0.015789999,0.01613,0.00034000166,0.00034000166,0.001900011,0.0022874165,0.0003874055,stable
1179,1179,0.99935734,0.00091,0.00086,-5.000003e-05,5.000003e-05,3.9151313e-05,3.2812586e-05,-6.338727e-06,stable
640,640,0.99935746,0.01732,0.01683,-0.0004900005,0.0004900005,0.004483386,0.0023678318,-0.0021155542,stable
2645,2645,0.99935794,0.0101499995,0.01,-0.00014999975,0.00014999975,0.00131174,0.0011389258,-0.00017281424,stable
5358,5358,0.9993584,0.00904,0.0134499995,0.0044099996,0.0044099996,0.00017564808,0.0006186917,0.0004430436,stable
5600,5600,0.9993584,0.01709,0.01707,-2.0001084e-05,2.0001084e-05,0.0056418576,0.00499595,-0.0006459076,stable
3361,3361,0.9993589,0.00839,0.00913,0.00074000005,0.00074000005,0.00047095618,0.001093502,0.00062254583,stable
4573,4573,0.99935937,0.01707,0.01674,-0.00032999925,0.00032999925,0.0029866442,0.003031731,4.5086723e-05,stable
1017,1017,0.99936,0.01725,0.01667,-0.00057999976,0.00057999976,0.0029577957,0.002707237,-0.00025055883,stable
3537,3537,0.99936014,0.0094099995,0.0009999999,-0.008409999,0.008409999,0.00013986278,2.85612e-05,-0.000111301575,stable
2129,2129,0.9993602,0.01773,0.01774,1.0000542e-05,1.0000542e-05,0.006980177,0.0062125153,-0.0007676617,stable
3739,3739,0.99936026,0.0087,0.01251,0.0038099997,0.0038099997,0.00040662626,0.00079977803,0.00039315177,stable
3834,3834,0.99936026,0.01071,0.00084999995,-0.00986,0.00986,0.00040504843,2.2935059e-05,-0.00038211336,stable
4020,4020,0.9993607,0.016959999,0.01677,-0.00018999912,0.00018999912,0.0041868114,0.0033237527,-0.0008630587,stable
2225,2225,0.9993608,0.00822,0.00866,0.00043999963,0.00043999963,0.00013495126,0.00043923012,0.00030427886,stable
4855,4855,0.9993614,0.01466,0.01554,0.0008800002,0.0008800002,0.0005763142,0.00063758995,6.127573e-05,stable
2744,2744,0.9993616,0.01705,0.01701,-4.0000305e-05,4.0000305e-05,0.0031155292,0.0043760086,0.0012604794,stable
2670,2670,0.99936163,0.01786,0.017439999,-0.0004200004,0.0004200004,0.002575566,0.0030703414,0.00049477536,stable
5760,5760,0.9993618,0.00094999996,0.00072999997,-0.00021999999,0.00021999999,2.6732449e-05,2.4585053e-05,-2.1473952e-06,stable
3763,3763,0.9993619,0.01705,0.0168,-0.0002500005,0.0002500005,0.006787238,0.005795127,-0.0009921114,stable
4564,4564,0.9993619,0.016929999,0.01613,-0.00079999864,0.00079999864,0.0014599322,0.0011858573,-0.00027407485,stable
38,38,0.9993621,0.01701,0.016789999,-0.00022000074,0.00022000074,0.0022989975,0.0027058886,0.0004068911,stable
147,147,0.9993624,0.00075999997,0.00214,0.00138,0.00138,3.396338e-05,3.0877887e-05,-3.0854935e-06,stable
2086,2086,0.9993626,0.01413,0.01651,0.0023800004,0.0023800004,0.0008029929,0.0010259198,0.0002229269,stable
4182,4182,0.9993626,0.01685,0.016379999,-0.00047000125,0.00047000125,0.0016257635,0.0012274004,-0.0003983631,stable
3979,3979,0.9993629,0.01411,0.013499999,-0.00061000045,0.00061000045,0.0010592013,0.0009739484,-8.525292e-05,stable
5171,5171,0.999364,0.01749,0.017099999,-0.00039000064,0.00039000064,0.003311723,0.0028156769,-0.00049604615,stable
2825,2825,0.99936426,0.0014,0.00115,-0.00024999992,0.00024999992,4.2306183e-05,3.1877637e-05,-1.0428546e-05,stable
4782,4782,0.9993643,0.01562,0.012089999,-0.0035300003,0.0035300003,0.0014512526,0.0008186553,-0.0006325973,stable
1071,1071,0.9993644,0.01581,0.014939999,-0.0008700006,0.0008700006,0.0018499438,0.001794901,-5.5042794e-05,stable
5380,5380,0.9993644,0.00894,0.00851,-0.00043000001,0.00043000001,0.00023547199,0.00016481074,-7.066125e-05,stable
1677,1677,0.99936455,0.00973,0.01289,0.0031599998,0.0031599998,0.00035441772,0.00047934768,0.00012492997,stable
4421,4421,0.9993659,0.01366,0.0168,0.0031399997,0.0031399997,0.00080232223,0.0015389737,0.0007366514,stable
1537,1537,0.99936604,0.00072,0.0043699997,0.0036499999,0.0036499999,2.0230544e-05,2.8481372e-05,8.250829e-06,stable
5153,5153,0.99936616,0.01688,0.0166,-0.00028000027,0.00028000027,0.010322768,0.009357096,-0.00096567255,stable
4194,4194,0.9993663,0.01773,0.01711,-0.00062000006,0.00062000006,0.010134615,0.009469354,-0.0006652614,stable
5879,5879,0.99936664,0.01666,0.0157,-0.00095999986,0.00095999986,0.0011523298,0.0011519659,-3.639143e-07,stable
4416,4416,0.9993667,0.008599999,0.00058,-0.00802,0.00802,0.0006310108,1.6468965e-05,-0.0006145418,stable
4532,4532,0.999367,0.0088599995,0.00885,-9.9996105e-06,9.9996105e-06,0.00021553219,0.00021599923,4.6704372e-07,stable
1251,1251,0.9993684,0.01017,0.0143099995,0.00414,0.00414,0.0003443172,0.00077975815,0.00043544095,stable
4953,4953,0.9993684,0.009339999,0.008979999,-0.00035999995,0.00035999995,0.000667603,0.00041955893,-0.00024804406,stable
5667,5667,0.99936867,0.01564,0.0127799995,-0.0028600004,0.0028600004,0.0012796886,0.0010058915,-0.00027379708,stable
4677,4677,0.999369,0.01481,0.01591,0.0011,0.0011,0.0013846079,0.0019460147,0.00056140684,stable
5730,5730,0.99936914,0.01688,0.0133,-0.0035800003,0.0035800003,0.004318968,0.0015407052,-0.0027782628,stable
3259,3259,0.99936944,0.0084,0.0047999998,-0.0036,0.0036,0.0003444639,3.385255e-05,-0.00031061133,stable
3922,3922,0.9993695,0.017169999,0.01675,-0.00041999854,0.00041999854,0.0026231287,0.0024389315,-0.00018419721,stable
4691,4691,0.99936986,0.016959999,0.0168,-0.00015999936,0.00015999936,0.0051224474,0.0045938157,-0.00052863173,stable
1259,1259,0.9993702,0.01728,0.0173,2.0001084e-05,2.0001084e-05,0.004758154,0.0050837384,0.00032558432,stable
2049,2049,0.99937165,0.00899,0.0086199995,-0.0003700005,0.0003700005,0.000427285,0.000473382,4.6097004e-05,stable
2804,2804,0.99937165,0.01707,0.0168,-0.00026999973,0.00026999973,0.0056601367,0.0063481303,0.0006879936,stable
1798,1798,0.99937177,0.00873,0.01322,0.00449,0.00449,0.00043205885,0.0007897332,0.00035767435,stable
488,488,0.9993718,0.01833,0.01771,-0.00062000006,0.00062000006,0.0052858926,0.0054009357,0.00011504302,stable
585,585,0.9993719,0.018129999,0.01778,-0.00034999847,0.00034999847,0.006986715,0.0068385727,-0.00014814222,stable
4386,4386,0.999372,0.017099999,0.01695,-0.00014999881,0.00014999881,0.006192535,0.0062517296,5.9194397e-05,stable
1638,1638,0.99937284,0.01712,0.01725,0.0001299996,0.0001299996,0.004260058,0.0048996317,0.0006395737,stable
2545,2545,0.9993733,0.013789999,0.01598,0.0021900004,0.0021900004,0.0016479553,0.0025161568,0.0008682015,stable
4575,4575,0.9993733,0.019089999,0.01845,-0.0006399993,0.0006399993,0.0035524182,0.0044499584,0.00089754025,stable
1788,1788,0.9993737,0.0084999995,0.010179999,0.0016799998,0.0016799998,0.0007962201,0.0015186173,0.0007223972,stable
1483,1483,0.9993738,0.01028,0.00894,-0.00134,0.00134,0.001653834,0.0013447345,-0.00030909956,stable
5222,5222,0.9993738,0.00324,0.00064,-0.0026,0.0026,4.7292993e-05,2.428419e-05,-2.3008803e-05,stable
1670,1670,0.99937403,0.00845,0.00859,0.00014000013,0.00014000013,0.00039514876,0.00054621557,0.00015106681,stable
2360,2360,0.99937433,0.00068,0.00067,-1.0000018e-05,1.0000018e-05,3.0511763e-05,2.6962702e-05,-3.5490611e-06,stable
5682,5682,0.9993744,0.01643,0.0166,0.0001699999,0.0001699999,0.00218966,0.0030964147,0.00090675475,stable
3194,3194,0.9993748,0.01766,0.01719,-0.0004699994,0.0004699994,0.009497539,0.008247467,-0.0012500724,stable
186,186,0.9993752,0.01846,0.01798,-0.00047999993,0.00047999993,0.01055589,0.010420076,-0.00013581477,stable
4180,4180,0.9993752,0.01735,0.01709,-0.0002599992,0.0002599992,0.0073468676,0.0069601964,-0.00038667116,stable
959,959,0.9993756,0.01743,0.01692,-0.0005099997,0.0005099997,0.0031022164,0.0032976184,0.00019540195,stable
5709,5709,0.99937576,0.01265,0.014909999,0.0022599995,0.0022599995,0.00025971237,0.0005166481,0.00025693575,stable
1807,1807,0.99937594,0.01729,0.01708,-0.0002100002,0.0002100002,0.005196812,0.004773384,-0.00042342814,stable
1682,1682,0.999376,0.00525,0.008479999,0.0032299994,0.0032299994,5.430232e-05,0.00013993711,8.563479e-05,stable
2559,2559,0.9993762,0.00049,0.00048,-1.0000018e-05,1.0000018e-05,1.4773301e-05,1.2869479e-05,-1.9038216e-06,stable
3628,3628,0.99937654,0.01065,0.012569999,0.0019199997,0.0019199997,0.00065746746,0.0005787339,-7.8733545e-05,stable
3341,3341,0.99937665,0.0146699995,0.01668,0.0020100009,0.0020100009,0.0015117764,0.0021818127,0.0006700363,stable
2310,2310,0.9993767,0.01691,0.01598,-0.0009300001,0.0009300001,0.0021429956,0.0021014707,-4.152488e-05,stable
804,804,0.99937695,0.017579999,0.0173,-0.0002799984,0.0002799984,0.0068821483,0.006478474,-0.00040367432,stable
3844,3844,0.999377,0.0131399995,0.01217,-0.00096999947,0.00096999947,0.00162055,0.0018043289,0.00018377881,stable
2619,2619,0.99937713,0.01625,0.00947,-0.0067799995,0.0067799995,0.0024892185,0.001416327,-0.0010728915,stable
2153,2153,0.9993778,0.012949999,0.013239999,0.00028999988,0.00028999988,0.0011632339,0.0011424831,-2.0750798e-05,stable
1553,1553,0.9993787,0.017129999,0.015269999,-0.0018599993,0.0018599993,0.0015358828,0.0012912923,-0.00024459057,stable
1462,1462,0.9993788,0.009269999,0.01191,0.0026400005,0.0026400005,0.0007341415,0.001222566,0.0004884245,stable
5548,5548,0.9993789,0.016649999,0.01588,-0.0007699989,0.0007699989,0.0023471324,0.0021933909,-0.00015374157,stable
302,302,0.99937904,0.00866,0.0019299999,-0.00673,0.00673,0.00039562804,3.270491e-05,-0.00036292314,stable
5496,5496,0.99937934,0.00839,0.0131,0.00471,0.00471,0.00068949256,0.0012113894,0.0005218969,stable
2640,2640,0.9993794,0.008909999,0.00936,0.00045000017,0.00045000017,0.0010603508,0.0012654418,0.00020509097,stable
1987,1987,0.9993795,0.01156,0.00883,-0.0027299998,0.0027299998,0.0011167444,0.00051161554,-0.0006051288,stable
125,125,0.9993796,0.016789999,0.016139999,-0.0006499998,0.0006499998,0.0023276806,0.0019851495,-0.00034253113,stable
2525,2525,0.9993796,0.00911,0.01115,0.0020399997,0.0020399997,0.0004356848,0.0005521708,0.000116485986,stable
1431,1431,0.99937963,0.00107,0.00845,0.0073799994,0.0073799994,2.8421435e-05,0.00066741224,0.0006389908,stable
5160,5160,0.99937963,0.00852,0.00861,9.000022e-05,9.000022e-05,0.0007033526,0.0007274908,2.4138193e-05,stable
161,161,0.9993799,0.01101,0.00856,-0.0024499996,0.0024499996,0.0012886788,0.0010208783,-0.00026780053,stable
251,251,0.99938005,0.01722,0.01705,-0.0001699999,0.0001699999,0.0011088792,0.0026384862,0.001529607,stable
2293,2293,0.99938005,0.01637,0.01567,-0.0007000007,0.0007000007,0.0022166548,0.0019368973,-0.00027975754,stable
4651,4651,0.9993807,0.01134,0.01347,0.00213,0.00213,0.0009719957,0.0012491418,0.00027714606,stable
1486,1486,0.9993812,0.01702,0.015689999,-0.0013300013,0.0013300013,0.0023938802,0.001800501,-0.00059337914,stable
3315,3315,0.99938166,0.01752,0.01731,-0.0002100002,0.0002100002,0.008546758,0.008224723,-0.0003220355,stable
5131,5131,0.9993818,0.01708,0.00924,-0.00784,0.00784,0.0025094147,0.00117996,-0.0013294547,stable
4578,4578,0.999382,0.00841,0.0082,-0.0002100002,0.0002100002,0.00035002967,0.0001407885,-0.00020924117,stable
1800,1800,0.9993824,0.00087999995,0.00257,0.0016900001,0.0016900001,3.086282e-05,2.1737342e-05,-9.125477e-06,stable
5808,5808,0.9993824,0.00731,0.00104,-0.00627,0.00627,6.821272e-05,2.973124e-05,-3.848148e-05,stable
4341,4341,0.9993825,0.017029999,0.01676,-0.00026999973,0.00026999973,0.0021630498,0.0020950781,-6.797165e-05,stable
5124,5124,0.99938273,0.00799,0.0072,-0.00078999996,0.00078999996,0.000110558736,8.8914945e-05,-2.1643791e-05,stable
5570,5570,0.9993832,0.01688,0.016239999,-0.00064000115,0.00064000115,0.0022827948,0.0020381757,-0.0002446191,stable
2984,2984,0.99938357,0.00882,0.008789999,-3.0000694e-05,3.0000694e-05,0.00068313046,0.0006587202,-2.4410256e-05,stable
4689,4689,0.99938357,0.0067499997,0.0009,-0.00585,0.00585,5.436205e-05,2.7614253e-05,-2.6747799e-05,stable
1006,1006,0.9993837,0.01738,0.01737,-9.998679e-06,9.998679e-06,0.0038945044,0.0044304314,0.000535927,stable
4611,4611,0.9993837,0.0145499995,0.01332,-0.0012299996,0.0012299996,0.001137403,0.0011286949,-8.708099e-06,stable
4504,4504,0.99938387,0.010989999,0.0112499995,0.00026000012,0.00026000012,0.0012028286,0.0010583972,-0.00014443137,stable
1024,1024,0.9993844,0.00914,0.00899,-0.00014999975,0.00014999975,0.0006091558,0.0005265355,-8.26203e-05,stable
6050,6050,0.99938476,0.00947,0.00826,-0.0012100004,0.0012100004,0.0007598017,0.00025537112,-0.0005044306,stable
914,914,0.9993848,0.01735,0.015029999,-0.00232,0.00232,0.002404951,0.0014743697,-0.00093058136,stable
730,730,0.9993849,0.017889999,0.01771,-0.00017999858,0.00017999858,0.010937743,0.011149217,0.00021147449,stable
425,425,0.99938524,0.01699,0.01366,-0.0033300007,0.0033300007,0.004061227,0.0018301104,-0.0022311169,stable
225,225,0.9993856,0.01526,0.014649999,-0.00061000045,0.00061000045,0.0013840476,0.0012184705,-0.00016557705,stable
1824,1824,0.9993857,0.017239999,0.01452,-0.0027199993,0.0027199993,0.0024444188,0.001301386,-0.0011430328,stable
5638,5638,0.99938595,0.016409999,0.009029999,-0.0073799994,0.0073799994,0.0018872063,0.00079825224,-0.001088954,stable
4593,4593,0.9993864,0.0091699995,0.00883,-0.0003399998,0.0003399998,0.00044392352,0.00032542946,-0.00011849406,stable
3917,3917,0.99938655,0.00127,0.00333,0.0020599999,0.0020599999,4.1117182e-05,3.8726354e-05,-2.3908287e-06,stable
1218,1218,0.99938685,0.00968,0.00114,-0.00854,0.00854,0.0011652154,3.869001e-05,-0.0011265253,stable
2924,2924,0.9993869,0.01682,0.009939999,-0.006880001,0.006880001,0.0035372325,0.0012958803,-0.002241352,stable
5601,5601,0.9993874,0.008959999,0.015459999,0.0065,0.0065,0.0002877908,0.0012265319,0.00093874114,stable
4681,4681,0.99938774,0.01791,0.01691,-0.0010000002,0.0010000002,0.0020727254,0.0019193192,-0.00015340629,stable
808,808,0.99938786,0.01155,0.01181,0.00026000012,0.00026000012,0.0009924648,0.0008340238,-0.00015844102,stable
2014,2014,0.99938786,0.01731,0.01738,7.000007e-05,7.000007e-05,0.007122527,0.0066345977,-0.0004879292,stable
702,702,0.99938804,0.01704,0.01675,-0.00028999895,0.00028999895,0.0021186392,0.0033970855,0.0012784463,stable
765,765,0.9993881,0.00077,0.00072,-4.9999973e-05,4.9999973e-05,2.5328278e-05,2.2747892e-05,-2.5803856e-06,stable
3287,3287,0.9993883,0.013599999,0.00797,-0.0056299996,0.0056299996,0.0009883643,9.044763e-05,-0.00089791673,stable
2398,2398,0.99938846,0.0092,0.0116799995,0.0024799993,0.0024799993,0.0013113999,0.0013371154,2.5715563e-05,stable
1969,1969,0.9993886,0.0176,0.01732,-0.00028000027,0.00028000027,0.001838124,0.0030836833,0.0012455593,stable
6087,6087,0.9993887,0.00102,0.00084,-0.00017999997,0.00017999997,3.7568905e-05,2.6799125e-05,-1.076978e-05,stable
2503,2503,0.99938893,0.01664,0.01521,-0.0014300002,0.0014300002,0.0020230957,0.0012335657,-0.00078953,stable
5824,5824,0.9993892,0.008599999,0.00892,0.00032000057,0.00032000057,0.0012539345,0.0013307803,7.684587e-05,stable
5914,5914,0.9993895,0.01664,0.00899,-0.00765,0.00765,0.0011832621,0.00029118624,-0.0008920758,stable
5727,5727,0.9993902,0.017919999,0.01726,-0.0006599985,0.0006599985,0.0029666375,0.0026619665,-0.000304671,stable
1061,1061,0.99939024,0.00404,0.00251,-0.00153,0.00153,5.100266e-05,4.7276404e-05,-3.7262544e-06,stable
5215,5215,0.99939024,0.01628,0.00906,-0.007219999,0.007219999,0.0014142804,0.00041299112,-0.0010012892,stable
4763,4763,0.99939054,0.01215,0.01685,0.0047000004,0.0047000004,0.001387959,0.0031185597,0.0017306007,stable
1579,1579,0.99939066,0.01737,0.01712,-0.0002500005,0.0002500005,0.003457092,0.0039094263,0.0004523343,stable
108,108,0.9993911,0.00072999997,0.00055,-0.00017999997,0.00017999997,2.0577387e-05,1.6103906e-05,-4.4734807e-06,stable
6127,6127,0.9993912,0.0083,0.008239999,-6.0000457e-05,6.0000457e-05,0.00067956833,0.00059522793,-8.43404e-05,stable
3896,3896,0.99939144,0.00087999995,0.0010299999,0.00014999998,0.00014999998,3.0804465e-05,2.2419696e-05,-8.38477e-06,stable
3455,3455,0.99939185,0.01754,0.01697,-0.0005700011,0.0005700011,0.0017533351,0.0012282423,-0.0005250928,stable
5111,5111,0.99939203,0.016999999,0.01677,-0.00022999942,0.00022999942,0.0057617724,0.005253658,-0.00050811423,stable
5157,5157,0.99939215,0.015859999,0.014509999,-0.0013499996,0.0013499996,0.0022839762,0.00231391,2.9933872e-05,stable
1279,1279,0.9993923,0.0043699997,0.00101,-0.0033599997,0.0033599997,6.612565e-05,4.485356e-05,-2.1272088e-05,stable
1541,1541,0.9993925,0.01339,0.013959999,0.0005699992,0.0005699992,0.001097578,0.001106098,8.519972e-06,stable
5464,5464,0.99939287,0.01698,0.01685,-0.0001299996,0.0001299996,0.0017875616,0.002122954,0.00033539243,stable
2380,2380,0.99939305,0.0163,0.01003,-0.0062700007,0.0062700007,0.0016040386,0.00072126713,-0.0008827715,stable
5947,5947,0.9993935,0.01071,0.00888,-0.0018300004,0.0018300004,0.0011076023,0.0009271518,-0.00018045044,stable
5632,5632,0.99939364,0.00072999997,0.00062999997,-0.000100000005,0.000100000005,3.0839226e-05,2.4700987e-05,-6.1382398e-06,stable
5328,5328,0.9993941,0.017679999,0.01735,-0.00032999925,0.00032999925,0.0047874353,0.004876679,8.924352e-05,stable
4973,4973,0.9993944,0.00865,0.00853,-0.00011999998,0.00011999998,0.0001927923,0.00035551147,0.00016271917,stable
2860,2860,0.9993945,0.00883,0.01635,0.0075199995,0.0075199995,0.00057785073,0.0016924397,0.0011145889,stable
3002,3002,0.99939454,0.01023,0.012519999,0.0022899993,0.0022899993,0.0004546306,0.00038935783,-6.527276e-05,stable
4323,4323,0.99939513,0.0173,0.01681,-0.0004900005,0.0004900005,0.008221468,0.008327534,0.000106066465,stable
5361,5361,0.9993955,0.01217,0.01701,0.0048399996,0.0048399996,0.0005600734,0.004147004,0.0035869305,stable
2727,2727,0.99939585,0.01698,0.01692,-5.9999526e-05,5.9999526e-05,0.0093072085,0.009459789,0.00015258044,stable
155,155,0.99939597,0.00084,0.00088999997,4.9999973e-05,4.9999973e-05,2.9673773e-05,3.424464e-05,4.5708675e-06,stable
5627,5627,0.9993961,0.0163,0.01629,-1.0000542e-05,1.0000542e-05,0.002125048,0.0024153786,0.0002903305,stable
4280,4280,0.9993967,0.01536,0.014359999,-0.0010000002,0.0010000002,0.0012950674,0.0012078123,-8.725503e-05,stable
4159,4159,0.9993969,0.00143,0.00791,0.00648,0.00648,3.198145e-05,9.626768e-05,6.428623e-05,stable
2466,2466,0.99939716,0.01807,0.01804,-2.9999763e-05,2.9999763e-05,0.009800163,0.009064709,-0.00073545426,stable
5890,5890,0.9993978,0.013119999,0.012809999,-0.00031000003,0.00031000003,0.0009964134,0.0008680371,-0.0001283763,stable
5475,5475,0.999398,0.00902,0.01199,0.0029699998,0.0029699998,0.000972903,0.0014163338,0.00044343085,stable
1424,1424,0.99939823,0.01762,0.017239999,-0.0003800001,0.0003800001,0.0049378625,0.006162669,0.0012248065,stable
1814,1814,0.99939823,0.01746,0.01736,-9.999983e-05,9.999983e-05,0.009058722,0.009989189,0.0009304667,stable
6129,6129,0.9993984,0.015789999,0.0060699997,-0.0097199995,0.0097199995,0.00035280548,7.432619e-05,-0.0002784793,stable
1952,1952,0.99939877,0.01809,0.017919999,-0.00017000176,0.00017000176,0.007469728,0.007209405,-0.0002603233,stable
2134,2134,0.999399,0.017549999,0.017479999,-7.000007e-05,7.000007e-05,0.0057304255,0.0046349443,-0.0010954812,stable
4646,4646,0.99939907,0.016339999,0.013839999,-0.0024999995,0.0024999995,0.0019634888,0.0016848309,-0.00027865788,stable
5582,5582,0.9993991,0.0092,0.00865,-0.00055,0.00055,0.0002933888,0.00016080978,-0.000132579,stable
1011,1011,0.9993992,0.00087,0.00072999997,-0.00014000002,0.00014000002,2.297857e-05,1.9708035e-05,-3.2705339e-06,stable
2671,2671,0.9993993,0.01708,0.015829999,-0.0012500007,0.0012500007,0.0035492228,0.0018975381,-0.0016516848,stable
3018,3018,0.9993994,0.01621,0.01571,-0.00049999915,0.00049999915,0.0015857159,0.0017106327,0.00012491678,stable
2556,2556,0.9993999,0.017029999,0.01692,-0.00010999851,0.00010999851,0.0025205615,0.0034570575,0.0009364961,stable
4160,4160,0.9994,0.01038,0.00974,-0.0006400002,0.0006400002,0.0013288513,0.0011018285,-0.0002270228,stable
1065,1065,0.99940014,0.016689999,0.01656,-0.0001299996,0.0001299996,0.002869456,0.00263948,-0.00022997614,stable
5502,5502,0.9994007,0.00863,0.0077,-0.0009300001,0.0009300001,0.00027225667,9.116151e-05,-0.00018109515,stable
4562,4562,0.9994011,0.01716,0.01311,-0.0040500006,0.0040500006,0.0018847543,0.0010829394,-0.00080181484,stable
2238,2238,0.9994012,0.0039399997,0.00065999996,-0.0032799998,0.0032799998,4.3990414e-05,2.1452324e-05,-2.253809e-05,stable
953,953,0.9994013,0.0077299997,0.00051,-0.0072199996,0.0072199996,9.705053e-05,1.5745029e-05,-8.13055e-05,stable
5670,5670,0.9994014,0.010799999,0.00964,-0.0011599995,0.0011599995,0.0010188255,0.0008067763,-0.00021204917,stable
1066,1066,0.99940157,0.017749999,0.01756,-0.00018999912,0.00018999912,0.0070284093,0.0066573266,-0.0003710827,stable
4927,4927,0.9994017,0.009029999,0.00976,0.00073000044,0.00073000044,0.00064666866,0.0006771145,3.0445866e-05,stable
2626,2626,0.99940205,0.01014,0.010369999,0.00022999942,0.00022999942,0.0015478985,0.0012993782,-0.0002485203,stable
276,276,0.9994022,0.0155,0.012499999,-0.0030000005,0.0030000005,0.0012143496,0.00065254804,-0.0005618016,stable
4788,4788,0.9994024,0.01492,0.01685,0.0019300003,0.0019300003,0.0007134012,0.0015459718,0.00083257066,stable
4204,4204,0.99940294,0.00856,0.00883,0.00026999973,0.00026999973,0.00037488915,0.00046976507,9.4875926e-05,stable
214,214,0.9994031,0.01825,0.01833,8.000061e-05,8.000061e-05,0.007842056,0.007956003,0.000113946386,stable
4479,4479,0.9994031,0.01611,0.0165,0.00039000064,0.00039000064,0.0016488482,0.0021062416,0.00045739347,stable
380,380,0.99940336,0.014099999,0.010009999,-0.00409,0.00409,0.0010166839,0.0006974816,-0.00031920226,stable
2930,2930,0.9994034,0.01681,0.0168,-1.0000542e-05,1.0000542e-05,0.0032044216,0.0033397197,0.00013529812,stable
4604,4604,0.99940354,0.008429999,0.00059999997,-0.00783,0.00783,0.00057091465,1.8027646e-05,-0.000552887,stable
3997,3997,0.9994036,0.008719999,0.00875,3.0000694e-05,3.0000694e-05,0.00039869003,0.00036365548,-3.503455e-05,stable
5335,5335,0.9994037,0.01423,0.00844,-0.00579,0.00579,0.001522283,0.00025317914,-0.0012691038,stable
5453,5453,0.9994042,0.01731,0.0173,-9.998679e-06,9.998679e-06,0.003534991,0.0037081554,0.0001731643,stable
4366,4366,0.9994058,0.015029999,0.01249,-0.0025399998,0.0025399998,0.0009791966,0.0007766087,-0.00020258792,stable
5180,5180,0.99940646,0.017509999,0.017239999,-0.00026999973,0.00026999973,0.0063636047,0.007057654,0.0006940495,stable
497,497,0.9994066,0.016959999,0.016859999,-9.999983e-05,9.999983e-05,0.0018978996,0.0019548824,5.6982855e-05,stable
1861,1861,0.9994067,0.00913,0.0150999995,0.0059699994,0.0059699994,0.00046764105,0.0011385115,0.0006708704,stable
2336,2336,0.99940723,0.00877,0.00787,-0.00090000033,0.00090000033,0.00023111411,0.00010984243,-0.00012127168,stable
824,824,0.99940753,0.01747,0.01718,-0.0002900008,0.0002900008,0.0043322025,0.004792124,0.00045992155,stable
2580,2580,0.9994088,0.01694,0.01291,-0.0040299995,0.0040299995,0.0026230928,0.0012968356,-0.0013262572,stable
1178,1178,0.9994099,0.012449999,0.01327,0.00082000066,0.00082000066,0.0011131543,0.0012262701,0.00011311576,stable
4092,4092,0.9994103,0.01119,0.01072,-0.00047000032,0.00047000032,0.00046909275,0.00046898163,-1.11118425e-07,stable
2045,2045,0.9994104,0.00821,0.0088599995,0.0006499998,0.0006499998,0.00014377653,0.00030457618,0.00016079965,stable
2462,2462,0.99941134,0.0155,0.011229999,-0.0042700004,0.0042700004,0.0014553596,0.0010234149,-0.00043194473,stable
1596,1596,0.9994118,0.01756,0.017199999,-0.00036000088,0.00036000088,0.004192373,0.0031376833,-0.0010546895,stable
5112,5112,0.9994126,0.01818,0.01766,-0.00052000023,0.00052000023,0.004159629,0.003956167,-0.00020346185,stable
5280,5280,0.9994126,0.01215,0.01136,-0.00078999996,0.00078999996,0.00047796094,0.0003599189,-0.00011804205,stable
1534,1534,0.9994128,0.00078999996,0.00087,8.000003e-05,8.000003e-05,2.406626e-05,2.3693761e-05,-3.724981e-07,stable
941,941,0.99941295,0.012949999,0.00833,-0.00462,0.00462,0.00152966,0.00054185715,-0.0009878029,stable
5746,5746,0.99941313,0.01767,0.01738,-0.0002900008,0.0002900008,0.0054919566,0.0046830815,-0.0008088751,stable
5774,5774,0.99941313,0.01229,0.008549999,-0.0037400005,0.0037400005,0.0013926242,0.00078911317,-0.00060351106,stable
4572,4572,0.9994142,0.01678,0.00963,-0.00715,0.00715,0.0027077985,0.0014648172,-0.0012429813,stable
2029,2029,0.99941444,0.01722,0.016999999,-0.00022000074,0.00022000074,0.002984258,0.0034786714,0.0004944133,stable
1219,1219,0.9994147,0.0111299995,0.01114,1.0000542e-05,1.0000542e-05,0.0010317717,0.0010084896,-2.3282017e-05,stable
810,810,0.9994148,0.00088999997,0.00045,-0.00043999997,0.00043999997,2.5379451e-05,1.1446177e-05,-1.3933274e-05,stable
1405,1405,0.99941504,0.012399999,0.01041,-0.0019899998,0.0019899998,0.0008522203,0.00063946185,-0.00021275843,stable
5713,5713,0.9994152,0.01589,0.014579999,-0.0013100011,0.0013100011,0.0015355465,0.00159793,6.238348e-05,stable
2617,2617,0.9994154,0.00102,0.00727,0.00625,0.00625,3.467973e-05,7.623537e-05,4.1555635e-05,stable
4832,4832,0.9994154,0.0150999995,0.01426,-0.0008399999,0.0008399999,0.0017941974,0.0017412215,-5.297584e-05,stable
3909,3909,0.9994156,0.00877,0.0087,-7.000007e-05,7.000007e-05,0.0009726126,0.0015068148,0.00053420226,stable
4273,4273,0.99941576,0.01719,0.01637,-0.0008199997,0.0008199997,0.002948687,0.0022507976,-0.00069788937,stable
1253,1253,0.99941623,0.0178,0.01738,-0.0004200004,0.0004200004,0.0017752643,0.0018344851,5.9220823e-05,stable
1004,1004,0.9994165,0.01719,0.01709,-9.999983e-05,9.999983e-05,0.0042837597,0.0054749497,0.00119119,stable
5314,5314,0.9994169,0.017679999,0.0175,-0.00017999858,0.00017999858,0.0030816365,0.002685489,-0.0003961476,stable
2436,2436,0.99941695,0.00865,0.01031,0.0016599996,0.0016599996,0.00018317925,0.0006129011,0.00042972187,stable
195,195,0.9994172,0.00971,0.009149999,-0.00056000054,0.00056000054,0.00075254973,0.000552104,-0.00020044576,stable
1980,1980,0.99941725,0.018,0.0176,-0.00039999932,0.00039999932,0.0033925108,0.0024808843,-0.0009116265,stable
4863,4863,0.99941766,0.012949999,0.00806,-0.0048899995,0.0048899995,0.0006275444,0.00012502488,-0.00050251954,stable
5863,5863,0.999418,0.00876,0.01531,0.00655,0.00655,0.0006411888,0.0014345172,0.0007933284,stable
2834,2834,0.99941826,0.00932,0.009,-0.00032000057,0.00032000057,0.00069009763,0.00028719314,-0.0004029045,stable
4216,4216,0.9994185,0.01594,0.011609999,-0.00433,0.00433,0.00089123164,0.00052289024,-0.0003683414,stable
262,262,0.99941885,0.00866,0.00866,0.0,0.0,0.001187471,0.00095645065,-0.00023102033,stable
306,306,0.99941885,0.01704,0.0101,-0.0069399998,0.0069399998,0.00066637475,0.00019703487,-0.0004693399,stable
516,516,0.999419,0.016859999,0.016689999,-0.0001699999,0.0001699999,0.0082001,0.008850783,0.0006506834,stable
5551,5551,0.999419,0.01557,0.01509,-0.00047999993,0.00047999993,0.0007262404,0.00069585204,-3.0388357e-05,stable
27,27,0.9994191,0.01773,0.017439999,-0.0002900008,0.0002900008,0.0026643523,0.0025236476,-0.00014070468,stable
3779,3779,0.9994191,0.01698,0.016239999,-0.000740001,0.000740001,0.0019048511,0.0015482015,-0.0003566495,stable
4492,4492,0.9994191,0.018,0.017749999,-0.0002500005,0.0002500005,0.008369387,0.008086154,-0.0002832329,stable
468,468,0.9994192,0.01253,0.01117,-0.0013600001,0.0013600001,0.00097234297,0.0009423675,-2.997549e-05,stable
5909,5909,0.9994192,0.017269999,0.01702,-0.00024999864,0.00024999864,0.006071677,0.0041246787,-0.0019469983,stable
926,926,0.999421,0.01659,0.01267,-0.003919999,0.003919999,0.0014514743,0.00064460136,-0.0008068729,stable
2508,2508,0.9994211,0.01189,0.00833,-0.00356,0.00356,0.0010689058,0.00015104905,-0.00091785676,stable
5525,5525,0.9994213,0.01674,0.01035,-0.0063899998,0.0063899998,0.0027108237,0.0004638494,-0.0022469743,stable
1125,1125,0.9994215,0.00851,0.01483,0.0063199997,0.0063199997,0.00025750833,0.0007318913,0.00047438298,stable
690,690,0.99942195,0.011159999,0.00059,-0.010569999,0.010569999,0.00029700846,2.6436763e-05,-0.0002705717,stable
4069,4069,0.99942195,0.008429999,0.00835,-7.999968e-05,7.999968e-05,0.00032936595,0.0002933005,-3.6065467e-05,stable
2658,2658,0.9994221,0.0174,0.014939999,-0.002460001,0.002460001,0.002084026,0.0012453052,-0.00083872094,stable
3318,3318,0.99942213,0.01718,0.01725,7.000007e-05,7.000007e-05,0.006067705,0.005533535,-0.00053416984,stable
348,348,0.99942243,0.0169,0.012,-0.004899999,0.004899999,0.0024658,0.0019045677,-0.0005612322,stable
2007,2007,0.9994226,0.00907,0.0015,-0.0075699994,0.0075699994,0.00040833853,3.6983507e-05,-0.000371355,stable
3125,3125,0.9994228,0.01694,0.01652,-0.0004200004,0.0004200004,0.0013166575,0.0006152956,-0.0007013619,stable
4941,4941,0.99942285,0.00913,0.00137,-0.0077600004,0.0077600004,0.00044053074,4.503741e-05,-0.00039549332,stable
224,224,0.999423,0.01677,0.01673,-4.0000305e-05,4.0000305e-05,0.005840227,0.006981749,0.0011415221,stable
1434,1434,0.999423,0.00844,0.00983,0.0013899999,0.0013899999,0.00025799748,0.00040388835,0.00014589087,stable
596,596,0.9994235,0.01523,0.014389999,-0.0008400008,0.0008400008,0.0010293296,0.0010681102,3.878062e-05,stable
3656,3656,0.9994241,0.01651,0.0162,-0.00031000003,0.00031000003,0.0016148577,0.0015696973,-4.5160414e-05,stable
3677,3677,0.9994245,0.017649999,0.017649999,0.0,0.0,0.0072037424,0.007173121,-3.062142e-05,stable
2907,2907,0.99942523,0.01687,0.01392,-0.0029499996,0.0029499996,0.001928756,0.00069508865,-0.0012336674,stable
4536,4536,0.9994259,0.00821,0.00806,-0.00014999975,0.00014999975,0.0005595923,0.00016526821,-0.00039432413,stable
5603,5603,0.9994261,0.01695,0.016689999,-0.00026000105,0.00026000105,0.00741938,0.0057727317,-0.0016466482,stable
1298,1298,0.9994273,0.0010299999,0.01163,0.0106,0.0106,3.5233406e-05,0.00040285368,0.00036762026,stable
3221,3221,0.9994278,0.00875,0.00865,-9.999983e-05,9.999983e-05,0.0010592681,0.00080167677,-0.00025759137,stable
137,137,0.9994285,0.01702,0.016859999,-0.00016000122,0.00016000122,0.0062784287,0.004887434,-0.0013909945,stable
4008,4008,0.9994297,0.01176,0.00113,-0.01063,0.01063,0.00040453483,3.8493203e-05,-0.00036604164,stable
3242,3242,0.9994299,0.01263,0.0145499995,0.0019199997,0.0019199997,0.00090634055,0.0011084313,0.00020209071,stable
316,316,0.99943006,0.01695,0.01694,-1.0000542e-05,1.0000542e-05,0.004265916,0.0040684175,-0.0001974986,stable
4859,4859,0.99943024,0.01769,0.017409999,-0.00028000027,0.00028000027,0.0056624366,0.0048200525,-0.00084238406,stable
2521,2521,0.9994304,0.0127799995,0.01447,0.0016900003,0.0016900003,0.0009728501,0.001317921,0.0003450709,stable
2657,2657,0.99943054,0.01732,0.01673,-0.0005900003,0.0005900003,0.0025456804,0.002423589,-0.0001220915,stable
1396,1396,0.9994306,0.00838,0.00858,0.00020000059,0.00020000059,0.0011760115,0.0014473805,0.000271369,stable
628,628,0.99943066,0.01711,0.01599,-0.0011199992,0.0011199992,0.0021450997,0.0012700587,-0.000875041,stable
563,563,0.99943125,0.0075499997,0.00764,9.000022e-05,9.000022e-05,0.0001417325,0.00014199219,2.5969348e-07,stable
726,726,0.9994314,0.017199999,0.01657,-0.00062999874,0.00062999874,0.0013985134,0.0010557676,-0.0003427458,stable
3768,3768,0.9994323,0.01715,0.01698,-0.0001699999,0.0001699999,0.0050981925,0.005057755,-4.043756e-05,stable
930,930,0.9994327,0.014149999,0.01438,0.00023000035,0.00023000035,0.001277461,0.0011751367,-0.000102324295,stable
2827,2827,0.99943304,0.01729,0.01695,-0.0003399998,0.0003399998,0.0061844615,0.003925954,-0.0022585075,stable
2427,2427,0.99943316,0.00873,0.00861,-0.00011999998,0.00011999998,0.0012284326,0.0008717387,-0.00035669393,stable
2567,2567,0.99943316,0.00153,0.00072999997,-0.00080000004,0.00080000004,3.4857312e-05,2.6188185e-05,-8.669127e-06,stable
88,88,0.9994332,0.01757,0.01606,-0.0015099999,0.0015099999,0.0025451705,0.0013167402,-0.0012284303,stable
987,987,0.9994332,0.01705,0.01695,-9.999983e-05,9.999983e-05,0.0037349297,0.0033713963,-0.00036353339,stable
4138,4138,0.9994332,0.013479999,0.01567,0.0021900004,0.0021900004,0.0011043499,0.0016656622,0.0005613123,stable
3308,3308,0.99943346,0.013479999,0.015299999,0.0018199999,0.0018199999,0.0011982899,0.0014880005,0.0002897106,stable
1226,1226,0.9994339,0.017819999,0.01676,-0.0010599997,0.0010599997,0.0029731775,0.002535252,-0.00043792557,stable
2775,2775,0.9994341,0.00207,0.00084999995,-0.00122,0.00122,4.209568e-05,3.1017637e-05,-1.1078042e-05,stable
129,129,0.99943423,0.01737,0.01712,-0.0002500005,0.0002500005,0.008798102,0.008903403,0.00010530092,stable
3075,3075,0.9994345,0.01725,0.01706,-0.00018999912,0.00018999912,0.005089187,0.0030657942,-0.0020233928,stable
1115,1115,0.9994347,0.01643,0.0165,7.000007e-05,7.000007e-05,0.002608535,0.0031882608,0.0005797257,stable
1130,1130,0.9994355,0.01793,0.017749999,-0.00018000044,0.00018000044,0.0029274889,0.003670402,0.0007429132,stable
4142,4142,0.9994355,0.00873,0.00857,-0.00016000029,0.00016000029,0.00044250968,0.00038413898,-5.83707e-05,stable
3544,3544,0.999436,0.0167,0.01573,-0.0009700004,0.0009700004,0.0059950426,0.0029053967,-0.0030896459,stable
3090,3090,0.9994361,0.0143099995,0.01215,-0.0021599997,0.0021599997,0.0010252437,0.0005617775,-0.00046346616,stable
1895,1895,0.9994365,0.01723,0.01705,-0.00018000044,0.00018000044,0.0048366166,0.004177724,-0.00065889256,stable
3830,3830,0.9994369,0.01718,0.01708,-9.999983e-05,9.999983e-05,0.002130903,0.0021543142,2.3411121e-05,stable
1936,1936,0.999437,0.014599999,0.00999,-0.0046099992,0.0046099992,0.0014532724,0.0009841312,-0.00046914117,stable
3824,3824,0.9994372,0.01715,0.01643,-0.0007199999,0.0007199999,0.0013664273,0.001330729,-3.5698293e-05,stable
1634,1634,0.99943805,0.01014,0.00889,-0.0012499997,0.0012499997,0.0007710745,0.00025482563,-0.00051624887,stable
5423,5423,0.9994382,0.01719,0.01594,-0.0012500007,0.0012500007,0.0019352057,0.0014713174,-0.00046388828,stable
1347,1347,0.9994389,0.00124,0.00094999996,-0.00029000005,0.00029000005,4.8052196e-05,3.4562625e-05,-1.3489571e-05,stable
1412,1412,0.9994402,0.017789999,0.01754,-0.00024999864,0.00024999864,0.0071524335,0.0075032543,0.00035082083,stable
4475,4475,0.9994402,0.01778,0.01246,-0.0053200005,0.0053200005,0.0032683273,0.0005350374,-0.00273329,stable
3481,3481,0.9994404,0.00091999996,0.008359999,0.0074399994,0.0074399994,2.5972347e-05,0.00052178063,0.00049580826,stable
3316,3316,0.9994415,0.01726,0.01699,-0.00026999973,0.00026999973,0.0036835277,0.0041030985,0.00041957083,stable
4447,4447,0.9994415,0.00814,0.00182,-0.0063199997,0.0063199997,8.8702895e-05,3.9184775e-05,-4.951812e-05,stable
4316,4316,0.999442,0.00938,0.00902,-0.00035999995,0.00035999995,0.00096847565,0.0013865342,0.00041805854,stable
30,30,0.9994422,0.00844,0.00823,-0.0002100002,0.0002100002,0.00016199637,0.00014775769,-1.4238685e-05,stable
2820,2820,0.9994422,0.01695,0.01684,-0.00011000037,0.00011000037,0.0060976385,0.004642847,-0.0014547915,stable
4543,4543,0.9994422,0.0127,0.01318,0.00047999993,0.00047999993,0.00088784785,0.0007951091,-9.2738774e-05,stable
2750,2750,0.99944246,0.00894,0.00192,-0.0070200004,0.0070200004,0.00033371986,4.2798965e-05,-0.0002909209,stable
5247,5247,0.99944264,0.01723,0.01687,-0.00036000088,0.00036000088,0.0049563022,0.0046523144,-0.00030398788,stable
5795,5795,0.9994428,0.01681,0.016649999,-0.00016000122,0.00016000122,0.0023528708,0.0028927508,0.00053988,stable
3632,3632,0.99944323,0.017029999,0.0093,-0.007729999,0.007729999,0.0029888097,0.0010826822,-0.0019061276,stable
1190,1190,0.99944335,0.01019,0.014479999,0.0042899996,0.0042899996,0.0005477553,0.0008107271,0.00026297185,stable
5566,5566,0.99944377,0.008549999,0.00837,-0.00017999951,0.00017999951,0.0012782518,0.0012467084,-3.1543314e-05,stable
4633,4633,0.99944425,0.016929999,0.01684,-8.999929e-05,8.999929e-05,0.009076379,0.009303415,0.00022703595,stable
1644,1644,0.9994443,0.00878,0.00858,-0.00019999966,0.00019999966,0.0014837837,0.0014112383,-7.254537e-05,stable
826,826,0.9994447,0.016689999,0.01676,7.000007e-05,7.000007e-05,0.0025835007,0.002999965,0.0004164644,stable
5505,5505,0.9994449,0.01753,0.017169999,-0.00036000088,0.00036000088,0.0074643455,0.006062583,-0.0014017625,stable
3713,3713,0.9994452,0.0104,0.01047,7.000007e-05,7.000007e-05,0.00095715886,0.0007968016,-0.00016035727,stable
1262,1262,0.9994453,0.01726,0.01676,-0.000500001,0.000500001,0.0035306886,0.002840759,-0.0006899296,stable
1202,1202,0.99944556,0.01859,0.01767,-0.00091999955,0.00091999955,0.010137757,0.009668368,-0.00046938937,stable
334,334,0.9994458,0.01784,0.01767,-0.0001699999,0.0001699999,0.005247568,0.005280752,3.318442e-05,stable
6046,6046,0.9994459,0.01206,0.00983,-0.0022299998,0.0022299998,0.0017983863,0.0016301129,-0.00016827346,stable
3894,3894,0.99944603,0.017029999,0.01054,-0.0064899987,0.0064899987,0.0039028272,0.00066013716,-0.00324269,stable
2706,2706,0.99944615,0.01667,0.016479999,-0.00019000098,0.00019000098,0.0025764166,0.0025562008,-2.0215753e-05,stable
1916,1916,0.9994462,0.0099,0.00853,-0.0013699997,0.0013699997,0.0009986954,0.00074265926,-0.00025603612,stable
2489,2489,0.99944633,0.0069799996,0.00609,-0.0008899998,0.0008899998,7.1700866e-05,5.5595465e-05,-1.6105401e-05,stable
5668,5668,0.9994464,0.01716,0.01595,-0.0012100004,0.0012100004,0.0010394402,0.0007587266,-0.00028071355,stable
969,969,0.9994468,0.016719999,0.01604,-0.0006799996,0.0006799996,0.0032967955,0.0028437206,-0.00045307493,stable
4658,4658,0.9994468,0.00093,0.00094999996,1.9999978e-05,1.9999978e-05,4.016978e-05,3.4464654e-05,-5.7051257e-06,stable
3161,3161,0.99944735,0.00122,0.00115,-6.999995e-05,6.999995e-05,4.9979153e-05,3.0695617e-05,-1.9283536e-05,stable
5017,5017,0.99944764,0.017649999,0.01709,-0.0005599987,0.0005599987,0.004584733,0.0039854753,-0.00059925765,stable
1739,1739,0.9994478,0.01366,0.0094099995,-0.00425,0.00425,0.00062953494,0.0001777188,-0.00045181613,stable
1745,1745,0.9994484,0.01745,0.017169999,-0.00028000027,0.00028000027,0.0052706418,0.0039372346,-0.0013334071,stable
4129,4129,0.9994484,0.01697,0.016999999,2.9999763e-05,2.9999763e-05,0.0102680335,0.009227291,-0.0010407427,stable
3150,3150,0.99944854,0.01079,0.00045999998,-0.01033,0.01033,0.000946994,1.5171391e-05,-0.0009318226,stable
383,383,0.99944913,0.01468,0.0075399997,-0.0071400004,0.0071400004,0.0003383812,9.4582516e-05,-0.0002437987,stable
6077,6077,0.99944973,0.01722,0.01675,-0.0004699994,0.0004699994,0.002826152,0.0022469673,-0.0005791846,stable
2713,2713,0.99945104,0.00487,0.00174,-0.0031299999,0.0031299999,6.129988e-05,4.798438e-05,-1.3315497e-05,stable
250,250,0.9994511,0.0013799999,0.00344,0.0020599999,0.0020599999,2.1837768e-05,2.5664669e-05,3.826901e-06,stable
2231,2231,0.99945116,0.008429999,0.01169,0.0032600006,0.0032600006,0.00047948337,0.0007823027,0.00030281933,stable
2108,2108,0.99945164,0.00887,0.0087,-0.0001699999,0.0001699999,0.00014525952,0.00012646944,-1.8790073e-05,stable
1906,1906,0.99945176,0.01557,0.01637,0.0008000005,0.0008000005,0.0010583492,0.0012595026,0.00020115345,stable
2520,2520,0.9994519,0.01205,0.010009999,-0.0020400006,0.0020400006,0.0012457437,0.0008386828,-0.0004070609,stable
4392,4392,0.9994525,0.01176,0.008959999,-0.0028000008,0.0028000008,0.0013891367,0.0010457559,-0.00034338073,stable
5307,5307,0.9994525,0.0145,0.01046,-0.00404,0.00404,0.0012375863,0.0007416882,-0.0004958981,stable
4156,4156,0.99945253,0.01177,0.01047,-0.0012999997,0.0012999997,0.0009728601,0.00075866975,-0.00021419034,stable
1659,1659,0.9994528,0.0154,0.01566,0.0002599992,0.0002599992,0.0021238774,0.0020769408,-4.6936562e-05,stable
2477,2477,0.9994539,0.01709,0.0098399995,-0.0072500007,0.0072500007,0.0021598507,0.00072291045,-0.0014369402,stable
4027,4027,0.99945414,0.01554,0.01218,-0.0033600004,0.0033600004,0.0020948001,0.0016436578,-0.00045114232,stable
1203,1203,0.9994549,0.00964,0.009,-0.0006400002,0.0006400002,0.0008129849,0.00032146636,-0.0004915185,stable
207,207,0.99945503,0.00925,0.00091,-0.00834,0.00834,0.00037074767,2.9906978e-05,-0.0003408407,stable
197,197,0.9994552,0.01826,0.017889999,-0.00037000142,0.00037000142,0.008849185,0.007966486,-0.00088269915,stable
5599,5599,0.9994553,0.0164,0.01566,-0.000740001,0.000740001,0.0015123056,0.0017932068,0.0002809012,stable
2366,2366,0.9994555,0.01055,0.015,0.00445,0.00445,0.00040980682,0.00063544855,0.00022564174,stable
4770,4770,0.9994556,0.01736,0.01728,-8.000061e-05,8.000061e-05,0.010599509,0.010953587,0.00035407767,stable
2724,2724,0.99945587,0.01649,0.013119999,-0.00337,0.00337,0.0030233928,0.0019556081,-0.0010677846,stable
3212,3212,0.9994559,0.00049999997,0.00039,-0.000109999964,0.000109999964,1.2064861e-05,1.09808e-05,-1.0840613e-06,stable
4394,4394,0.999456,0.01749,0.01706,-0.00042999908,0.00042999908,0.0050277347,0.006204541,0.0011768062,stable
2096,2096,0.9994561,0.01757,0.017269999,-0.00030000135,0.00030000135,0.007319214,0.0058819507,-0.0014372631,stable
1084,1084,0.9994564,0.01726,0.0169,-0.00036000088,0.00036000088,0.0060524913,0.0044273576,-0.0016251337,stable
4736,4736,0.9994565,0.00208,0.00068999996,-0.0013900001,0.0013900001,2.7305541e-05,2.27326e-05,-4.572941e-06,stable
3296,3296,0.99945676,0.01162,0.008429999,-0.0031900005,0.0031900005,0.0010233633,0.00017752114,-0.0008458422,stable
3020,3020,0.9994569,0.01306,0.0169,0.0038399994,0.0038399994,0.0013244144,0.0033957902,0.002071376,stable
2788,2788,0.9994574,0.01729,0.01731,1.9999221e-05,1.9999221e-05,0.0049425378,0.0052677207,0.00032518292,stable
879,879,0.9994576,0.01053,0.00968,-0.0008499995,0.0008499995,0.00058231404,0.0004121469,-0.00017016713,stable
427,427,0.99945796,0.01712,0.01671,-0.00040999986,0.00040999986,0.0051097167,0.0039329613,-0.0011767554,stable
3433,3433,0.9994587,0.017099999,0.016719999,-0.0003800001,0.0003800001,0.0030555835,0.0032907696,0.00023518619,stable
5661,5661,0.99945927,0.00099,0.00049,-0.00049999997,0.00049999997,2.682471e-05,1.7742472e-05,-9.082238e-06,stable
317,317,0.9994595,0.01304,0.01036,-0.00268,0.00268,0.0008193058,0.00065308105,-0.00016622472,stable
5058,5058,0.9994595,0.01685,0.01587,-0.000980001,0.000980001,0.0011654826,0.0008778404,-0.00028764218,stable
886,886,0.9994596,0.010489999,0.012139999,0.00165,0.00165,0.0008805724,0.0006848775,-0.00019569491,stable
5979,5979,0.9994598,0.01733,0.01723,-9.999983e-05,9.999983e-05,0.005144935,0.0050065983,-0.00013833679,stable
1690,1690,0.99945986,0.00177,0.00834,0.00657,0.00657,2.8174876e-05,0.00020712176,0.00017894688,stable
3275,3275,0.99945986,0.01735,0.01701,-0.0003399998,0.0003399998,0.0060626995,0.0038435864,-0.002219113,stable
6108,6108,0.99946004,0.013979999,0.014599999,0.00062000006,0.00062000006,0.00095719006,0.0010891672,0.00013197714,stable
4817,4817,0.9994604,0.00857,0.0084999995,-7.000007e-05,7.000007e-05,0.00016193597,0.00022628915,6.435318e-05,stable
4422,4422,0.9994605,0.00881,0.00887,6.0000457e-05,6.0000457e-05,0.0004809104,0.0009961751,0.0005152647,stable
5267,5267,0.9994605,0.00876,0.00839,-0.00036999956,0.00036999956,0.00068023027,0.00025751867,-0.0004227116,stable
2922,2922,0.9994615,0.01152,0.00892,-0.0026000002,0.0026000002,0.0015645244,0.00078731857,-0.0007772058,stable
633,633,0.99946165,0.01633,0.0149799995,-0.0013500005,0.0013500005,0.0013480812,0.0007065136,-0.0006415676,stable
1674,1674,0.99946195,0.01747,0.01699,-0.00047999993,0.00047999993,0.0054986123,0.0059877518,0.00048913946,stable
5716,5716,0.9994622,0.008979999,0.00912,0.00014000013,0.00014000013,0.0004157437,0.00044225913,2.6515423e-05,stable
3299,3299,0.9994625,0.01504,0.01497,-7.000007e-05,7.000007e-05,0.00082704047,0.00086266827,3.5627803e-05,stable
3216,3216,0.9994627,0.01587,0.0016399999,-0.01423,0.01423,0.0008554901,2.7420267e-05,-0.0008280698,stable
1254,1254,0.99946284,0.00919,0.00885,-0.0003399998,0.0003399998,0.00042502114,0.00038327402,-4.1747116e-05,stable
2524,2524,0.99946284,0.01731,0.01684,-0.0004699994,0.0004699994,0.0050248425,0.0033805505,-0.0016442919,stable
660,660,0.9994631,0.01732,0.01712,-0.00019999966,0.00019999966,0.0066880356,0.0054074256,-0.00128061,stable
5906,5906,0.9994632,0.00087,0.00087999995,9.99996e-06,9.99996e-06,2.5356398e-05,2.6216254e-05,8.598563e-07,stable
2343,2343,0.99946344,0.01457,0.013259999,-0.0013100002,0.0013100002,0.0015652253,0.001347474,-0.00021775125,stable
2635,2635,0.99946344,0.015369999,0.01309,-0.0022799997,0.0022799997,0.0017933414,0.0014140065,-0.0003793349,stable
1186,1186,0.99946356,0.01625,0.01177,-0.0044799997,0.0044799997,0.0011856407,0.000484419,-0.0007012217,stable
5080,5080,0.99946356,0.016619999,0.00799,-0.008629999,0.008629999,0.0016763809,0.00012284174,-0.0015535392,stable
1624,1624,0.99946404,0.00828,0.01069,0.0024100002,0.0024100002,0.00011116957,0.0001668325,5.566293e-05,stable
1141,1141,0.9994647,0.0004,0.00043,2.9999996e-05,2.9999996e-05,1.3371196e-05,1.4606466e-05,1.2352702e-06,stable
3282,3282,0.99946475,0.01612,0.0166,0.00047999993,0.00047999993,0.0021268355,0.0028029522,0.0006761167,stable
3594,3594,0.99946487,0.01704,0.016479999,-0.00056000054,0.00056000054,0.0022686855,0.0021740538,-9.463169e-05,stable
104,104,0.9994651,0.01416,0.00969,-0.00447,0.00447,0.0016395765,0.0010123907,-0.0006271858,stable
970,970,0.9994652,0.01594,0.0123499995,-0.0035899999,0.0035899999,0.0013156983,0.00084258604,-0.00047311222,stable
4928,4928,0.9994652,0.00865,0.00839,-0.00026000012,0.00026000012,0.0011416512,0.0007055693,-0.0004360819,stable
2410,2410,0.9994665,0.0173,0.01683,-0.00047000125,0.00047000125,0.005163716,0.004297023,-0.000866693,stable
2624,2624,0.99946654,0.01709,0.01688,-0.0002100002,0.0002100002,0.005894246,0.00639315,0.0004989039,stable
3280,3280,0.999467,0.017679999,0.016999999,-0.0006799996,0.0006799996,0.0021349879,0.0013337189,-0.00080126897,stable
5954,5954,0.99946713,0.00851,0.00826,-0.0002500005,0.0002500005,0.0010412453,0.00087497727,-0.00016626803,stable
616,616,0.99946856,0.01707,0.017199999,0.0001299996,0.0001299996,0.007949613,0.006785615,-0.0011639982,stable
1702,1702,0.99946886,0.0088599995,0.00091999996,-0.00794,0.00794,0.0003962065,3.177618e-05,-0.00036443034,stable
351,351,0.9994689,0.01286,0.0089,-0.0039600004,0.0039600004,0.0013256138,0.00060733047,-0.00071828335,stable
5389,5389,0.9994689,0.017169999,0.01585,-0.0013199989,0.0013199989,0.002226293,0.0018345158,-0.00039177726,stable
393,393,0.99946916,0.00877,0.0145,0.0057299994,0.0057299994,0.00063499593,0.0012483061,0.0006133102,stable
4481,4481,0.99946964,0.016889999,0.01661,-0.0002799984,0.0002799984,0.0018408946,0.0015799184,-0.00026097614,stable
5693,5693,0.99946964,0.0089,0.008719999,-0.00018000044,0.00018000044,0.0010982739,0.0010879578,-1.0316144e-05,stable
6139,6139,0.99946964,0.01756,0.01719,-0.00036999956,0.00036999956,0.0031918725,0.0028769018,-0.00031497073,stable
4888,4888,0.99946976,0.01487,0.01208,-0.0027900003,0.0027900003,0.0013421762,0.0010028153,-0.0003393609,stable
559,559,0.99947023,0.01746,0.01705,-0.00040999986,0.00040999986,0.007538917,0.0058495444,-0.0016893726,stable
4916,4916,0.99947035,0.00961,0.009219999,-0.00039000064,0.00039000064,0.0010235346,0.0007609027,-0.00026263186,stable
5687,5687,0.9994706,0.017649999,0.017409999,-0.00023999996,0.00023999996,0.0086971,0.008391957,-0.00030514318,stable
2031,2031,0.9994707,0.015689999,0.01667,0.000980001,0.000980001,0.0019717421,0.0033149286,0.0013431865,stable
1388,1388,0.9994713,0.01731,0.01697,-0.0003399998,0.0003399998,0.005814705,0.0063286815,0.00051397644,stable
561,561,0.9994714,0.01158,0.01671,0.0051300004,0.0051300004,0.00090057205,0.0021950845,0.0012945124,stable
4298,4298,0.9994716,0.013189999,0.0132,1.0000542e-05,1.0000542e-05,0.001368131,0.0012436163,-0.00012451469,stable
4886,4886,0.9994718,0.00317,0.00481,0.0016399999,0.0016399999,3.8789705e-05,3.729005e-05,-1.4996549e-06,stable
1152,1152,0.9994719,0.01833,0.01795,-0.0003800001,0.0003800001,0.0117561985,0.011071426,-0.0006847726,stable
1138,1138,0.9994725,0.01722,0.01365,-0.0035699997,0.0035699997,0.0026717815,0.0015416363,-0.0011301452,stable
5586,5586,0.9994726,0.017339999,0.01719,-0.00014999881,0.00014999881,0.0049273423,0.0035078633,-0.001419479,stable
686,686,0.9994734,0.017199999,0.015009999,-0.0021899994,0.0021899994,0.00299599,0.001386782,-0.001609208,stable
774,774,0.99947345,0.00849,0.008429999,-6.0000457e-05,6.0000457e-05,0.000935632,0.00026654796,-0.000669084,stable
1963,1963,0.99947375,0.0101499995,0.009939999,-0.0002100002,0.0002100002,0.0005332244,0.00033803144,-0.00019519293,stable
6141,6141,0.9994739,0.009149999,0.00893,-0.00021999981,0.00021999981,0.0009892718,0.00080764585,-0.00018162595,stable
5232,5232,0.99947435,0.00883,0.00869,-0.00014000013,0.00014000013,0.00078037963,0.0008484696,6.808998e-05,stable
204,204,0.9994747,0.0088599995,0.00911,0.0002500005,0.0002500005,0.0011555641,0.0010771847,-7.837941e-05,stable
2596,2596,0.9994749,0.01559,0.01466,-0.0009300001,0.0009300001,0.0016592575,0.0016993969,4.013942e-05,stable
4058,4058,0.9994749,0.01749,0.01707,-0.0004200004,0.0004200004,0.007762543,0.006332398,-0.001430145,stable
5129,5129,0.9994751,0.017169999,0.012069999,-0.0050999997,0.0050999997,0.003414097,0.0016956031,-0.0017184939,stable
253,253,0.99947524,0.0155299995,0.013739999,-0.0017900001,0.0017900001,0.00096289394,0.0004914311,-0.00047146284,stable
5704,5704,0.9994756,0.01766,0.01726,-0.00039999932,0.00039999932,0.0035644872,0.0028784282,-0.000686059,stable
201,201,0.99947596,0.00725,0.0009,-0.00635,0.00635,9.75121e-05,3.1518262e-05,-6.599384e-05,stable
170,170,0.999476,0.01606,0.01538,-0.0006800005,0.0006800005,0.0021705423,0.002325642,0.00015509967,stable
3391,3391,0.9994761,0.00866,0.00923,0.00057000015,0.00057000015,0.00026271146,0.00044753478,0.00018482332,stable
3817,3817,0.9994761,0.017749999,0.01743,-0.0003199987,0.0003199987,0.010793479,0.010606188,-0.00018729083,stable
3205,3205,0.9994765,0.01773,0.01585,-0.0018799994,0.0018799994,0.0014587201,0.0008902739,-0.0005684462,stable
5011,5011,0.9994769,0.017339999,0.017169999,-0.0001699999,0.0001699999,0.010582694,0.010039852,-0.00054284185,stable
3272,3272,0.999477,0.01752,0.017239999,-0.00028000027,0.00028000027,0.0042641186,0.0059259497,0.001661831,stable
1272,1272,0.9994775,0.0139999995,0.01002,-0.0039799996,0.0039799996,0.0015316196,0.0011918929,-0.00033972668,stable
3011,3011,0.9994775,0.01706,0.016719999,-0.00034000166,0.00034000166,0.003055188,0.0030575623,2.374174e-06,stable
5082,5082,0.999478,0.00102,0.00078999996,-0.00023,0.00023,3.769421e-05,2.701989e-05,-1.0674321e-05,stable
5819,5819,0.99947834,0.01277,0.00957,-0.0032000002,0.0032000002,0.00069661177,0.00036207793,-0.00033453383,stable
3158,3158,0.9994784,0.015199999,0.0155299995,0.00033000018,0.00033000018,0.0016188829,0.0017833734,0.00016449054,stable
3386,3386,0.99947894,0.01241,0.00911,-0.0033,0.0033,0.0017823166,0.00047957525,-0.0013027414,stable
779,779,0.99947906,0.0088,0.00878,-2.0000152e-05,2.0000152e-05,0.0007374158,0.00039376417,-0.00034365163,stable
5190,5190,0.9994793,0.01698,0.0169,-8.000061e-05,8.000061e-05,0.0050938865,0.004271627,-0.0008222596,stable
4048,4048,0.9994797,0.00857,0.00062999997,-0.00794,0.00794,0.0007858795,2.0349913e-05,-0.0007655296,stable
3738,3738,0.99948025,0.01731,0.01698,-0.00032999925,0.00032999925,0.0058629015,0.0060417014,0.00017879996,stable
1711,1711,0.99948037,0.016579999,0.01478,-0.0017999988,0.0017999988,0.001743818,0.00095388805,-0.00078993,stable
802,802,0.9994806,0.01616,0.01492,-0.0012400001,0.0012400001,0.0011816905,0.0009659,-0.00021579047,stable
3129,3129,0.9994806,0.00192,0.0010299999,-0.00089,0.00089,3.9110797e-05,3.406556e-05,-5.0452363e-06,stable
2114,2114,0.9994807,0.01773,0.0174,-0.00032999925,0.00032999925,0.0029417302,0.0034583858,0.0005166556,stable
2871,2871,0.99948084,0.01088,0.01313,0.00225,0.00225,0.000549988,0.0009162866,0.0003662986,stable
509,509,0.99948096,0.01016,0.01397,0.0038099997,0.0038099997,0.0013108117,0.0018159905,0.0005051788,stable
289,289,0.9994813,0.0012599999,0.00483,0.0035700002,0.0035700002,4.289111e-05,4.339883e-05,5.0771996e-07,stable
2747,2747,0.9994817,0.017789999,0.01753,-0.0002599992,0.0002599992,0.0076548415,0.0071172155,-0.000537626,stable
4850,4850,0.9994818,0.01746,0.017129999,-0.00033000112,0.00033000112,0.0038208677,0.0028204229,-0.0010004449,stable
5815,5815,0.9994825,0.00983,0.01126,0.0014300002,0.0014300002,0.0010644621,0.0010292102,-3.5251956e-05,stable
4647,4647,0.99948275,0.01263,0.011419999,-0.0012100004,0.0012100004,0.0011046485,0.0009629484,-0.00014170003,stable
5510,5510,0.999483,0.009219999,0.009099999,-0.00011999998,0.00011999998,0.0007504988,0.00052284566,-0.00022765313,stable
4961,4961,0.9994831,0.008789999,0.0087,-8.999929e-05,8.999929e-05,0.0007523246,0.000275751,-0.0004765736,stable
1943,1943,0.9994833,0.00084999995,0.00832,0.00747,0.00747,2.8797716e-05,0.00019653617,0.00016773846,stable
3435,3435,0.9994836,0.00091,0.00064,-0.00027000002,0.00027000002,2.957436e-05,1.8699646e-05,-1.0874714e-05,stable
880,880,0.99948376,0.017129999,0.01707,-5.9999526e-05,5.9999526e-05,0.003762818,0.0042250454,0.0004622275,stable
4522,4522,0.999485,0.01685,0.01653,-0.00032000057,0.00032000057,0.0024396626,0.0025901697,0.00015050708,stable
5717,5717,0.999485,0.01089,0.01041,-0.00047999993,0.00047999993,0.0009999707,0.00091156,-8.8410685e-05,stable
5156,5156,0.99948597,0.01739,0.016169999,-0.0012200009,0.0012200009,0.0035699438,0.0022240719,-0.001345872,stable
4501,4501,0.99948674,0.01694,0.0173,0.00036000088,0.00036000088,0.002094475,0.0035587426,0.0014642675,stable
1926,1926,0.9994868,0.014699999,0.01325,-0.0014499994,0.0014499994,0.00096659246,0.00080359716,-0.0001629953,stable
81,81,0.9994873,0.00869,0.00854,-0.00014999975,0.00014999975,0.00025130482,0.0006853985,0.0004340937,stable
2103,2103,0.9994875,0.0169,0.016449999,-0.00045000017,0.00045000017,0.0027540764,0.0018401922,-0.00091388414,stable
3528,3528,0.99948776,0.01359,0.00851,-0.0050799996,0.0050799996,0.0021608383,0.0010866963,-0.001074142,stable
2663,2663,0.999488,0.01016,0.01004,-0.00011999998,0.00011999998,0.001410639,0.0012511545,-0.00015948457,stable
5026,5026,0.99948823,0.00881,0.00084,-0.00797,0.00797,0.00019229518,2.816229e-05,-0.00016413289,stable
2605,2605,0.99948835,0.00104,0.00864,0.0075999997,0.0075999997,4.3210606e-05,0.0003684313,0.0003252207,stable
28,28,0.9994885,0.012,0.01201,9.9996105e-06,9.9996105e-06,0.00085732894,0.00083581806,-2.1510874e-05,stable
2301,2301,0.9994885,0.01253,0.00606,-0.00647,0.00647,0.0009809557,6.479433e-05,-0.00091616134,stable
4241,4241,0.9994885,0.00087999995,0.0024299999,0.0015499999,0.0015499999,3.39643e-05,2.6272246e-05,-7.692055e-06,stable
1784,1784,0.9994887,0.015199999,0.012709999,-0.0024899999,0.0024899999,0.002012783,0.0014695007,-0.00054328225,stable
2791,2791,0.9994893,0.01754,0.015829999,-0.0017100014,0.0017100014,0.0020513039,0.0015895336,-0.00046177022,stable
4711,4711,0.9994893,0.01632,0.01629,-2.9999763e-05,2.9999763e-05,0.0013821817,0.0018588769,0.00047669525,stable
5885,5885,0.9994893,0.00105,0.00088999997,-0.00016,0.00016,3.7235306e-05,3.1436663e-05,-5.7986435e-06,stable
5878,5878,0.9994899,0.00932,0.00871,-0.00061000045,0.00061000045,0.0005984199,0.0005367532,-6.166671e-05,stable
6133,6133,0.99949014,0.0088,0.00962,0.0008199997,0.0008199997,0.0005227683,0.001110784,0.0005880157,stable
2620,2620,0.99949044,0.01728,0.01738,9.999983e-05,9.999983e-05,0.003811521,0.0044053467,0.0005938257,stable
621,621,0.9994905,0.0016699999,0.013169999,0.011499999,0.011499999,5.1568673e-05,0.00020333995,0.00015177128,stable
3651,3651,0.9994906,0.0167,0.01671,1.0000542e-05,1.0000542e-05,0.003097237,0.0031655633,6.832625e-05,stable
6120,6120,0.99949074,0.01719,0.01694,-0.0002500005,0.0002500005,0.0034274664,0.00478926,0.0013617938,stable
109,109,0.9994909,0.01596,0.00849,-0.0074700005,0.0074700005,0.0017140366,0.0005461635,-0.0011678732,stable
5898,5898,0.99949133,0.009219999,0.01084,0.0016200002,0.0016200002,0.00066697574,0.00082284946,0.00015587371,stable
4533,4533,0.9994915,0.012159999,0.01627,0.004110001,0.004110001,0.0015135235,0.0021147153,0.0006011918,stable
6078,6078,0.9994916,0.016409999,0.0162,-0.00020999834,0.00020999834,0.0017347259,0.0020565204,0.00032179453,stable
3393,3393,0.9994918,0.0013199999,0.0065699997,0.00525,0.00525,2.587248e-05,4.781576e-05,2.194328e-05,stable
2554,2554,0.99949193,0.00075999997,0.00052,-0.00023999996,0.00023999996,2.0205936e-05,1.3000275e-05,-7.205661e-06,stable
4971,4971,0.999492,0.0048499997,0.0077,0.0028500003,0.0028500003,4.3730677e-05,0.000105389896,6.1659215e-05,stable
4198,4198,0.99949205,0.01019,0.00864,-0.0015500002,0.0015500002,0.0009778998,0.00042539474,-0.000552505,stable
6106,6106,0.99949205,0.01736,0.01705,-0.00031000003,0.00031000003,0.0023266599,0.0013865203,-0.0009401395,stable
4168,4168,0.9994927,0.00127,0.0088599995,0.0075899996,0.0075899996,3.0495205e-05,0.00044302057,0.00041252538,stable
2588,2588,0.999493,0.00956,0.00849,-0.0010700002,0.0010700002,0.0011443795,0.00066999317,-0.00047438632,stable
64,64,0.99949336,0.0131,0.01019,-0.0029100003,0.0029100003,0.001408399,0.0011898123,-0.00021858665,stable
2217,2217,0.999494,0.01664,0.01605,-0.0005900003,0.0005900003,0.0031105117,0.0029215077,-0.000189004,stable
3266,3266,0.9994941,0.00453,0.00117,-0.00336,0.00336,4.5553148e-05,2.8972348e-05,-1.65808e-05,stable
5738,5738,0.9994942,0.015009999,0.0152199995,0.0002100002,0.0002100002,0.00075319374,0.00075900386,5.810114e-06,stable
2614,2614,0.9994948,0.01164,0.00988,-0.0017600004,0.0017600004,0.0009887576,0.0007121602,-0.0002765974,stable
115,115,0.9994951,0.01732,0.01708,-0.00023999996,0.00023999996,0.008724375,0.008501267,-0.00022310764,stable
2999,2999,0.99949515,0.00963,0.008669999,-0.0009600008,0.0009600008,0.00045161802,0.00010717933,-0.00034443868,stable
1471,1471,0.9994955,0.01701,0.01677,-0.00023999996,0.00023999996,0.008744142,0.008409437,-0.00033470523,stable
310,310,0.99949557,0.01231,0.01253,0.00021999981,0.00021999981,0.0005704107,0.00081737794,0.00024696725,stable
1661,1661,0.99949557,0.008429999,0.008429999,0.0,0.0,0.00050637365,0.0004618916,-4.4482033e-05,stable
1444,1444,0.9994958,0.01764,0.0174,-0.00023999996,0.00023999996,0.0067786644,0.005895225,-0.00088343956,stable
398,398,0.9994962,0.0116,0.0112499995,-0.00035000034,0.00035000034,0.0003832389,0.00023036938,-0.00015286951,stable
6020,6020,0.9994962,0.01721,0.01547,-0.0017399993,0.0017399993,0.0032538967,0.0022305374,-0.0010233594,stable
1803,1803,0.9994967,0.01711,0.016619999,-0.0004900005,0.0004900005,0.004406029,0.004642049,0.00023601996,stable
5369,5369,0.9994968,0.017439999,0.01731,-0.0001299996,0.0001299996,0.0034629863,0.004705609,0.0012426225,stable
5883,5883,0.9994971,0.01718,0.017339999,0.00015999936,0.00015999936,0.010079659,0.009196007,-0.0008836519,stable
2479,2479,0.9994972,0.01697,0.01668,-0.00028999895,0.00028999895,0.0042196317,0.0032541514,-0.0009654802,stable
2347,2347,0.99949723,0.01839,0.017959999,-0.00043000095,0.00043000095,0.004056668,0.003834685,-0.00022198283,stable
3825,3825,0.9994981,0.017269999,0.01712,-0.00014999881,0.00014999881,0.008363194,0.00858812,0.00022492651,stable
498,498,0.9994986,0.012259999,0.012,-0.0002599992,0.0002599992,0.0014711713,0.0012237864,-0.0002473849,stable
2651,2651,0.9994993,0.01376,0.00897,-0.0047899997,0.0047899997,0.0014967959,0.00090485427,-0.00059194164,stable
4448,4448,0.9994999,0.00945,0.012259999,0.0028099995,0.0028099995,0.00077942107,0.00092589157,0.0001464705,stable
5023,5023,0.99950004,0.0138799995,0.00858,-0.0052999994,0.0052999994,0.0016449819,0.0007567554,-0.0008882265,stable
3043,3043,0.9995003,0.00062,0.0009999999,0.00037999992,0.00037999992,1.7861938e-05,1.7595228e-05,-2.6670932e-07,stable
478,478,0.99950045,0.01497,0.01548,0.0005099997,0.0005099997,0.0012721573,0.0015432002,0.00027104293,stable
3176,3176,0.99950117,0.01691,0.01684,-7.000007e-05,7.000007e-05,0.002358151,0.0026836141,0.00032546325,stable
4200,4200,0.9995016,0.01728,0.01709,-0.00018999912,0.00018999912,0.0036089483,0.0042451704,0.0006362221,stable
1263,1263,0.99950206,0.01747,0.00967,-0.0078000007,0.0078000007,0.0015351132,0.0003482893,-0.0011868239,stable
3440,3440,0.9995028,0.01356,0.01172,-0.00184,0.00184,0.0019344775,0.0014812866,-0.00045319088,stable
5366,5366,0.9995032,0.01628,0.016549999,0.00026999973,0.00026999973,0.0027544084,0.0040309574,0.001276549,stable
1174,1174,0.99950343,0.01746,0.01711,-0.00035000034,0.00035000034,0.0035494866,0.0032661166,-0.00028337003,stable
910,910,0.9995036,0.01752,0.01714,-0.0003800001,0.0003800001,0.0050904886,0.0044314116,-0.00065907696,stable
1220,1220,0.9995041,0.01699,0.01677,-0.00022000074,0.00022000074,0.007047418,0.0068501513,-0.0001972667,stable
1049,1049,0.9995042,0.01685,0.016449999,-0.00040000118,0.00040000118,0.0039335066,0.00314693,-0.00078657665,stable
4014,4014,0.99950427,0.00856,0.01251,0.00395,0.00395,0.0007080406,0.0013339753,0.00062593474,stable
1615,1615,0.9995043,0.01694,0.01619,-0.00074999966,0.00074999966,0.002092126,0.0019451546,-0.00014697143,stable
450,450,0.9995044,0.009339999,0.0098399995,0.0005000001,0.0005000001,0.00057040405,0.00064506155,7.4657495e-05,stable
5168,5168,0.9995051,0.01704,0.01697,-7.000007e-05,7.000007e-05,0.004031961,0.0034078076,-0.0006241533,stable
5420,5420,0.9995052,0.00847,0.00059999997,-0.00787,0.00787,0.0004927487,1.9894132e-05,-0.00047285456,stable
1356,1356,0.9995054,0.01743,0.016959999,-0.00047000125,0.00047000125,0.004167449,0.0036998382,-0.000467611,stable
2975,2975,0.9995061,0.01722,0.016449999,-0.00077000074,0.00077000074,0.0015393965,0.0011905989,-0.00034879753,stable
405,405,0.99950635,0.00912,0.00869,-0.00043000001,0.00043000001,0.00049830915,0.00030360388,-0.00019470527,stable
5071,5071,0.99950635,0.00906,0.00845,-0.00061000045,0.00061000045,0.0007248218,0.0005076345,-0.00021718733,stable
5581,5581,0.99950635,0.00832,0.00087,-0.00745,0.00745,0.0007692066,1.8293225e-05,-0.0007509134,stable
5625,5625,0.99950635,0.014409999,0.00858,-0.005829999,0.005829999,0.0011684623,0.0004771687,-0.0006912936,stable
2895,2895,0.99950665,0.01701,0.01653,-0.00047999993,0.00047999993,0.0031199853,0.002414668,-0.00070531736,stable
261,261,0.9995067,0.01735,0.01697,-0.0003800001,0.0003800001,0.005590909,0.0034898077,-0.0021011014,stable
5533,5533,0.99950683,0.017239999,0.01714,-9.999983e-05,9.999983e-05,0.005912872,0.007216146,0.0013032742,stable
5323,5323,0.99950695,0.01685,0.016689999,-0.00016000122,0.00016000122,0.005302825,0.005027783,-0.0002750419,stable
5148,5148,0.99950707,0.00975,0.00913,-0.00062000006,0.00062000006,0.0013872108,0.0013075087,-7.970212e-05,stable
5360,5360,0.99950725,0.01487,0.00062,-0.01425,0.01425,0.0013417825,1.7367765e-05,-0.0013244147,stable
3927,3927,0.9995076,0.00087999995,0.00081,-6.999995e-05,6.999995e-05,3.183685e-05,2.4355753e-05,-7.481098e-06,stable
1164,1164,0.9995079,0.01683,0.01629,-0.00053999946,0.00053999946,0.0016585405,0.0010977597,-0.00056078075,stable
1591,1591,0.9995084,0.00889,0.00873,-0.00016000029,0.00016000029,0.0017106008,0.0013620101,-0.00034859066,stable
4022,4022,0.99951047,0.016889999,0.01524,-0.0016499991,0.0016499991,0.002628872,0.0017176627,-0.00091120927,stable
5211,5211,0.99951065,0.00931,0.00451,-0.0047999998,0.0047999998,0.0007492004,4.9015267e-05,-0.00070018513,stable
3862,3862,0.99951077,0.016959999,0.01676,-0.00019999966,0.00019999966,0.0046331678,0.004060893,-0.0005722749,stable
1270,1270,0.999511,0.01524,0.012809999,-0.0024300003,0.0024300003,0.0018889303,0.0013306099,-0.00055832043,stable
5743,5743,0.9995123,0.00866,0.00727,-0.0013899999,0.0013899999,0.00018226948,6.561815e-05,-0.000116651325,stable
1757,1757,0.9995124,0.01832,0.01743,-0.0008899998,0.0008899998,0.00676876,0.0068696532,0.000100893434,stable
1042,1042,0.99951255,0.01339,0.01136,-0.00203,0.00203,0.0008055597,0.00033129271,-0.00047426697,stable
3437,3437,0.99951273,0.01671,0.016579999,-0.00013000146,0.00013000146,0.0052357507,0.003366712,-0.0018690387,stable
4254,4254,0.99951273,0.01756,0.0087,-0.0088599995,0.0088599995,0.0029169852,0.0008332597,-0.0020837255,stable
3556,3556,0.99951315,0.01683,0.01589,-0.0009399988,0.0009399988,0.0010165692,0.00063320127,-0.00038336794,stable
153,153,0.9995141,0.00072,0.00702,0.0063,0.0063,2.5285206e-05,8.199455e-05,5.6709345e-05,stable
1401,1401,0.99951434,0.01809,0.01038,-0.0077100005,0.0077100005,0.00504674,0.0011192581,-0.0039274823,stable
3578,3578,0.99951446,0.01787,0.01657,-0.0012999997,0.0012999997,0.00393301,0.0017843508,-0.0021486594,stable
2776,2776,0.9995147,0.00232,0.00142,-0.0009,0.0009,5.126551e-05,3.461943e-05,-1.6646081e-05,stable
5773,5773,0.99951506,0.008719999,0.0013,-0.007419999,0.007419999,0.00013607921,3.5527562e-05,-0.000100551646,stable
2817,2817,0.9995152,0.01566,0.009029999,-0.0066299997,0.0066299997,0.0016476465,0.0009390523,-0.0007085942,stable
1317,1317,0.9995155,0.01055,0.012329999,0.0017799996,0.0017799996,0.0013220337,0.0014951379,0.00017310423,stable
3195,3195,0.9995155,0.01308,0.01644,0.0033600004,0.0033600004,0.0003703505,0.0017884912,0.0014181407,stable
3873,3873,0.9995157,0.01728,0.00911,-0.008169999,0.008169999,0.0021404747,0.0010672674,-0.0010732074,stable
3186,3186,0.9995158,0.01722,0.01714,-8.000061e-05,8.000061e-05,0.0023848035,0.00204336,-0.00034144358,stable
3070,3070,0.9995161,0.016309999,0.012829999,-0.0034799995,0.0034799995,0.00091029133,0.00020136604,-0.0007089253,stable
1452,1452,0.9995162,0.00863,0.01582,0.0071900003,0.0071900003,0.00064481323,0.0017321218,0.0010873086,stable
1557,1557,0.99951816,0.01714,0.01297,-0.0041699996,0.0041699996,0.0016245007,0.00089027855,-0.0007342222,stable
3765,3765,0.9995187,0.016449999,0.016379999,-7.000007e-05,7.000007e-05,0.0022028603,0.0020968746,-0.00010598567,stable
2191,2191,0.9995195,0.01695,0.01678,-0.0001699999,0.0001699999,0.004422747,0.0037425004,-0.0006802466,stable
3017,3017,0.9995196,0.01793,0.017509999,-0.0004200004,0.0004200004,0.008271231,0.0070935534,-0.0011776779,stable
2547,2547,0.99951994,0.00683,0.00068,-0.00615,0.00615,6.2564985e-05,2.5531095e-05,-3.703389e-05,stable
5016,5016,0.99952006,0.01709,0.017239999,0.00014999881,0.00014999881,0.004874381,0.0052210935,0.00034671277,stable
3076,3076,0.9995202,0.01681,0.01315,-0.00366,0.00366,0.0020361328,0.0010191959,-0.001016937,stable
4674,4674,0.9995203,0.0177,0.01738,-0.00032000057,0.00032000057,0.0056112804,0.00497958,-0.00063170027,stable
1597,1597,0.99952054,0.009339999,0.00945,0.00011000037,0.00011000037,0.0009371238,0.00075678143,-0.00018034235,stable
2260,2260,0.99952066,0.0009,0.00048,-0.00042,0.00042,2.1456679e-05,1.0921382e-05,-1.05352965e-05,stable
1319,1319,0.999521,0.0156,0.01387,-0.0017299997,0.0017299997,0.0016558596,0.001467969,-0.0001878906,stable
922,922,0.999522,0.017439999,0.01707,-0.00036999956,0.00036999956,0.0038647417,0.003158652,-0.00070608966,stable
222,222,0.99952203,0.00071,0.00104,0.00033,0.00033,2.3173716e-05,1.5470729e-05,-7.702987e-06,stable
5135,5135,0.9995223,0.01767,0.01726,-0.00040999986,0.00040999986,0.009841415,0.00979635,-4.5064837e-05,stable
3092,3092,0.9995225,0.01714,0.017099999,-4.0000305e-05,4.0000305e-05,0.004264522,0.0037493145,-0.0005152074,stable
1402,1402,0.99952406,0.0169,0.01528,-0.0016199993,0.0016199993,0.0024570024,0.0019844158,-0.0004725866,stable
1230,1230,0.99952435,0.00081,0.00074,-7.000001e-05,7.000001e-05,2.9174142e-05,2.3695626e-05,-5.478516e-06,stable
5390,5390,0.9995251,0.00986,0.00661,-0.0032499996,0.0032499996,0.0010230944,6.130993e-05,-0.00096178445,stable
1847,1847,0.99952537,0.00877,0.01564,0.0068699997,0.0068699997,0.00031777285,0.0012261195,0.0009083466,stable
1027,1027,0.9995254,0.00899,0.01272,0.00373,0.00373,0.0009998346,0.0011657178,0.00016588322,stable
4057,4057,0.9995254,0.01054,0.0122,0.0016599996,0.0016599996,0.00013609418,0.00019861202,6.2517836e-05,stable
18,18,0.99952614,0.01726,0.0173,4.0000305e-05,4.0000305e-05,0.0088445535,0.006693044,-0.0021515093,stable
2433,2433,0.99952614,0.016889999,0.015789999,-0.0011,0.0011,0.0018245568,0.0010260175,-0.0007985394,stable
299,299,0.9995265,0.01747,0.017269999,-0.00020000152,0.00020000152,0.009671804,0.0096463375,-2.5466084e-05,stable
4035,4035,0.99952734,0.0169,0.01697,7.000007e-05,7.000007e-05,0.011509633,0.00953315,-0.0019764826,stable
3749,3749,0.9995277,0.017479999,0.0167,-0.0007799994,0.0007799994,0.001311959,0.0016595816,0.00034762255,stable
4894,4894,0.99952805,0.01733,0.016929999,-0.00040000118,0.00040000118,0.010651004,0.010732734,8.1730075e-05,stable
2291,2291,0.99952835,0.01315,0.00873,-0.00442,0.00442,0.0011012957,0.0008402608,-0.00026103487,stable
287,287,0.9995286,0.01695,0.01681,-0.00014000013,0.00014000013,0.006839056,0.00631765,-0.00052140607,stable
3439,3439,0.99952877,0.01757,0.017129999,-0.0004400015,0.0004400015,0.006552091,0.0050125904,-0.0015395004,stable
1984,1984,0.9995289,0.00401,0.00071,-0.0032999997,0.0032999997,4.656015e-05,2.2980661e-05,-2.357949e-05,stable
3923,3923,0.99952894,0.01613,0.015,-0.0011300007,0.0011300007,0.0016562255,0.0016020503,-5.4175267e-05,stable
2687,2687,0.999529,0.017819999,0.01787,5.0000846e-05,5.0000846e-05,0.004149677,0.004554717,0.00040503964,stable
2740,2740,0.99952924,0.01423,0.015299999,0.0010699993,0.0010699993,0.0015740008,0.0018029788,0.000228978,stable
5757,5757,0.99952936,0.0175,0.017199999,-0.00030000135,0.00030000135,0.0065363916,0.007475189,0.00093879737,stable
3752,3752,0.9995294,0.00087999995,0.0014099999,0.00052999996,0.00052999996,3.104044e-05,2.2254711e-05,-8.785728e-06,stable
1576,1576,0.9995295,0.01749,0.01698,-0.0005099997,0.0005099997,0.005904698,0.005551851,-0.00035284692,stable
6019,6019,0.9995296,0.017129999,0.01707,-5.9999526e-05,5.9999526e-05,0.005471092,0.0034208673,-0.002050225,stable
1635,1635,0.9995302,0.017269999,0.013499999,-0.0037699994,0.0037699994,0.0016119293,0.00026974568,-0.0013421836,stable
936,936,0.9995303,0.012879999,0.01627,0.0033900011,0.0033900011,0.0014141066,0.0019641663,0.0005500597,stable
2510,2510,0.99953043,0.01778,0.0175,-0.00028000027,0.00028000027,0.0053409976,0.0057442198,0.00040322216,stable
477,477,0.99953055,0.00877,0.0084999995,-0.00027000066,0.00027000066,0.0010436489,0.0011421514,9.8502496e-05,stable
2434,2434,0.9995313,0.01656,0.01688,0.00032000057,0.00032000057,0.0020480612,0.0031065773,0.0010585161,stable
1175,1175,0.9995316,0.01062,0.00835,-0.00227,0.00227,0.00126672,0.00083664135,-0.00043007865,stable
2212,2212,0.9995326,0.01153,0.0082,-0.0033299997,0.0033299997,0.001561605,0.00081678433,-0.0007448207,stable
1468,1468,0.9995327,0.0144,0.016889999,0.002489999,0.002489999,0.0013041147,0.0044046235,0.0031005088,stable
6118,6118,0.99953276,0.008479999,0.008289999,-0.00019000005,0.00019000005,0.0007497072,0.0001965179,-0.0005531893,stable
535,535,0.9995328,0.00881,0.00853,-0.00027999934,0.00027999934,0.0005250496,0.0001980558,-0.00032699376,stable
3039,3039,0.9995331,0.00899,0.008789999,-0.00020000059,0.00020000059,0.0013000106,0.0012140772,-8.593337e-05,stable
540,540,0.9995333,0.013479999,0.00878,-0.0046999995,0.0046999995,0.0011029982,0.0004213568,-0.0006816414,stable
1014,1014,0.99953455,0.01146,0.00993,-0.00153,0.00153,0.0014681066,0.0014117021,-5.6404504e-05,stable
4622,4622,0.99953485,0.0179,0.011229999,-0.00667,0.00667,0.0031931414,0.0002678623,-0.002925279,stable
2253,2253,0.99953663,0.00825,0.00858,0.00033000018,0.00033000018,0.00012424112,0.00030172785,0.00017748673,stable
4227,4227,0.9995367,0.01715,0.01578,-0.0013699997,0.0013699997,0.0022210882,0.001444745,-0.00077634316,stable
3446,3446,0.9995371,0.00875,0.01594,0.0071899993,0.0071899993,0.000555924,0.0017825436,0.0012266196,stable
5992,5992,0.9995371,0.01732,0.01728,-4.0000305e-05,4.0000305e-05,0.004379505,0.005600355,0.0012208503,stable
3409,3409,0.99953747,0.0089,0.00864,-0.00026000012,0.00026000012,0.00045553374,0.00039733798,-5.8195757e-05,stable
1472,1472,0.9995375,0.00075999997,0.00059,-0.00016999996,0.00016999996,2.2551983e-05,1.7811548e-05,-4.7404355e-06,stable
5046,5046,0.9995384,0.01728,0.01731,2.9999763e-05,2.9999763e-05,0.006072619,0.005685657,-0.0003869622,stable
6040,6040,0.99953866,0.008909999,0.00861,-0.0002999995,0.0002999995,0.00046363787,0.0003662326,-9.740528e-05,stable
3793,3793,0.9995391,0.017339999,0.016889999,-0.00045000017,0.00045000017,0.0075544883,0.007499807,-5.4681208e-05,stable
3162,3162,0.99953926,0.00309,0.00052999996,-0.00256,0.00256,2.5720106e-05,1.4682742e-05,-1.1037364e-05,stable
2766,2766,0.9995398,0.017719999,0.01732,-0.00039999932,0.00039999932,0.004078489,0.0042327237,0.00015423493,stable
4059,4059,0.99954116,0.01461,0.01136,-0.00325,0.00325,0.0019227993,0.0013904797,-0.00053231954,stable
200,200,0.9995417,0.01708,0.01695,-0.0001299996,0.0001299996,0.004875137,0.0033622137,-0.0015129233,stable
3270,3270,0.9995417,0.017099999,0.01684,-0.0002599992,0.0002599992,0.0029099633,0.0028959366,-1.4026649e-05,stable
4844,4844,0.9995419,0.00192,0.00081999996,-0.0011,0.0011,3.6332316e-05,2.9857662e-05,-6.4746546e-06,stable
4287,4287,0.99954426,0.016649999,0.015509999,-0.0011399994,0.0011399994,0.001955023,0.0017789657,-0.00017605734,stable
2311,2311,0.9995445,0.01342,0.01196,-0.0014599999,0.0014599999,0.0012334865,0.0011310725,-0.000102413935,stable
4415,4415,0.99954486,0.00758,0.00052999996,-0.00705,0.00705,6.985155e-05,1.9179739e-05,-5.0671813e-05,stable
5694,5694,0.99954486,0.01589,0.01573,-0.00016000122,0.00016000122,0.0015024531,0.0016530199,0.0001505668,stable
6058,6058,0.9995451,0.01716,0.01702,-0.00014000013,0.00014000013,0.0045091393,0.004460924,-4.82155e-05,stable
1474,1474,0.9995452,0.01704,0.01685,-0.00018999912,0.00018999912,0.006020169,0.0050061275,-0.0010140412,stable
3163,3163,0.99954545,0.00642,0.00055999996,-0.00586,0.00586,7.043946e-05,1.949564e-05,-5.0943825e-05,stable
2697,2697,0.9995469,0.009889999,0.00814,-0.0017499998,0.0017499998,0.0016697531,0.00057775754,-0.0010919955,stable
2998,2998,0.99954695,0.01756,0.013169999,-0.0043900004,0.0043900004,0.0021163647,0.001379902,-0.00073646265,stable
2121,2121,0.9995472,0.01674,0.01664,-9.999983e-05,9.999983e-05,0.0039555235,0.0040434464,8.7922905e-05,stable
522,522,0.9995476,0.0173,0.01685,-0.00045000017,0.00045000017,0.002273112,0.0012685602,-0.0010045519,stable
3702,3702,0.9995476,0.008669999,0.00827,-0.00039999932,0.00039999932,0.0006173448,0.00015611727,-0.00046122755,stable
2795,2795,0.9995477,0.01706,0.0158,-0.0012600012,0.0012600012,0.0012832984,0.000747807,-0.0005354914,stable
3508,3508,0.99954784,0.0168,0.01603,-0.0007699989,0.0007699989,0.0030230284,0.0028476324,-0.00017539598,stable
2584,2584,0.9995481,0.0133299995,0.01563,0.0022999998,0.0022999998,0.0016794369,0.002149923,0.00047048612,stable
5004,5004,0.9995494,0.0087399995,0.0108199995,0.00208,0.00208,0.00036903014,0.0006412457,0.00027221555,stable
902,902,0.9995501,0.01055,0.014099999,0.0035499996,0.0035499996,0.00041603588,0.00072633213,0.00031029625,stable
2931,2931,0.9995502,0.01694,0.01661,-0.00032999925,0.00032999925,0.003783199,0.0028271764,-0.00095602265,stable
1332,1332,0.99955034,0.01653,0.01649,-4.0000305e-05,4.0000305e-05,0.0031326045,0.002757061,-0.0003755435,stable
5597,5597,0.9995507,0.01709,0.01704,-5.0000846e-05,5.0000846e-05,0.009791362,0.00918677,-0.00060459226,stable
5788,5788,0.99955094,0.0088599995,0.008479999,-0.0003800001,0.0003800001,0.00091437664,0.0004940225,-0.00042035413,stable
1326,1326,0.99955136,0.0091699995,0.01626,0.0070900004,0.0070900004,0.0012884111,0.0023965726,0.0011081615,stable
4946,4946,0.9995515,0.009029999,0.010009999,0.00098,0.00098,0.0007848176,0.0008980357,0.00011321809,stable
2642,2642,0.9995519,0.01769,0.01749,-0.00019999966,0.00019999966,0.008891701,0.008398132,-0.00049356837,stable
1990,1990,0.99955255,0.01728,0.017029999,-0.0002500005,0.0002500005,0.007100952,0.008188911,0.0010879589,stable
1382,1382,0.9995531,0.007929999,0.00114,-0.0067899995,0.0067899995,0.00010300511,4.0364208e-05,-6.26409e-05,stable
2937,2937,0.9995531,0.017199999,0.01729,9.000115e-05,9.000115e-05,0.0059892186,0.005684353,-0.00030486565,stable
252,252,0.9995533,0.017129999,0.0168,-0.00032999925,0.00032999925,0.0017314586,0.0022386895,0.00050723087,stable
3826,3826,0.99955386,0.01736,0.01718,-0.00018000044,0.00018000044,0.0040944126,0.0037944622,-0.00029995036,stable
1684,1684,0.99955416,0.00869,0.008429999,-0.00026000012,0.00026000012,0.00070437987,0.0005210402,-0.0001833397,stable
853,853,0.9995543,0.016789999,0.01654,-0.00024999864,0.00024999864,0.0032836266,0.0031580774,-0.00012554927,stable
654,654,0.9995547,0.008669999,0.00037999998,-0.008289999,0.008289999,0.00075699674,1.5036592e-05,-0.00074196013,stable
4750,4750,0.99955493,0.018029999,0.01731,-0.0007199999,0.0007199999,0.0032584777,0.0029293175,-0.00032916013,stable
5088,5088,0.9995564,0.01651,0.01585,-0.00066000037,0.00066000037,0.0024776175,0.0024631796,-1.4437828e-05,stable
284,284,0.99955654,0.010679999,0.00925,-0.0014299992,0.0014299992,0.0014363413,0.0012921316,-0.00014420971,stable
332,332,0.99955726,0.01766,0.01721,-0.00045000017,0.00045000017,0.0038608913,0.0033894896,-0.00047140173,stable
2970,2970,0.99955773,0.00084,0.00064,-0.00020000001,0.00020000001,3.4342203e-05,2.4035482e-05,-1.0306721e-05,stable
5018,5018,0.99955773,0.01732,0.01675,-0.0005699992,0.0005699992,0.0025461053,0.0008188753,-0.0017272299,stable
4300,4300,0.9995595,0.01738,0.017199999,-0.00018000044,0.00018000044,0.004866867,0.0048165247,-5.0342176e-05,stable
5198,5198,0.99955976,0.01729,0.01735,5.9999526e-05,5.9999526e-05,0.0028742747,0.0037272593,0.0008529846,stable
943,943,0.9995611,0.016959999,0.01554,-0.0014199987,0.0014199987,0.0021421895,0.0013577548,-0.0007844347,stable
45,45,0.9995612,0.00087999995,0.00077,-0.000109999964,0.000109999964,2.9215134e-05,2.781138e-05,-1.4037541e-06,stable
2335,2335,0.9995613,0.01794,0.017439999,-0.000500001,0.000500001,0.01083171,0.0100931125,-0.0007385975,stable
2146,2146,0.9995614,0.00961,0.00856,-0.0010500001,0.0010500001,0.0011858303,0.0007971063,-0.00038872403,stable
160,160,0.9995617,0.00127,0.0032799998,0.00201,0.00201,3.9519404e-05,3.490501e-05,-4.614394e-06,stable
4910,4910,0.99956197,0.01711,0.016889999,-0.00022000074,0.00022000074,0.0032769348,0.0038117259,0.00053479103,stable
5917,5917,0.99956286,0.01702,0.01687,-0.00015000068,0.00015000068,0.002939566,0.002423142,-0.00051642396,stable
295,295,0.99956363,0.009699999,0.012999999,0.0033,0.0033,0.0007386279,0.0011241409,0.000385513,stable
5244,5244,0.99956405,0.01706,0.016999999,-6.000139e-05,6.000139e-05,0.008026676,0.007404206,-0.0006224704,stable
1609,1609,0.99956477,0.01697,0.01519,-0.0017799996,0.0017799996,0.003541393,0.0008082071,-0.002733186,stable
3451,3451,0.999565,0.016479999,0.01566,-0.0008199997,0.0008199997,0.0027284417,0.0026516132,-7.6828524e-05,stable
5769,5769,0.99956506,0.015149999,0.011419999,-0.00373,0.00373,0.0008191675,0.00042445448,-0.000394713,stable
2597,2597,0.9995653,0.01311,0.00955,-0.00356,0.00356,0.0008743913,0.00086790405,-6.487244e-06,stable
5821,5821,0.99956584,0.00955,0.00835,-0.0011999998,0.0011999998,0.00068410137,0.0005661682,-0.000117933145,stable
2457,2457,0.9995661,0.0174,0.01706,-0.0003399998,0.0003399998,0.0052736155,0.0057899286,0.0005163131,stable
3954,3954,0.99956614,0.00148,0.00774,0.0062599997,0.0062599997,5.325244e-05,6.8453504e-05,1.5201065e-05,stable
1173,1173,0.9995664,0.01716,0.01699,-0.0001699999,0.0001699999,0.005204728,0.005519199,0.0003144713,stable
4904,4904,0.9995675,0.016859999,0.01682,-3.9998442e-05,3.9998442e-05,0.0018697106,0.0032363385,0.0013666279,stable
818,818,0.9995676,0.00094999996,0.00075,-0.00019999995,0.00019999995,2.5128762e-05,2.3347553e-05,-1.781209e-06,stable
3188,3188,0.99956775,0.0014099999,0.00052,-0.0008899999,0.0008899999,1.8915653e-05,1.9271522e-05,3.558689e-07,stable
2497,2497,0.9995681,0.017819999,0.017479999,-0.0003399998,0.0003399998,0.002853654,0.0023824594,-0.00047119474,stable
2958,2958,0.9995686,0.00873,0.00655,-0.0021799998,0.0021799998,0.0002223391,5.5347256e-05,-0.00016699184,stable
5573,5573,0.9995688,0.016929999,0.01671,-0.00021999888,0.00021999888,0.0062001157,0.006918824,0.00071870815,stable
5804,5804,0.999569,0.01691,0.016579999,-0.00033000112,0.00033000112,0.003992955,0.0039553614,-3.7593767e-05,stable
1185,1185,0.9995692,0.01301,0.00907,-0.00394,0.00394,0.0012907492,0.00080359716,-0.00048715202,stable
3843,3843,0.99956936,0.01723,0.01688,-0.00035000034,0.00035000034,0.0018429606,0.002172554,0.0003295933,stable
3697,3697,0.99956965,0.01663,0.01599,-0.0006399993,0.0006399993,0.0018860159,0.0016916265,-0.00019438937,stable
6039,6039,0.99956983,0.00081,0.008979999,0.008169999,0.008169999,2.8481421e-05,8.572048e-05,5.7239056e-05,stable
3788,3788,0.99957,0.00869,0.0086199995,-7.000007e-05,7.000007e-05,0.0003852622,0.00031193806,-7.332413e-05,stable
4195,4195,0.99957025,0.01709,0.01688,-0.0002100002,0.0002100002,0.007024819,0.0069602765,-6.454252e-05,stable
3436,3436,0.99957037,0.01721,0.01687,-0.0003399998,0.0003399998,0.0038955314,0.0031592322,-0.0007362992,stable
4966,4966,0.9995712,0.01739,0.01715,-0.00023999996,0.00023999996,0.0104345465,0.010185228,-0.00024931878,stable
3764,3764,0.99957204,0.01766,0.016139999,-0.0015200004,0.0015200004,0.0031040101,0.0021272274,-0.0009767828,stable
4892,4892,0.99957234,0.01394,0.008599999,-0.0053400006,0.0053400006,0.001853753,0.0010094251,-0.00084432785,stable
958,958,0.9995724,0.0127,0.012019999,-0.0006800005,0.0006800005,0.0013035834,0.0009222383,-0.0003813451,stable
453,453,0.9995729,0.01666,0.00875,-0.007909999,0.007909999,0.002021526,0.00040986706,-0.001611659,stable
2654,2654,0.999573,0.013549999,0.01188,-0.0016699992,0.0016699992,0.0014315047,0.0011970381,-0.00023446663,stable
5237,5237,0.99957323,0.01289,0.01647,0.0035800003,0.0035800003,0.0009231851,0.002211784,0.0012885989,stable
2162,2162,0.9995736,0.01738,0.01699,-0.00038999878,0.00038999878,0.0055509326,0.0048510246,-0.000699908,stable
1614,1614,0.9995737,0.01664,0.01681,0.0001699999,0.0001699999,0.009651131,0.008153793,-0.0014973376,stable
2987,2987,0.9995737,0.01729,0.01719,-9.999983e-05,9.999983e-05,0.0056819236,0.006442036,0.0007601124,stable
233,233,0.9995739,0.01739,0.01674,-0.0006499998,0.0006499998,0.003592974,0.0019227174,-0.0016702566,stable
564,564,0.99957395,0.01708,0.01683,-0.0002500005,0.0002500005,0.0037404418,0.0041034636,0.00036302186,stable
5567,5567,0.99957466,0.01719,0.0168,-0.00039000064,0.00039000064,0.0031208068,0.002584262,-0.0005365447,stable
4315,4315,0.9995748,0.017239999,0.01722,-1.9999221e-05,1.9999221e-05,0.007617763,0.008263298,0.00064553553,stable
1564,1564,0.99957496,0.00061,0.00062999997,1.9999978e-05,1.9999978e-05,1.762108e-05,1.6803137e-05,-8.1794315e-07,stable
5338,5338,0.9995754,0.0166,0.013549999,-0.0030500004,0.0030500004,0.002032496,0.0016698563,-0.00036263978,stable
1637,1637,0.9995755,0.00864,0.00067,-0.00797,0.00797,0.00018452125,2.3819637e-05,-0.00016070162,stable
3704,3704,0.999576,0.01684,0.017029999,0.00018999912,0.00018999912,0.0033672748,0.003995122,0.00062784716,stable
4391,4391,0.9995761,0.0011,0.00094999996,-0.00015000004,0.00015000004,3.5371053e-05,3.1675623e-05,-3.6954298e-06,stable
2020,2020,0.99957675,0.01723,0.01699,-0.00023999996,0.00023999996,0.0032031648,0.003341673,0.00013850816,stable
495,495,0.99957705,0.01268,0.008289999,-0.0043900004,0.0043900004,0.00092629436,0.0004329408,-0.0004933536,stable
5816,5816,0.9995776,0.01668,0.01433,-0.0023500007,0.0023500007,0.002685172,0.0009014155,-0.0017837565,stable
1994,1994,0.9995785,0.01706,0.01702,-4.0000305e-05,4.0000305e-05,0.002810592,0.0036763635,0.00086577144,stable
5930,5930,0.99957895,0.01732,0.01716,-0.00015999936,0.00015999936,0.002831413,0.0021167812,-0.00071463175,stable
2829,2829,0.99958,0.01698,0.01365,-0.0033299997,0.0033299997,0.0026587315,0.001527455,-0.0011312765,stable
3309,3309,0.99958014,0.00882,0.00873,-9.000022e-05,9.000022e-05,0.00018862521,0.00054382544,0.00035520023,stable
627,627,0.9995803,0.0167,0.01656,-0.00014000013,0.00014000013,0.00412738,0.004412419,0.0002850392,stable
1902,1902,0.9995807,0.008909999,0.00868,-0.00022999942,0.00022999942,0.00034503447,0.00041746057,7.2426104e-05,stable
5937,5937,0.9995809,0.01148,0.01643,0.00495,0.00495,0.0008848947,0.0012657791,0.00038088445,stable
4031,4031,0.9995816,0.0026399998,0.00354,0.0009000001,0.0009000001,2.7798433e-05,2.506866e-05,-2.729772e-06,stable
6033,6033,0.9995818,0.01695,0.01651,-0.00043999963,0.00043999963,0.0035419676,0.002333217,-0.0012087505,stable
2208,2208,0.9995825,0.01604,0.01559,-0.00044999924,0.00044999924,0.0015057757,0.0014943405,-1.1435244e-05,stable
5161,5161,0.99958277,0.0169,0.01701,0.00011000037,0.00011000037,0.007931067,0.007380438,-0.00055062864,stable
3203,3203,0.99958336,0.01395,0.01273,-0.00122,0.00122,0.0011475175,0.0008875043,-0.00026001316,stable
86,86,0.9995835,0.016789999,0.01664,-0.00014999881,0.00014999881,0.0042663403,0.0060176444,0.0017513041,stable
5653,5653,0.99958396,0.01711,0.01675,-0.00035999902,0.00035999902,0.007204367,0.0066006067,-0.0006037601,stable
1075,1075,0.9995843,0.017239999,0.017169999,-7.000007e-05,7.000007e-05,0.0060711876,0.0064621787,0.0003909911,stable
2369,2369,0.99958515,0.00835,0.00629,-0.0020599999,0.0020599999,0.00053813634,6.559439e-05,-0.00047254196,stable
3146,3146,0.9995852,0.017439999,0.01702,-0.00041999854,0.00041999854,0.003542294,0.0029191833,-0.0006231107,stable
1210,1210,0.9995856,0.00059,0.00035,-0.00024000002,0.00024000002,1.3364276e-05,1.163831e-05,-1.7259663e-06,stable
1059,1059,0.9995862,0.01704,0.016549999,-0.0004900005,0.0004900005,0.002382785,0.0016562475,-0.00072653755,stable
4735,4735,0.9995872,0.01707,0.01705,-1.9999221e-05,1.9999221e-05,0.0015689923,0.002511406,0.0009424138,stable
4812,4812,0.99958724,0.0134499995,0.012709999,-0.00074000005,0.00074000005,0.0013572525,0.0013886349,3.1382428e-05,stable
1647,1647,0.9995882,0.01711,0.01688,-0.00022999942,0.00022999942,0.0036952386,0.0028855414,-0.0008096972,stable
1752,1752,0.9995889,0.01723,0.01685,-0.0003800001,0.0003800001,0.005756002,0.004848308,-0.000907694,stable
4882,4882,0.99959,0.0173,0.017239999,-6.000139e-05,6.000139e-05,0.0049588312,0.0037722392,-0.001186592,stable
3650,3650,0.9995906,0.01619,0.01557,-0.00062000006,0.00062000006,0.0017987359,0.00179293,-5.8059813e-06,stable
1335,1335,0.9995908,0.01406,0.00935,-0.00471,0.00471,0.0018955804,0.0013136627,-0.0005819177,stable
1631,1631,0.999591,0.012519999,0.01577,0.00325,0.00325,0.00050507963,0.0010401696,0.00053509,stable
319,319,0.9995912,0.01749,0.01684,-0.0006499998,0.0006499998,0.0078006396,0.006803113,-0.0009975266,stable
3689,3689,0.9995916,0.01564,0.01466,-0.00098,0.00098,0.0018385159,0.0017149785,-0.00012353738,stable
4620,4620,0.9995925,0.01608,0.01512,-0.00095999986,0.00095999986,0.001028645,0.0007620799,-0.00026656507,stable
3472,3472,0.99959266,0.01718,0.01698,-0.00019999966,0.00019999966,0.005286016,0.0041276426,-0.0011583734,stable
4574,4574,0.9995931,0.0083099995,0.00828,-2.9999763e-05,2.9999763e-05,0.00040212608,0.00069119077,0.0002890647,stable
675,675,0.9995934,0.01721,0.01702,-0.00018999912,0.00018999912,0.008870437,0.009339352,0.00046891533,stable
1277,1277,0.9995939,0.00057,0.00094999996,0.00037999998,0.00037999998,1.3563265e-05,1.2512246e-05,-1.0510194e-06,stable
1888,1888,0.9995953,0.00842,0.00591,-0.00251,0.00251,0.0006129499,4.4376033e-05,-0.0005685739,stable
3127,3127,0.9995954,0.0168,0.01677,-2.9999763e-05,2.9999763e-05,0.0011007385,0.0012471786,0.00014644011,stable
3572,3572,0.99959564,0.008549999,0.00835,-0.00019999966,0.00019999966,0.0006477978,0.000632107,-1.5690748e-05,stable
3513,3513,0.999597,0.01246,0.00983,-0.00263,0.00263,0.0018673333,0.0013446592,-0.00052267406,stable
3820,3820,0.99959725,0.017269999,0.017129999,-0.00014000013,0.00014000013,0.0031664046,0.005058966,0.0018925616,stable
1265,1265,0.9995973,0.00889,0.00885,-4.0000305e-05,4.0000305e-05,0.0011001433,0.00087178906,-0.00022835424,stable
69,69,0.999598,0.01698,0.016999999,1.9999221e-05,1.9999221e-05,0.0040740306,0.005701932,0.0016279016,stable
3227,3227,0.9995981,0.01298,0.01065,-0.0023300005,0.0023300005,0.0012230844,0.00106127,-0.00016181439,stable
483,483,0.9995984,0.01728,0.01705,-0.00022999942,0.00022999942,0.003419826,0.004657832,0.0012380059,stable
862,862,0.9995984,0.0175,0.01643,-0.0010700002,0.0010700002,0.0026932755,0.0024402873,-0.0002529882,stable
4110,4110,0.99959874,0.01674,0.01416,-0.00258,0.00258,0.0017565924,0.0011985727,-0.00055801973,stable
4253,4253,0.99959886,0.01735,0.016719999,-0.0006300006,0.0006300006,0.0037743712,0.001856477,-0.0019178942,stable
3757,3757,0.999599,0.01375,0.01682,0.0030700006,0.0030700006,0.0010850714,0.0030741491,0.0019890778,stable
2779,2779,0.9995996,0.017169999,0.01683,-0.0003399998,0.0003399998,0.003068313,0.001701271,-0.001367042,stable
1806,1806,0.9996004,0.008719999,0.00847,-0.00024999958,0.00024999958,0.00071075425,0.00036628434,-0.0003444699,stable
1864,1864,0.999601,0.00861,0.013669999,0.0050599994,0.0050599994,0.00027721658,0.00080953474,0.00053231814,stable
5536,5536,0.99960107,0.01697,0.01691,-5.9999526e-05,5.9999526e-05,0.0055532493,0.005766178,0.00021292875,stable
1135,1135,0.9996018,0.01697,0.011779999,-0.00519,0.00519,0.0022653863,0.00040792092,-0.0018574654,stable
1699,1699,0.99960184,0.01065,0.016649999,0.005999999,0.005999999,0.0012451668,0.0031981552,0.0019529884,stable
1716,1716,0.99960184,0.00882,0.0060699997,-0.0027500005,0.0027500005,0.0003479453,5.9445767e-05,-0.00028849952,stable
2037,2037,0.9996024,0.017269999,0.01711,-0.00015999936,0.00015999936,0.009198365,0.009459726,0.00026136078,stable
4831,4831,0.9996033,0.01668,0.01677,8.999929e-05,8.999929e-05,0.0014059866,0.0019295483,0.0005235617,stable
952,952,0.9996035,0.00885,0.00846,-0.0003899997,0.0003899997,0.00044039183,0.00035039062,-9.000121e-05,stable
3178,3178,0.99960375,0.00947,0.01046,0.0009899996,0.0009899996,0.001093448,0.00114324,4.9791997e-05,stable
753,753,0.9996042,0.00897,0.00847,-0.0005000001,0.0005000001,0.00039339485,0.00045920574,6.581089e-05,stable
3495,3495,0.99960464,0.0167,0.01353,-0.0031699995,0.0031699995,0.0040106443,0.00075413106,-0.0032565133,stable
3568,3568,0.9996048,0.01705,0.016889999,-0.00016000122,0.00016000122,0.0067155594,0.0052414713,-0.001474088,stable
363,363,0.99960613,0.016929999,0.016959999,2.9999763e-05,2.9999763e-05,0.0034197127,0.003652629,0.00023291633,stable
5856,5856,0.9996062,0.010439999,0.00355,-0.0068899994,0.0068899994,0.00020568575,3.321823e-05,-0.00017246752,stable
3324,3324,0.9996065,0.017579999,0.01718,-0.00039999932,0.00039999932,0.0043863123,0.003921684,-0.00046462845,stable
5617,5617,0.9996066,0.01731,0.01371,-0.0035999995,0.0035999995,0.0022399295,0.00033561199,-0.0019043175,stable
884,884,0.99960744,0.00077,0.00091999996,0.00014999998,0.00014999998,2.6581052e-05,3.2580265e-05,5.9992126e-06,stable
6089,6089,0.99960744,0.008479999,0.00047,-0.008009999,0.008009999,0.00027781283,1.4344925e-05,-0.0002634679,stable
176,176,0.9996077,0.00866,0.00815,-0.0005099997,0.0005099997,0.00058997044,0.00011719539,-0.00047277505,stable
6094,6094,0.9996079,0.01189,0.00863,-0.0032599997,0.0032599997,0.0010319465,0.0008055481,-0.0002263984,stable
2150,2150,0.9996085,0.00883,0.00101,-0.00782,0.00782,0.00025087222,3.4220517e-05,-0.00021665171,stable
3988,3988,0.99960923,0.010919999,0.0169,0.00598,0.00598,0.00019767504,0.0028753742,0.002677699,stable
5035,5035,0.9996103,0.01719,0.01706,-0.0001299996,0.0001299996,0.0071095508,0.006468103,-0.00064144796,stable
132,132,0.9996108,0.01729,0.01712,-0.0001699999,0.0001699999,0.002834507,0.0023239565,-0.00051055057,stable
4525,4525,0.9996116,0.01585,0.01054,-0.00531,0.00531,0.0017832058,0.0010078093,-0.0007753965,stable
1094,1094,0.9996133,0.01292,0.01397,0.0010500001,0.0010500001,0.0009744303,0.0010897794,0.00011534913,stable
1530,1530,0.9996134,0.015439999,0.00263,-0.012809999,0.012809999,0.00083125755,3.618865e-05,-0.0007950689,stable
724,724,0.9996139,0.017819999,0.01733,-0.0004899986,0.0004899986,0.008328347,0.006714116,-0.0016142307,stable
1991,1991,0.99961436,0.01756,0.01736,-0.00019999966,0.00019999966,0.0059106597,0.0057081096,-0.00020255009,stable
822,822,0.99961495,0.00828,0.00818,-9.999983e-05,9.999983e-05,0.0006390412,0.0008441609,0.00020511972,stable
4667,4667,0.99961555,0.01637,0.01481,-0.0015600007,0.0015600007,0.0015057172,0.0015225854,1.686823e-05,stable
5789,5789,0.99961567,0.00122,0.0009999999,-0.00022000005,0.00022000005,3.2964366e-05,2.9929026e-05,-3.0353403e-06,stable
3084,3084,0.9996157,0.016549999,0.01222,-0.004329999,0.004329999,0.0017458069,0.001061434,-0.00068437285,stable
688,688,0.999616,0.00839,0.0018999999,-0.00649,0.00649,0.0008437188,2.2915576e-05,-0.0008208032,stable
448,448,0.99961615,0.015999999,0.012069999,-0.0039299997,0.0039299997,0.00087560253,0.00045101202,-0.00042459051,stable
3695,3695,0.9996166,0.016859999,0.01251,-0.004349999,0.004349999,0.0032534935,0.0016030225,-0.001650471,stable
3822,3822,0.9996171,0.01157,0.01078,-0.00078999996,0.00078999996,0.0013973312,0.00128327,-0.00011406129,stable
5618,5618,0.99961746,0.013739999,0.010799999,-0.00294,0.00294,0.0009404757,0.0005444196,-0.00039605604,stable
5554,5554,0.9996182,0.00813,0.00113,-0.007,0.007,0.00010181894,2.9690222e-05,-7.212872e-05,stable
4786,4786,0.9996184,0.01784,0.01722,-0.00062000006,0.00062000006,0.0031293987,0.0025145852,-0.0006148135,stable
4700,4700,0.99961865,0.00935,0.017199999,0.007849999,0.007849999,0.00063413614,0.0019856363,0.0013515002,stable
4268,4268,0.99961925,0.01706,0.01659,-0.00047000125,0.00047000125,0.0035190447,0.002626817,-0.00089222775,stable
867,867,0.99962115,0.0055,0.00071,-0.00479,0.00479,5.329722e-05,2.4614175e-05,-2.8683044e-05,stable
479,479,0.9996237,0.00128,0.0009,-0.00037999998,0.00037999998,4.071254e-05,3.2191707e-05,-8.520834e-06,stable
4885,4885,0.9996238,0.01409,0.0127,-0.0013899999,0.0013899999,0.0009801505,0.000804429,-0.00017572154,stable
5514,5514,0.9996242,0.0112499995,0.01208,0.00083000027,0.00083000027,0.0011684025,0.0011332443,-3.5158242e-05,stable
5699,5699,0.99962443,0.01636,0.009889999,-0.0064700004,0.0064700004,0.0027161946,0.0015029119,-0.0012132827,stable
3036,3036,0.99962485,0.00728,0.00065999996,-0.00662,0.00662,7.7089244e-05,2.3561195e-05,-5.352805e-05,stable
1548,1548,0.9996249,0.016069999,0.0123,-0.0037699994,0.0037699994,0.002419215,0.0021393374,-0.00027987757,stable
5619,5619,0.99962497,0.01707,0.016859999,-0.0002100002,0.0002100002,0.0072131613,0.00713606,-7.71014e-05,stable
1909,1909,0.99962544,0.00873,0.0136899995,0.0049599996,0.0049599996,0.00068491383,0.00082188175,0.00013696792,stable
4814,4814,0.9996258,0.01738,0.016929999,-0.00045000017,0.00045000017,0.0024916858,0.0025371807,4.5494875e-05,stable
345,345,0.9996264,0.017099999,0.01681,-0.00028999895,0.00028999895,0.006003988,0.005398143,-0.0006058449,stable
3222,3222,0.9996264,0.0124699995,0.0137,0.0012300005,0.0012300005,0.0020195819,0.0023188344,0.00029925257,stable
530,530,0.9996265,0.00889,0.008669999,-0.00022000074,0.00022000074,0.00066396565,0.0005101139,-0.00015385175,stable
4011,4011,0.99962664,0.01716,0.01108,-0.0060800007,0.0060800007,0.0021615385,0.0009089262,-0.0012526123,stable
5306,5306,0.9996275,0.01702,0.01674,-0.00028000027,0.00028000027,0.0046589207,0.0036177759,-0.0010411448,stable
5966,5966,0.9996276,0.01589,0.015299999,-0.00059000123,0.00059000123,0.0013884064,0.001374955,-1.3451325e-05,stable
3529,3529,0.9996277,0.00899,0.00094,-0.00805,0.00805,0.0009788532,2.6114385e-05,-0.0009527388,stable
1774,1774,0.9996282,0.0174,0.016999999,-0.00040000118,0.00040000118,0.007069039,0.0068958397,-0.00017319946,stable
2245,2245,0.999629,0.0088,0.00866,-0.00014000013,0.00014000013,0.0010007336,0.0007971535,-0.00020358007,stable
6017,6017,0.9996296,0.015489999,0.01167,-0.0038199993,0.0038199993,0.0018185832,0.001394633,-0.00042395026,stable
3949,3949,0.99963033,0.017239999,0.01702,-0.00021999888,0.00021999888,0.0071113566,0.006406997,-0.0007043597,stable
2768,2768,0.9996306,0.01698,0.0167,-0.00028000027,0.00028000027,0.0048073577,0.0045584324,-0.0002489253,stable
4987,4987,0.99963117,0.017239999,0.01704,-0.00019999966,0.00019999966,0.002975264,0.003029345,5.408097e-05,stable
2833,2833,0.9996313,0.01708,0.0167,-0.0003800001,0.0003800001,0.003171614,0.003699269,0.000527655,stable
4660,4660,0.99963135,0.01715,0.01694,-0.0002100002,0.0002100002,0.0045331707,0.0033999593,-0.0011332114,stable
4220,4220,0.99963164,0.01684,0.01671,-0.0001299996,0.0001299996,0.0018382703,0.0024925808,0.00065431045,stable
2816,2816,0.999632,0.01743,0.017199999,-0.00023000129,0.00023000129,0.0036367583,0.0044100927,0.0007733344,stable
4001,4001,0.999632,0.01007,0.0149799995,0.0049099997,0.0049099997,0.0004160391,0.00097407604,0.00055803696,stable
4724,4724,0.9996325,0.00912,0.00097,-0.008149999,0.008149999,0.00040901607,3.5798574e-05,-0.00037321748,stable
1611,1611,0.9996326,0.00074,0.00075,1.0000018e-05,1.0000018e-05,2.409564e-05,2.4955747e-05,8.601073e-07,stable
1780,1780,0.9996331,0.00857,0.0105099995,0.0019399999,0.0019399999,0.00025602488,0.00040377898,0.0001477541,stable
4047,4047,0.99963444,0.00959,0.00969,9.999983e-05,9.999983e-05,0.0014604769,0.0016341809,0.000173704,stable
1778,1778,0.9996358,0.00963,0.0088,-0.00083000027,0.00083000027,0.0012756014,0.0011723296,-0.0001032718,stable
4197,4197,0.99963665,0.008599999,0.00902,0.0004200004,0.0004200004,0.0007236466,0.0007099576,-1.3688987e-05,stable
4128,4128,0.99963677,0.0095999995,0.00846,-0.0011399994,0.0011399994,0.00052805815,0.0003771301,-0.00015092804,stable
750,750,0.9996369,0.01771,0.01718,-0.0005300008,0.0005300008,0.0044957153,0.004018779,-0.00047693634,stable
2257,2257,0.99963784,0.01718,0.01715,-2.9999763e-05,2.9999763e-05,0.008308949,0.009604174,0.0012952248,stable
2017,2017,0.9996381,0.017169999,0.016789999,-0.0003800001,0.0003800001,0.0069377962,0.0061073545,-0.0008304417,stable
3207,3207,0.9996384,0.0123499995,0.01177,-0.00057999976,0.00057999976,0.0005838361,0.0005170976,-6.673852e-05,stable
1693,1693,0.9996387,0.016069999,0.008599999,-0.0074699996,0.0074699996,0.0016787222,0.0006141784,-0.0010645438,stable
277,277,0.99963963,0.0106999995,0.01038,-0.00031999964,0.00031999964,0.0010086639,0.0009426173,-6.60466e-05,stable
2470,2470,0.99963975,0.0011999999,0.00852,0.00732,0.00732,2.9215416e-05,0.00052957365,0.00050035823,stable
77,77,0.99963987,0.00074,0.00084,0.000100000005,0.000100000005,2.4272236e-05,1.3579926e-05,-1.069231e-05,stable
1671,1671,0.9996406,0.01697,0.01685,-0.00011999905,0.00011999905,0.009105726,0.008198823,-0.0009069033,stable
4143,4143,0.9996407,0.01702,0.01667,-0.00035000034,0.00035000034,0.0045909616,0.002887832,-0.0017031296,stable
2830,2830,0.9996412,0.01706,0.016689999,-0.00037000142,0.00037000142,0.0039568674,0.0031679145,-0.0007889529,stable
4723,4723,0.99964166,0.0064399997,0.00068,-0.0057599996,0.0057599996,6.47269e-05,2.1982865e-05,-4.274403e-05,stable
5650,5650,0.9996426,0.01704,0.01674,-0.0002999995,0.0002999995,0.007886764,0.005961339,-0.0019254247,stable
5838,5838,0.9996437,0.01421,0.00846,-0.0057499995,0.0057499995,0.0018296262,0.0010982198,-0.0007314064,stable
5356,5356,0.9996439,0.01752,0.01714,-0.0003800001,0.0003800001,0.0071558347,0.007118798,-3.7036836e-05,stable
895,895,0.9996445,0.0011999999,0.00127,7.000007e-05,7.000007e-05,4.4944893e-05,3.303213e-05,-1.1912762e-05,stable
2705,2705,0.999645,0.017269999,0.01697,-0.0002999995,0.0002999995,0.002944259,0.002949064,4.804926e-06,stable
4370,4370,0.99964523,0.00902,0.008479999,-0.0005400004,0.0005400004,0.000693817,0.0004132536,-0.00028056337,stable
1786,1786,0.9996465,0.00924,0.008429999,-0.0008100001,0.0008100001,0.00030134316,0.00010374319,-0.00019759996,stable
4483,4483,0.9996469,0.01677,0.01373,-0.0030399999,0.0030399999,0.002984488,0.0017924807,-0.0011920072,stable
3551,3551,0.99964726,0.00904,0.0083,-0.00074000005,0.00074000005,0.00060427544,0.00013465509,-0.00046962034,stable
877,877,0.99964744,0.017269999,0.01718,-8.999929e-05,8.999929e-05,0.00720264,0.0044721533,-0.002730487,stable
4825,4825,0.99964756,0.01698,0.016959999,-2.0001084e-05,2.0001084e-05,0.0048864423,0.00538456,0.0004981179,stable
106,106,0.99964815,0.01688,0.01637,-0.0005099997,0.0005099997,0.0029483745,0.0029821263,3.375183e-05,stable
5615,5615,0.9996483,0.01722,0.01702,-0.00019999966,0.00019999966,0.0049589025,0.0050533493,9.444682e-05,stable
975,975,0.9996485,0.01733,0.017239999,-9.000115e-05,9.000115e-05,0.0061035813,0.005903366,-0.00020021526,stable
3369,3369,0.99964905,0.01148,0.01005,-0.0014300002,0.0014300002,0.0003712982,0.00026164044,-0.00010965776,stable
4960,4960,0.99964905,0.01718,0.01707,-0.00011000037,0.00011000037,0.0027188286,0.004452571,0.0017337422,stable
4902,4902,0.99964947,0.01709,0.01687,-0.00022000074,0.00022000074,0.0024764077,0.002433902,-4.2505795e-05,stable
3141,3141,0.9996498,0.01065,0.00866,-0.0019899998,0.0019899998,0.0008712689,0.0003718542,-0.00049941475,stable
745,745,0.99965036,0.016959999,0.0165,-0.00045999885,0.00045999885,0.0030193485,0.002596812,-0.0004225364,stable
5433,5433,0.99965227,0.00806,0.00065999996,-0.0074,0.0074,9.203246e-05,1.8309769e-05,-7.3722695e-05,stable
4627,4627,0.9996524,0.01103,0.01267,0.0016400004,0.0016400004,0.00057658233,0.0008162053,0.00023962295,stable
2875,2875,0.9996525,0.00854,0.00849,-4.9999915e-05,4.9999915e-05,0.00051469693,0.00076923904,0.0002545421,stable
1463,1463,0.99965274,0.012929999,0.01581,0.0028800005,0.0028800005,0.0018446888,0.002279305,0.00043461611,stable
1358,1358,0.99965346,0.00101,0.00075999997,-0.00025000004,0.00025000004,3.6114805e-05,2.722371e-05,-8.891095e-06,stable
5861,5861,0.9996544,0.017029999,0.0169,-0.0001299996,0.0001299996,0.002601482,0.0030324871,0.00043100514,stable
3541,3541,0.99965477,0.01684,0.00993,-0.00691,0.00691,0.0017588333,0.00068410765,-0.0010747256,stable
5759,5759,0.99965477,0.01735,0.01719,-0.00015999936,0.00015999936,0.0055545517,0.0061350977,0.000580546,stable
1291,1291,0.99965507,0.012829999,0.009699999,-0.00313,0.00313,0.0018743018,0.0015969782,-0.00027732365,stable
5733,5733,0.9996556,0.00047,0.00049999997,2.9999967e-05,2.9999967e-05,2.0192327e-05,1.7338998e-05,-2.8533286e-06,stable
1871,1871,0.99965715,0.01695,0.01683,-0.000120000914,0.000120000914,0.006441375,0.0070871795,0.0006458047,stable
4895,4895,0.99965733,0.01364,0.01021,-0.0034299996,0.0034299996,0.0010449003,0.0007867985,-0.0002581018,stable
1568,1568,0.9996575,0.014789999,0.00838,-0.00641,0.00641,0.0013876148,0.00017116508,-0.0012164497,stable
2116,2116,0.9996587,0.016309999,0.01552,-0.00078999903,0.00078999903,0.0033074948,0.0032588583,-4.863646e-05,stable
5167,5167,0.9996594,0.01737,0.01682,-0.00055,0.00055,0.010774873,0.010816379,4.1506253e-05,stable
3447,3447,0.99965984,0.00059999997,0.00052,-7.999997e-05,7.999997e-05,2.0409987e-05,1.578828e-05,-4.6217065e-06,stable
2863,2863,0.9996609,0.015859999,0.00979,-0.006069999,0.006069999,0.0021657776,0.0011050048,-0.0010607728,stable
3503,3503,0.99966115,0.01718,0.01725,7.000007e-05,7.000007e-05,0.003128108,0.003573904,0.00044579594,stable
5440,5440,0.9996625,0.00838,0.0077899997,-0.00058999984,0.00058999984,0.00023905917,7.819881e-05,-0.00016086036,stable
3900,3900,0.9996633,0.01746,0.01673,-0.00073000044,0.00073000044,0.002899892,0.0027604473,-0.0001394446,stable
6061,6061,0.99966395,0.016929999,0.016689999,-0.00023999996,0.00023999996,0.006705339,0.007727606,0.0010222672,stable
3334,3334,0.9996642,0.01701,0.01684,-0.0001699999,0.0001699999,0.0034248075,0.003476329,5.1521463e-05,stable
1120,1120,0.99966455,0.016719999,0.01663,-8.999929e-05,8.999929e-05,0.0018928663,0.0024334823,0.000540616,stable
2268,2268,0.9996656,0.017169999,0.017099999,-7.000007e-05,7.000007e-05,0.005016573,0.004324348,-0.0006922246,stable
4697,4697,0.9996657,0.01697,0.01699,2.0001084e-05,2.0001084e-05,0.009666678,0.009789659,0.00012298115,stable
4453,4453,0.99966615,0.012399999,0.01339,0.0009900006,0.0009900006,0.001124744,0.0013918367,0.00026709272,stable
2297,2297,0.99966663,0.0169,0.0167,-0.00019999966,0.00019999966,0.0031169609,0.0031915475,7.45866e-05,stable
2607,2607,0.9996673,0.00679,0.0069899997,0.00019999966,0.00019999966,6.982135e-05,7.6048265e-05,6.2269173e-06,stable
3224,3224,0.9996673,0.01728,0.01701,-0.00026999973,0.00026999973,0.0038786663,0.0031476116,-0.0007310547,stable
1451,1451,0.9996674,0.0087,0.00849,-0.0002100002,0.0002100002,0.00028724116,0.00028192397,-5.3171825e-06,stable
368,368,0.999668,0.01722,0.01711,-0.00011000037,0.00011000037,0.010689856,0.009802711,-0.00088714436,stable
4988,4988,0.9996681,0.01691,0.01654,-0.00036999956,0.00036999956,0.0038272538,0.0021890765,-0.0016381773,stable
5725,5725,0.9996686,0.01251,0.011159999,-0.0013500005,0.0013500005,0.0017010522,0.0013398011,-0.00036125106,stable
5102,5102,0.9996704,0.017099999,0.01688,-0.00021999888,0.00021999888,0.0063092993,0.0056498456,-0.0006594537,stable
2845,2845,0.9996709,0.01629,0.010079999,-0.0062100003,0.0062100003,0.00125666,0.00043602104,-0.00082063896,stable
3060,3060,0.9996709,0.01707,0.01701,-5.9999526e-05,5.9999526e-05,0.008037512,0.008879503,0.00084199104,stable
4471,4471,0.999671,0.014699999,0.01004,-0.004659999,0.004659999,0.000732251,0.00037643767,-0.0003558133,stable
5935,5935,0.999671,0.00852,0.00826,-0.00026000012,0.00026000012,0.001097554,0.0004480231,-0.0006495309,stable
2948,2948,0.99967325,0.01746,0.01725,-0.0002100002,0.0002100002,0.010414019,0.009776915,-0.0006371038,stable
5226,5226,0.99967325,0.00888,0.00833,-0.00055,0.00055,0.00024904663,0.00018043182,-6.861481e-05,stable
1852,1852,0.99967337,0.014579999,0.01265,-0.0019299993,0.0019299993,0.0020282576,0.0020399308,1.1673197e-05,stable
4179,4179,0.9996743,0.013189999,0.01148,-0.0017099995,0.0017099995,0.00057260174,0.000384458,-0.00018814375,stable
2940,2940,0.9996744,0.01601,0.01668,0.0006700009,0.0006700009,0.0032558453,0.0047518993,0.001496054,stable
5778,5778,0.9996748,0.01697,0.016689999,-0.00028000027,0.00028000027,0.0046180966,0.0048084147,0.0001903181,stable
4822,4822,0.9996754,0.01682,0.01664,-0.00018000044,0.00018000044,0.0068037934,0.0049395557,-0.0018642377,stable
443,443,0.9996756,0.01754,0.016649999,-0.00089000165,0.00089000165,0.0017488098,0.0018384826,8.967274e-05,stable
2468,2468,0.9996756,0.00105,0.00909,0.00804,0.00804,3.480572e-05,0.00012206726,8.7261535e-05,stable
1184,1184,0.99967575,0.0169,0.0168,-9.999983e-05,9.999983e-05,0.0031524822,0.0037381137,0.00058563147,stable
2315,2315,0.99967676,0.011729999,0.00957,-0.0021599997,0.0021599997,0.0017672805,0.0015634218,-0.00020385871,stable
4114,4114,0.99967676,0.00911,0.00838,-0.00073000044,0.00073000044,0.00088464376,0.000595581,-0.00028906274,stable
972,972,0.99967694,0.01691,0.01692,1.0000542e-05,1.0000542e-05,0.0057829577,0.005972373,0.00018941518,stable
5459,5459,0.9996773,0.0174,0.01728,-0.000120000914,0.000120000914,0.0065006884,0.007142118,0.0006414298,stable
2672,2672,0.99967813,0.0091699995,0.00899,-0.00017999951,0.00017999951,0.0011129478,0.0005473698,-0.000565578,stable
5388,5388,0.99967813,0.016449999,0.01487,-0.001579999,0.001579999,0.002107788,0.0016794741,-0.00042831397,stable
1983,1983,0.99967897,0.01756,0.01742,-0.00014000013,0.00014000013,0.0062119677,0.0055693206,-0.00064264704,stable
3619,3619,0.9996804,0.01687,0.016719999,-0.00015000068,0.00015000068,0.004462935,0.0029722862,-0.0014906488,stable
1567,1567,0.9996805,0.00084999995,0.00086,1.0000018e-05,1.0000018e-05,2.7081249e-05,2.4812707e-05,-2.2685417e-06,stable
5840,5840,0.999681,0.00813,0.00672,-0.00141,0.00141,0.00016556778,5.3444965e-05,-0.00011212281,stable
1708,1708,0.9996811,0.00078999996,0.00083,4.0000014e-05,4.0000014e-05,2.2660255e-05,1.850334e-05,-4.1569147e-06,stable
4809,4809,0.9996846,0.00062999997,0.00055,-7.999997e-05,7.999997e-05,1.5456528e-05,1.7934002e-05,2.4774745e-06,stable
1313,1313,0.99968493,0.016169999,0.013409999,-0.0027599996,0.0027599996,0.0021333005,0.0016039155,-0.00052938506,stable
5175,5175,0.9996854,0.017409999,0.01584,-0.0015699994,0.0015699994,0.0030695521,0.0015814933,-0.0014880588,stable
3340,3340,0.9996855,0.016619999,0.015489999,-0.0011299998,0.0011299998,0.0013604736,0.0009777466,-0.000382727,stable
3533,3533,0.99968565,0.012809999,0.00108,-0.011729999,0.011729999,0.00043088343,3.9621427e-05,-0.000391262,stable
2,2,0.999686,0.01681,0.01653,-0.00028000027,0.00028000027,0.0027016327,0.002284941,-0.00041669165,stable
3828,3828,0.99968624,0.01764,0.01698,-0.00066000037,0.00066000037,0.004302402,0.0029542423,-0.0013481597,stable
5377,5377,0.9996866,0.0109,0.013429999,0.0025299992,0.0025299992,0.00012786782,0.0003830132,0.00025514537,stable
2686,2686,0.9996868,0.008119999,0.00815,3.0000694e-05,3.0000694e-05,0.000865925,0.00075070304,-0.00011522195,stable
255,255,0.9996891,0.017029999,0.01688,-0.00014999881,0.00014999881,0.0037664177,0.002677713,-0.0010887047,stable
1145,1145,0.99969083,0.01695,0.01687,-8.000061e-05,8.000061e-05,0.0071087545,0.007840656,0.00073190127,stable
1353,1353,0.99969274,0.016859999,0.0166,-0.0002599992,0.0002599992,0.0036471728,0.0029848437,-0.00066232914,stable
203,203,0.9996954,0.01694,0.01611,-0.00083000027,0.00083000027,0.001893551,0.0017302679,-0.00016328308,stable
5543,5543,0.99969625,0.0134,0.011709999,-0.0016900003,0.0016900003,0.0011215959,0.0009627362,-0.00015885965,stable
5330,5330,0.9996965,0.01718,0.016959999,-0.00022000074,0.00022000074,0.003898817,0.0043297587,0.00043094158,stable
475,475,0.9996978,0.0084,0.0017799999,-0.0066199997,0.0066199997,0.000116606156,3.6329937e-05,-8.027622e-05,stable
126,126,0.9996979,0.01666,0.015249999,-0.00141,0.00141,0.004823614,0.002311932,-0.002511682,stable
2954,2954,0.9996991,0.00897,0.01666,0.0076899994,0.0076899994,0.00028354538,0.0005699334,0.000286388,stable
5170,5170,0.9996995,0.01707,0.00877,-0.008299999,0.008299999,0.0018199864,0.00043289136,-0.0013870951,stable
4305,4305,0.99970144,0.01007,0.00901,-0.0010599997,0.0010599997,0.0013626263,0.0008910633,-0.00047156302,stable
5482,5482,0.9997015,0.00055,0.00067,0.00011999998,0.00011999998,1.6134236e-05,1.591956e-05,-2.1467531e-07,stable
3889,3889,0.99970275,0.01599,0.00837,-0.0076200003,0.0076200003,0.0015164728,0.00070772565,-0.00080874714,stable
5545,5545,0.9997028,0.00077,0.00067,-0.000100000005,0.000100000005,2.5552901e-05,2.2412885e-05,-3.140016e-06,stable
4076,4076,0.9997039,0.01621,0.01091,-0.0052999994,0.0052999994,0.0016245494,0.0011036722,-0.0005208772,stable
1308,1308,0.99970436,0.01062,0.00863,-0.0019899998,0.0019899998,0.00075343443,0.0004934336,-0.00026000082,stable
4482,4482,0.99970436,0.01033,0.00904,-0.00129,0.00129,0.0011689962,0.0010179321,-0.00015106413,stable
4968,4968,0.99970436,0.0163,0.01661,0.00031000003,0.00031000003,0.0017278582,0.0023534154,0.00062555715,stable
4098,4098,0.9997051,0.00851,0.00827,-0.00023999996,0.00023999996,0.0005109073,0.00016465172,-0.0003462556,stable
1881,1881,0.999707,0.01722,0.01684,-0.0003800001,0.0003800001,0.005665457,0.005551621,-0.000113836024,stable
122,122,0.99970835,0.01722,0.01722,0.0,0.0,0.010840334,0.011413788,0.0005734544,stable
5938,5938,0.99971145,0.01829,0.01794,-0.00035000034,0.00035000034,0.0034916888,0.0037418345,0.0002501458,stable
2920,2920,0.9997119,0.00102,0.0026699998,0.0016499999,0.0016499999,3.7224298e-05,3.150811e-05,-5.7161888e-06,stable
1176,1176,0.9997122,0.00988,0.009699999,-0.00018000044,0.00018000044,0.0005085679,0.000171707,-0.0003368609,stable
1641,1641,0.9997153,0.01685,0.01497,-0.0018800003,0.0018800003,0.0028734948,0.0019912827,-0.0008822121,stable
4865,4865,0.9997157,0.01657,0.01678,0.0002100002,0.0002100002,0.001380912,0.0025933832,0.0012124712,stable
249,249,0.9997163,0.01712,0.01667,-0.00045000017,0.00045000017,0.003537296,0.0027121196,-0.0008251765,stable
3269,3269,0.9997171,0.01666,0.01671,5.0000846e-05,5.0000846e-05,0.00069394504,0.0016100528,0.00091610773,stable
2495,2495,0.9997185,0.0148,0.00889,-0.00591,0.00591,0.0010445513,0.00043853655,-0.00060601474,stable
2573,2573,0.99972,0.016959999,0.01673,-0.00022999942,0.00022999942,0.004446301,0.004215918,-0.00023038313,stable
5164,5164,0.9997215,0.014239999,0.01597,0.0017299997,0.0017299997,0.0014458918,0.0020567125,0.0006108207,stable
2735,2735,0.9997225,0.01684,0.01663,-0.0002100002,0.0002100002,0.0037582677,0.0032173388,-0.0005409289,stable
5530,5530,0.9997229,0.01604,0.015689999,-0.00035000034,0.00035000034,0.0013706305,0.0012465641,-0.00012406637,stable
5309,5309,0.9997246,0.01718,0.015689999,-0.0014900006,0.0014900006,0.002759104,0.0016594402,-0.0010996637,stable
5508,5508,0.9997248,0.017129999,0.01685,-0.0002799984,0.0002799984,0.0047253417,0.003583977,-0.0011413647,stable
3934,3934,0.9997249,0.0122299995,0.00853,-0.0036999993,0.0036999993,0.0011850633,0.00065824005,-0.0005268232,stable
3460,3460,0.99972534,0.0095,0.0090499995,-0.00045000017,0.00045000017,0.0014222772,0.0012968072,-0.00012546999,stable
3977,3977,0.9997259,0.01708,0.01681,-0.00026999973,0.00026999973,0.0031226648,0.002939373,-0.00018329173,stable
5304,5304,0.9997276,0.01728,0.0166,-0.0006799996,0.0006799996,0.0038775092,0.002185473,-0.0016920362,stable
518,518,0.9997278,0.01702,0.01677,-0.0002500005,0.0002500005,0.004842318,0.003288848,-0.00155347,stable
5185,5185,0.9997281,0.0175,0.01729,-0.0002100002,0.0002100002,0.0074382955,0.007578568,0.00014027255,stable
1535,1535,0.9997285,0.00968,0.01131,0.0016299998,0.0016299998,0.001103079,0.0012247756,0.00012169662,stable
4986,4986,0.9997292,0.01611,0.011729999,-0.00438,0.00438,0.002016229,0.0011758627,-0.00084036635,stable
5057,5057,0.9997307,0.01628,0.01511,-0.0011699991,0.0011699991,0.00215767,0.0018301398,-0.0003275302,stable
2131,2131,0.99973303,0.00885,0.00869,-0.00016000029,0.00016000029,0.0007213203,0.00048260324,-0.00023871704,stable
2749,2749,0.99973524,0.01726,0.01702,-0.00023999996,0.00023999996,0.007998294,0.0072753476,-0.0007229466,stable
5315,5315,0.9997369,0.01692,0.01685,-7.000007e-05,7.000007e-05,0.0034006916,0.0032808373,-0.00011985423,stable
4757,4757,0.9997381,0.01698,0.01707,8.999929e-05,8.999929e-05,0.0121193025,0.011283469,-0.00083583314,stable
260,260,0.9997387,0.0084999995,0.01031,0.0018100003,0.0018100003,0.00038710586,0.00038814096,1.0351068e-06,stable
4232,4232,0.9997395,0.01762,0.01732,-0.0002999995,0.0002999995,0.0039080335,0.0029932512,-0.0009147823,stable
3815,3815,0.99973965,0.015899999,0.0144,-0.0014999993,0.0014999993,0.0017315677,0.0016860486,-4.551909e-05,stable
1449,1449,0.99973977,0.01763,0.01731,-0.00032000057,0.00032000057,0.0071983603,0.006480284,-0.00071807625,stable
5257,5257,0.9997401,0.01694,0.01562,-0.0013199998,0.0013199998,0.001955648,0.00094705855,-0.0010085894,stable
1393,1393,0.99974275,0.01684,0.016859999,1.9999221e-05,1.9999221e-05,0.005937888,0.0051636943,-0.00077419356,stable
5186,5186,0.99974287,0.01174,0.01397,0.0022299998,0.0022299998,0.00087703625,0.0011837251,0.00030668883,stable
1854,1854,0.99974334,0.01136,0.01664,0.00528,0.00528,0.00076425483,0.002906542,0.0021422873,stable
3326,3326,0.9997442,0.01698,0.0157,-0.0012800004,0.0012800004,0.0019297934,0.0014827556,-0.00044703775,stable
179,179,0.9997447,0.0083,0.00045999998,-0.00784,0.00784,0.00046063346,1.3730036e-05,-0.00044690343,stable
4206,4206,0.99974555,0.015929999,0.008789999,-0.0071399994,0.0071399994,0.0021354046,0.0009721428,-0.0011632618,stable
4111,4111,0.99974585,0.0168,0.01694,0.00014000013,0.00014000013,0.0024645224,0.002186456,-0.00027806638,stable
2511,2511,0.99974704,0.0173,0.01715,-0.00015000068,0.00015000068,0.005337312,0.0056468765,0.00030956464,stable
5552,5552,0.9997479,0.01683,0.01682,-9.998679e-06,9.998679e-06,0.0016348619,0.0025051006,0.00087023864,stable
4319,4319,0.9997483,0.01627,0.01568,-0.0005900003,0.0005900003,0.0025293762,0.0024536625,-7.571373e-05,stable
1195,1195,0.9997492,0.013359999,0.01234,-0.0010199994,0.0010199994,0.0014279593,0.0012705623,-0.00015739701,stable
2772,2772,0.9997492,0.00892,0.0074899998,-0.0014300002,0.0014300002,0.00021643027,0.00011414773,-0.00010228254,stable
5986,5986,0.9997501,0.0169,0.0164,-0.00049999915,0.00049999915,0.0043696654,0.0034079882,-0.0009616772,stable
2704,2704,0.9997504,0.016959999,0.01664,-0.0003199987,0.0003199987,0.0052050147,0.0050908355,-0.000114179216,stable
5977,5977,0.999751,0.00933,0.008289999,-0.0010400005,0.0010400005,0.0013499487,0.00035150073,-0.000998448,stable
1866,1866,0.9997536,0.016889999,0.016649999,-0.00023999996,0.00023999996,0.011320612,0.010781312,-0.00053930003,stable
3029,3029,0.9997575,0.00841,0.00052999996,-0.00788,0.00788,0.00053306494,1.8341101e-05,-0.0005147238,stable
1487,1487,0.99976146,0.0146699995,0.01466,-9.9996105e-06,9.9996105e-06,0.0008344969,0.0011063098,0.0002718129,stable
5291,5291,0.9997628,0.013669999,0.00914,-0.0045299996,0.0045299996,0.00029585927,7.772664e-05,-0.00021813263,stable
5685,5685,0.9997637,0.01729,0.01709,-0.00019999966,0.00019999966,0.006681854,0.0057084826,-0.0009733713,stable
1354,1354,0.9997655,0.01705,0.01692,-0.0001299996,0.0001299996,0.009054834,0.00918385,0.00012901612,stable
954,954,0.9997717,0.01098,0.01275,0.00177,0.00177,0.00047374325,0.0007190109,0.00024526764,stable
5869,5869,0.99977183,0.016959999,0.01663,-0.00032999925,0.00032999925,0.0026380508,0.0024662865,-0.00017176429,stable
1930,1930,0.9997728,0.01016,0.00219,-0.00797,0.00797,0.000327637,3.0944324e-05,-0.00029669268,stable
5202,5202,0.99977577,0.008979999,0.01419,0.00521,0.00521,0.0011693839,0.0016637264,0.00049434253,stable
1692,1692,0.9997767,0.01704,0.016649999,-0.00039000064,0.00039000064,0.0053653577,0.0061962036,0.0008308459,stable
4590,4590,0.99977964,0.01728,0.01639,-0.0008899998,0.0008899998,0.0017019744,0.0010009933,-0.0007009811,stable
3743,3743,0.99978095,0.015179999,0.00924,-0.0059399996,0.0059399996,0.0021824383,0.0014217636,-0.0007606747,stable
1100,1100,0.99978286,0.01718,0.01704,-0.00014000013,0.00014000013,0.005776837,0.004970653,-0.000806184,stable
3567,3567,0.9997864,0.016649999,0.01651,-0.00013999827,0.00013999827,0.0068417783,0.006669325,-0.00017245347,stable
4836,4836,0.9997872,0.017409999,0.01707,-0.0003399998,0.0003399998,0.0060053864,0.006022685,1.7298851e-05,stable
5332,5332,0.9997897,0.01688,0.01698,9.999983e-05,9.999983e-05,0.0043479935,0.00613575,0.0017877566,stable
4638,4638,0.9997921,0.009339999,0.0089,-0.00043999963,0.00043999963,0.0013669799,0.0010554193,-0.00031156058,stable
3233,3233,0.99979657,0.01708,0.0168,-0.00028000027,0.00028000027,0.0026192379,0.0035604248,0.0009411869,stable
5220,5220,0.9997966,0.01653,0.01574,-0.00078999996,0.00078999996,0.00213868,0.0017334567,-0.00040522334,stable
5950,5950,0.9997976,0.01316,0.00954,-0.0036199996,0.0036199996,0.0009216288,0.00071045285,-0.00021117594,stable
4024,4024,0.9997997,0.017269999,0.01707,-0.00019999966,0.00019999966,0.0056212326,0.003692523,-0.0019287094,stable
1165,1165,0.9998021,0.01699,0.01671,-0.00028000027,0.00028000027,0.0028147711,0.00221725,-0.0005975212,stable
3795,3795,0.9998101,0.00852,0.01651,0.007990001,0.007990001,0.00023587277,0.0018431051,0.0016072323,stable
3536,3536,0.99982154,0.00923,0.00856,-0.00067,0.00067,0.00041636743,0.000149776,-0.00026659144,stable
1973,1973,0.99982667,0.0083,0.008289999,-1.0000542e-05,1.0000542e-05,0.0007899697,0.0008247369,3.4767203e-05,stable
3926,3926,0.999827,0.01676,0.01663,-0.0001299996,0.0001299996,0.0057008862,0.005012958,-0.0006879284,stable
2981,2981,0.9998281,0.0115,0.0097199995,-0.0017800005,0.0017800005,0.0009772797,0.0007527919,-0.00022448786,stable
4050,4050,0.99983966,0.0122,0.0105099995,-0.0016900003,0.0016900003,0.0014170022,0.0010838442,-0.00033315795,stable
4589,4589,0.9998437,0.016479999,0.015899999,-0.00057999976,0.00057999976,0.0029152504,0.003121657,0.0002064067,stable
